INFO    |movements.movement                          |Starting analytical delta_time optimization
INFO    |movements.movement                          |  Result:
INFO    |movements.movement                          |    delta_time: 0.0123 s
INFO    |movements.movement                          |    Steps per LCM period: 81
INFO    |movements.movement                          |Analytical optimization complete
INFO    |convergence                                 |Beginning convergence analysis
INFO    |convergence                                 |  Converging:
INFO    |convergence                                 |    cFX_W
INFO    |convergence                                 |    cFY_W
INFO    |convergence                                 |    cFZ_W
INFO    |convergence                                 |    cMX_W_Cg
INFO    |convergence                                 |    cMY_W_Cg
INFO    |convergence                                 |    cMZ_W_Cg
INFO    |convergence                                 |  Wake type: prescribed
INFO    |convergence                                 |    Cycles: 1
INFO    |convergence                                 |      Panel aspect ratio: 4
INFO    |convergence                                 |        Chordwise Panels: 3
INFO    |convergence                                 |          Iteration number: 1/96
INFO    |movements.movement                          |          Starting analytical delta_time optimization
INFO    |movements.movement                          |            Result:
INFO    |movements.movement                          |              delta_time: 0.0323 s
INFO    |movements.movement                          |              Steps per LCM period: 31
INFO    |movements.movement                          |          Analytical optimization complete
INFO    |movements.movement                          |          Starting delta_time optimization
INFO    |movements.movement                          |            Searching:
INFO    |movements.movement                          |              num_steps_per_lcm_cycle: 15 to 63
INFO    |movements.movement                          |            num_steps_per_lcm_cycle: 15
INFO    |movements.movement                          |              delta_time: 0.0667 s
INFO    |movements.movement                          |              Mismatch: 0.624
INFO    |movements.movement                          |            num_steps_per_lcm_cycle: 16
INFO    |movements.movement                          |              delta_time: 0.0625 s
INFO    |movements.movement                          |              Mismatch: 0.562
INFO    |movements.movement                          |            num_steps_per_lcm_cycle: 17
INFO    |movements.movement                          |              delta_time: 0.0588 s
INFO    |movements.movement                          |              Mismatch: 0.504
INFO    |movements.movement                          |            num_steps_per_lcm_cycle: 18
INFO    |movements.movement                          |              delta_time: 0.0556 s
INFO    |movements.movement                          |              Mismatch: 0.451
INFO    |movements.movement                          |            num_steps_per_lcm_cycle: 19
INFO    |movements.movement                          |              delta_time: 0.0526 s
INFO    |movements.movement                          |              Mismatch: 0.401
INFO    |movements.movement                          |            num_steps_per_lcm_cycle: 20
INFO    |movements.movement                          |              delta_time: 0.0500 s
INFO    |movements.movement                          |              Mismatch: 0.355
INFO    |movements.movement                          |            num_steps_per_lcm_cycle: 21
INFO    |movements.movement                          |              delta_time: 0.0476 s
INFO    |movements.movement                          |              Mismatch: 0.311
INFO    |movements.movement                          |            num_steps_per_lcm_cycle: 22
INFO    |movements.movement                          |              delta_time: 0.0455 s
INFO    |movements.movement                          |              Mismatch: 0.271
INFO    |movements.movement                          |            num_steps_per_lcm_cycle: 23
INFO    |movements.movement                          |              delta_time: 0.0435 s
INFO    |movements.movement                          |              Mismatch: 0.232
INFO    |movements.movement                          |            num_steps_per_lcm_cycle: 24
INFO    |movements.movement                          |              delta_time: 0.0417 s
INFO    |movements.movement                          |              Mismatch: 0.196
INFO    |movements.movement                          |            num_steps_per_lcm_cycle: 25
INFO    |movements.movement                          |              delta_time: 0.0400 s
INFO    |movements.movement                          |              Mismatch: 0.162
INFO    |movements.movement                          |            num_steps_per_lcm_cycle: 26
INFO    |movements.movement                          |              delta_time: 0.0385 s
INFO    |movements.movement                          |              Mismatch: 0.130
INFO    |movements.movement                          |            num_steps_per_lcm_cycle: 27
INFO    |movements.movement                          |              delta_time: 0.0370 s
INFO    |movements.movement                          |              Mismatch: 0.0995
INFO    |movements.movement                          |            num_steps_per_lcm_cycle: 28
INFO    |movements.movement                          |              delta_time: 0.0357 s
INFO    |movements.movement                          |              Mismatch: 0.0707
INFO    |movements.movement                          |            num_steps_per_lcm_cycle: 29
INFO    |movements.movement                          |              delta_time: 0.0345 s
INFO    |movements.movement                          |              Mismatch: 0.0433
INFO    |movements.movement                          |            num_steps_per_lcm_cycle: 30
INFO    |movements.movement                          |              delta_time: 0.0333 s
INFO    |movements.movement                          |              Mismatch: 0.0190
INFO    |movements.movement                          |            num_steps_per_lcm_cycle: 31
INFO    |movements.movement                          |              delta_time: 0.0323 s
INFO    |movements.movement                          |              Mismatch: 0.0228
INFO    |movements.movement                          |            num_steps_per_lcm_cycle: 32
INFO    |movements.movement                          |              delta_time: 0.0312 s
INFO    |movements.movement                          |              Mismatch: 0.0382
INFO    |movements.movement                          |            num_steps_per_lcm_cycle: 33
INFO    |movements.movement                          |              delta_time: 0.0303 s
INFO    |movements.movement                          |              Mismatch: 0.0554
INFO    |movements.movement                          |            num_steps_per_lcm_cycle: 34
INFO    |movements.movement                          |              delta_time: 0.0294 s
INFO    |movements.movement                          |              Mismatch: 0.0750
INFO    |movements.movement                          |            num_steps_per_lcm_cycle: 35
INFO    |movements.movement                          |              delta_time: 0.0286 s
INFO    |movements.movement                          |              Mismatch: 0.0955
INFO    |movements.movement                          |            num_steps_per_lcm_cycle: 36
INFO    |movements.movement                          |              delta_time: 0.0278 s
INFO    |movements.movement                          |              Mismatch: 0.115
INFO    |movements.movement                          |            num_steps_per_lcm_cycle: 37
INFO    |movements.movement                          |              delta_time: 0.0270 s
INFO    |movements.movement                          |              Mismatch: 0.134
INFO    |movements.movement                          |            num_steps_per_lcm_cycle: 38
INFO    |movements.movement                          |              delta_time: 0.0263 s
INFO    |movements.movement                          |              Mismatch: 0.152
INFO    |movements.movement                          |            num_steps_per_lcm_cycle: 39
INFO    |movements.movement                          |              delta_time: 0.0256 s
INFO    |movements.movement                          |              Mismatch: 0.169
INFO    |movements.movement                          |            num_steps_per_lcm_cycle: 40
INFO    |movements.movement                          |              delta_time: 0.0250 s
INFO    |movements.movement                          |              Mismatch: 0.186
INFO    |movements.movement                          |            num_steps_per_lcm_cycle: 41
INFO    |movements.movement                          |              delta_time: 0.0244 s
INFO    |movements.movement                          |              Mismatch: 0.202
INFO    |movements.movement                          |            num_steps_per_lcm_cycle: 42
INFO    |movements.movement                          |              delta_time: 0.0238 s
INFO    |movements.movement                          |              Mismatch: 0.217
INFO    |movements.movement                          |            num_steps_per_lcm_cycle: 43
INFO    |movements.movement                          |              delta_time: 0.0233 s
INFO    |movements.movement                          |              Mismatch: 0.232
INFO    |movements.movement                          |            num_steps_per_lcm_cycle: 44
INFO    |movements.movement                          |              delta_time: 0.0227 s
INFO    |movements.movement                          |              Mismatch: 0.246
INFO    |movements.movement                          |            num_steps_per_lcm_cycle: 45
INFO    |movements.movement                          |              delta_time: 0.0222 s
INFO    |movements.movement                          |              Mismatch: 0.260
INFO    |movements.movement                          |            num_steps_per_lcm_cycle: 46
INFO    |movements.movement                          |              delta_time: 0.0217 s
INFO    |movements.movement                          |              Mismatch: 0.273
INFO    |movements.movement                          |            num_steps_per_lcm_cycle: 47
INFO    |movements.movement                          |              delta_time: 0.0213 s
INFO    |movements.movement                          |              Mismatch: 0.286
INFO    |movements.movement                          |            num_steps_per_lcm_cycle: 48
INFO    |movements.movement                          |              delta_time: 0.0208 s
INFO    |movements.movement                          |              Mismatch: 0.298
INFO    |movements.movement                          |            num_steps_per_lcm_cycle: 49
INFO    |movements.movement                          |              delta_time: 0.0204 s
INFO    |movements.movement                          |              Mismatch: 0.310
INFO    |movements.movement                          |            num_steps_per_lcm_cycle: 50
INFO    |movements.movement                          |              delta_time: 0.0200 s
INFO    |movements.movement                          |              Mismatch: 0.321
INFO    |movements.movement                          |            num_steps_per_lcm_cycle: 51
INFO    |movements.movement                          |              delta_time: 0.0196 s
INFO    |movements.movement                          |              Mismatch: 0.333
INFO    |movements.movement                          |            num_steps_per_lcm_cycle: 52
INFO    |movements.movement                          |              delta_time: 0.0192 s
INFO    |movements.movement                          |              Mismatch: 0.343
INFO    |movements.movement                          |            num_steps_per_lcm_cycle: 53
INFO    |movements.movement                          |              delta_time: 0.0189 s
INFO    |movements.movement                          |              Mismatch: 0.354
INFO    |movements.movement                          |            num_steps_per_lcm_cycle: 54
INFO    |movements.movement                          |              delta_time: 0.0185 s
INFO    |movements.movement                          |              Mismatch: 0.364
INFO    |movements.movement                          |            num_steps_per_lcm_cycle: 55
INFO    |movements.movement                          |              delta_time: 0.0182 s
INFO    |movements.movement                          |              Mismatch: 0.374
INFO    |movements.movement                          |            num_steps_per_lcm_cycle: 56
INFO    |movements.movement                          |              delta_time: 0.0179 s
INFO    |movements.movement                          |              Mismatch: 0.383
INFO    |movements.movement                          |            num_steps_per_lcm_cycle: 57
INFO    |movements.movement                          |              delta_time: 0.0175 s
INFO    |movements.movement                          |              Mismatch: 0.392
INFO    |movements.movement                          |            num_steps_per_lcm_cycle: 58
INFO    |movements.movement                          |              delta_time: 0.0172 s
INFO    |movements.movement                          |              Mismatch: 0.401
INFO    |movements.movement                          |            num_steps_per_lcm_cycle: 59
INFO    |movements.movement                          |              delta_time: 0.0169 s
INFO    |movements.movement                          |              Mismatch: 0.410
INFO    |movements.movement                          |            num_steps_per_lcm_cycle: 60
INFO    |movements.movement                          |              delta_time: 0.0167 s
INFO    |movements.movement                          |              Mismatch: 0.418
INFO    |movements.movement                          |            num_steps_per_lcm_cycle: 61
INFO    |movements.movement                          |              delta_time: 0.0164 s
INFO    |movements.movement                          |              Mismatch: 0.427
INFO    |movements.movement                          |            num_steps_per_lcm_cycle: 62
INFO    |movements.movement                          |              delta_time: 0.0161 s
INFO    |movements.movement                          |              Mismatch: 0.435
INFO    |movements.movement                          |            num_steps_per_lcm_cycle: 63
INFO    |movements.movement                          |              delta_time: 0.0159 s
INFO    |movements.movement                          |              Mismatch: 0.442
INFO    |movements.movement                          |          Best:
INFO    |movements.movement                          |            num_steps_per_lcm_cycle: 30
INFO    |movements.movement                          |            delta_time: 0.0333 s
INFO    |movements.movement                          |            Mismatch: 0.0190
INFO    |movements.movement                          |          Optimization complete
INFO    |convergence                                 |          Starting simulation
INFO    |unsteady_ring_vortex_lattice_method         |            Unsteady ring vortex lattice method solver completed in 0.0439 s
INFO    |convergence                                 |          Simulation completed in 0.0441 s
INFO    |convergence                                 |          Wake type convergence: not checked
INFO    |convergence                                 |          Wake length convergence: not checked
INFO    |convergence                                 |          Panel aspect ratio convergence: not checked
INFO    |convergence                                 |          Number of chordwise Panels convergence: not checked
INFO    |convergence                                 |        Chordwise Panels: 4
INFO    |convergence                                 |          Iteration number: 2/96
INFO    |movements.movement                          |          Starting analytical delta_time optimization
INFO    |movements.movement                          |            Result:
INFO    |movements.movement                          |              delta_time: 0.0244 s
INFO    |movements.movement                          |              Steps per LCM period: 41
INFO    |movements.movement                          |          Analytical optimization complete
INFO    |movements.movement                          |          Starting delta_time optimization
INFO    |movements.movement                          |            Searching:
INFO    |movements.movement                          |              num_steps_per_lcm_cycle: 20 to 83
INFO    |movements.movement                          |            num_steps_per_lcm_cycle: 20
INFO    |movements.movement                          |              delta_time: 0.0500 s
INFO    |movements.movement                          |              Mismatch: 0.626
INFO    |movements.movement                          |            num_steps_per_lcm_cycle: 21
INFO    |movements.movement                          |              delta_time: 0.0476 s
INFO    |movements.movement                          |              Mismatch: 0.579
INFO    |movements.movement                          |            num_steps_per_lcm_cycle: 22
INFO    |movements.movement                          |              delta_time: 0.0455 s
INFO    |movements.movement                          |              Mismatch: 0.534
INFO    |movements.movement                          |            num_steps_per_lcm_cycle: 23
INFO    |movements.movement                          |              delta_time: 0.0435 s
INFO    |movements.movement                          |              Mismatch: 0.492
INFO    |movements.movement                          |            num_steps_per_lcm_cycle: 24
INFO    |movements.movement                          |              delta_time: 0.0417 s
INFO    |movements.movement                          |              Mismatch: 0.453
INFO    |movements.movement                          |            num_steps_per_lcm_cycle: 25
INFO    |movements.movement                          |              delta_time: 0.0400 s
INFO    |movements.movement                          |              Mismatch: 0.415
INFO    |movements.movement                          |            num_steps_per_lcm_cycle: 26
INFO    |movements.movement                          |              delta_time: 0.0385 s
INFO    |movements.movement                          |              Mismatch: 0.379
INFO    |movements.movement                          |            num_steps_per_lcm_cycle: 27
INFO    |movements.movement                          |              delta_time: 0.0370 s
INFO    |movements.movement                          |              Mismatch: 0.345
INFO    |movements.movement                          |            num_steps_per_lcm_cycle: 28
INFO    |movements.movement                          |              delta_time: 0.0357 s
INFO    |movements.movement                          |              Mismatch: 0.313
INFO    |movements.movement                          |            num_steps_per_lcm_cycle: 29
INFO    |movements.movement                          |              delta_time: 0.0345 s
INFO    |movements.movement                          |              Mismatch: 0.282
INFO    |movements.movement                          |            num_steps_per_lcm_cycle: 30
INFO    |movements.movement                          |              delta_time: 0.0333 s
INFO    |movements.movement                          |              Mismatch: 0.252
INFO    |movements.movement                          |            num_steps_per_lcm_cycle: 31
INFO    |movements.movement                          |              delta_time: 0.0323 s
INFO    |movements.movement                          |              Mismatch: 0.224
INFO    |movements.movement                          |            num_steps_per_lcm_cycle: 32
INFO    |movements.movement                          |              delta_time: 0.0312 s
INFO    |movements.movement                          |              Mismatch: 0.197
INFO    |movements.movement                          |            num_steps_per_lcm_cycle: 33
INFO    |movements.movement                          |              delta_time: 0.0303 s
INFO    |movements.movement                          |              Mismatch: 0.172
INFO    |movements.movement                          |            num_steps_per_lcm_cycle: 34
INFO    |movements.movement                          |              delta_time: 0.0294 s
INFO    |movements.movement                          |              Mismatch: 0.147
INFO    |movements.movement                          |            num_steps_per_lcm_cycle: 35
INFO    |movements.movement                          |              delta_time: 0.0286 s
INFO    |movements.movement                          |              Mismatch: 0.123
INFO    |movements.movement                          |            num_steps_per_lcm_cycle: 36
INFO    |movements.movement                          |              delta_time: 0.0278 s
INFO    |movements.movement                          |              Mismatch: 0.101
INFO    |movements.movement                          |            num_steps_per_lcm_cycle: 37
INFO    |movements.movement                          |              delta_time: 0.0270 s
INFO    |movements.movement                          |              Mismatch: 0.0788
INFO    |movements.movement                          |            num_steps_per_lcm_cycle: 38
INFO    |movements.movement                          |              delta_time: 0.0263 s
INFO    |movements.movement                          |              Mismatch: 0.0578
INFO    |movements.movement                          |            num_steps_per_lcm_cycle: 39
INFO    |movements.movement                          |              delta_time: 0.0256 s
INFO    |movements.movement                          |              Mismatch: 0.0376
INFO    |movements.movement                          |            num_steps_per_lcm_cycle: 40
INFO    |movements.movement                          |              delta_time: 0.0250 s
INFO    |movements.movement                          |              Mismatch: 0.0196
INFO    |movements.movement                          |            num_steps_per_lcm_cycle: 41
INFO    |movements.movement                          |              delta_time: 0.0244 s
INFO    |movements.movement                          |              Mismatch: 0.0211
INFO    |movements.movement                          |            num_steps_per_lcm_cycle: 42
INFO    |movements.movement                          |              delta_time: 0.0238 s
INFO    |movements.movement                          |              Mismatch: 0.0297
INFO    |movements.movement                          |            num_steps_per_lcm_cycle: 43
INFO    |movements.movement                          |              delta_time: 0.0233 s
INFO    |movements.movement                          |              Mismatch: 0.0422
INFO    |movements.movement                          |            num_steps_per_lcm_cycle: 44
INFO    |movements.movement                          |              delta_time: 0.0227 s
INFO    |movements.movement                          |              Mismatch: 0.0559
INFO    |movements.movement                          |            num_steps_per_lcm_cycle: 45
INFO    |movements.movement                          |              delta_time: 0.0222 s
INFO    |movements.movement                          |              Mismatch: 0.0700
INFO    |movements.movement                          |            num_steps_per_lcm_cycle: 46
INFO    |movements.movement                          |              delta_time: 0.0217 s
INFO    |movements.movement                          |              Mismatch: 0.0846
INFO    |movements.movement                          |            num_steps_per_lcm_cycle: 47
INFO    |movements.movement                          |              delta_time: 0.0213 s
INFO    |movements.movement                          |              Mismatch: 0.0998
INFO    |movements.movement                          |            num_steps_per_lcm_cycle: 48
INFO    |movements.movement                          |              delta_time: 0.0208 s
INFO    |movements.movement                          |              Mismatch: 0.114
INFO    |movements.movement                          |            num_steps_per_lcm_cycle: 49
INFO    |movements.movement                          |              delta_time: 0.0204 s
INFO    |movements.movement                          |              Mismatch: 0.129
INFO    |movements.movement                          |            num_steps_per_lcm_cycle: 50
INFO    |movements.movement                          |              delta_time: 0.0200 s
INFO    |movements.movement                          |              Mismatch: 0.142
INFO    |movements.movement                          |            num_steps_per_lcm_cycle: 51
INFO    |movements.movement                          |              delta_time: 0.0196 s
INFO    |movements.movement                          |              Mismatch: 0.156
INFO    |movements.movement                          |            num_steps_per_lcm_cycle: 52
INFO    |movements.movement                          |              delta_time: 0.0192 s
INFO    |movements.movement                          |              Mismatch: 0.169
INFO    |movements.movement                          |            num_steps_per_lcm_cycle: 53
INFO    |movements.movement                          |              delta_time: 0.0189 s
INFO    |movements.movement                          |              Mismatch: 0.181
INFO    |movements.movement                          |            num_steps_per_lcm_cycle: 54
INFO    |movements.movement                          |              delta_time: 0.0185 s
INFO    |movements.movement                          |              Mismatch: 0.193
INFO    |movements.movement                          |            num_steps_per_lcm_cycle: 55
INFO    |movements.movement                          |              delta_time: 0.0182 s
INFO    |movements.movement                          |              Mismatch: 0.205
INFO    |movements.movement                          |            num_steps_per_lcm_cycle: 56
INFO    |movements.movement                          |              delta_time: 0.0179 s
INFO    |movements.movement                          |              Mismatch: 0.217
INFO    |movements.movement                          |            num_steps_per_lcm_cycle: 57
INFO    |movements.movement                          |              delta_time: 0.0175 s
INFO    |movements.movement                          |              Mismatch: 0.228
INFO    |movements.movement                          |            num_steps_per_lcm_cycle: 58
INFO    |movements.movement                          |              delta_time: 0.0172 s
INFO    |movements.movement                          |              Mismatch: 0.238
INFO    |movements.movement                          |            num_steps_per_lcm_cycle: 59
INFO    |movements.movement                          |              delta_time: 0.0169 s
INFO    |movements.movement                          |              Mismatch: 0.249
INFO    |movements.movement                          |            num_steps_per_lcm_cycle: 60
INFO    |movements.movement                          |              delta_time: 0.0167 s
INFO    |movements.movement                          |              Mismatch: 0.259
INFO    |movements.movement                          |            num_steps_per_lcm_cycle: 61
INFO    |movements.movement                          |              delta_time: 0.0164 s
INFO    |movements.movement                          |              Mismatch: 0.269
INFO    |movements.movement                          |            num_steps_per_lcm_cycle: 62
INFO    |movements.movement                          |              delta_time: 0.0161 s
INFO    |movements.movement                          |              Mismatch: 0.279
INFO    |movements.movement                          |            num_steps_per_lcm_cycle: 63
INFO    |movements.movement                          |              delta_time: 0.0159 s
INFO    |movements.movement                          |              Mismatch: 0.288
INFO    |movements.movement                          |            num_steps_per_lcm_cycle: 64
INFO    |movements.movement                          |              delta_time: 0.0156 s
INFO    |movements.movement                          |              Mismatch: 0.298
INFO    |movements.movement                          |            num_steps_per_lcm_cycle: 65
INFO    |movements.movement                          |              delta_time: 0.0154 s
INFO    |movements.movement                          |              Mismatch: 0.306
INFO    |movements.movement                          |            num_steps_per_lcm_cycle: 66
INFO    |movements.movement                          |              delta_time: 0.0152 s
INFO    |movements.movement                          |              Mismatch: 0.315
INFO    |movements.movement                          |            num_steps_per_lcm_cycle: 67
INFO    |movements.movement                          |              delta_time: 0.0149 s
INFO    |movements.movement                          |              Mismatch: 0.324
INFO    |movements.movement                          |            num_steps_per_lcm_cycle: 68
INFO    |movements.movement                          |              delta_time: 0.0147 s
INFO    |movements.movement                          |              Mismatch: 0.332
INFO    |movements.movement                          |            num_steps_per_lcm_cycle: 69
INFO    |movements.movement                          |              delta_time: 0.0145 s
INFO    |movements.movement                          |              Mismatch: 0.340
INFO    |movements.movement                          |            num_steps_per_lcm_cycle: 70
INFO    |movements.movement                          |              delta_time: 0.0143 s
INFO    |movements.movement                          |              Mismatch: 0.348
INFO    |movements.movement                          |            num_steps_per_lcm_cycle: 71
INFO    |movements.movement                          |              delta_time: 0.0141 s
INFO    |movements.movement                          |              Mismatch: 0.356
INFO    |movements.movement                          |            num_steps_per_lcm_cycle: 72
INFO    |movements.movement                          |              delta_time: 0.0139 s
INFO    |movements.movement                          |              Mismatch: 0.363
INFO    |movements.movement                          |            num_steps_per_lcm_cycle: 73
INFO    |movements.movement                          |              delta_time: 0.0137 s
INFO    |movements.movement                          |              Mismatch: 0.371
INFO    |movements.movement                          |            num_steps_per_lcm_cycle: 74
INFO    |movements.movement                          |              delta_time: 0.0135 s
INFO    |movements.movement                          |              Mismatch: 0.378
INFO    |movements.movement                          |            num_steps_per_lcm_cycle: 75
INFO    |movements.movement                          |              delta_time: 0.0133 s
INFO    |movements.movement                          |              Mismatch: 0.385
INFO    |movements.movement                          |            num_steps_per_lcm_cycle: 76
INFO    |movements.movement                          |              delta_time: 0.0132 s
INFO    |movements.movement                          |              Mismatch: 0.392
INFO    |movements.movement                          |            num_steps_per_lcm_cycle: 77
INFO    |movements.movement                          |              delta_time: 0.0130 s
INFO    |movements.movement                          |              Mismatch: 0.399
INFO    |movements.movement                          |            num_steps_per_lcm_cycle: 78
INFO    |movements.movement                          |              delta_time: 0.0128 s
INFO    |movements.movement                          |              Mismatch: 0.405
INFO    |movements.movement                          |            num_steps_per_lcm_cycle: 79
INFO    |movements.movement                          |              delta_time: 0.0127 s
INFO    |movements.movement                          |              Mismatch: 0.412
INFO    |movements.movement                          |            num_steps_per_lcm_cycle: 80
INFO    |movements.movement                          |              delta_time: 0.0125 s
INFO    |movements.movement                          |              Mismatch: 0.418
INFO    |movements.movement                          |            num_steps_per_lcm_cycle: 81
INFO    |movements.movement                          |              delta_time: 0.0123 s
INFO    |movements.movement                          |              Mismatch: 0.424
INFO    |movements.movement                          |            num_steps_per_lcm_cycle: 82
INFO    |movements.movement                          |              delta_time: 0.0122 s
INFO    |movements.movement                          |              Mismatch: 0.430
INFO    |movements.movement                          |            num_steps_per_lcm_cycle: 83
INFO    |movements.movement                          |              delta_time: 0.0120 s
INFO    |movements.movement                          |              Mismatch: 0.436
INFO    |movements.movement                          |          Best:
INFO    |movements.movement                          |            num_steps_per_lcm_cycle: 40
INFO    |movements.movement                          |            delta_time: 0.0250 s
INFO    |movements.movement                          |            Mismatch: 0.0196
INFO    |movements.movement                          |          Optimization complete
INFO    |convergence                                 |          Starting simulation
INFO    |unsteady_ring_vortex_lattice_method         |            Unsteady ring vortex lattice method solver completed in 0.0699 s
INFO    |convergence                                 |          Simulation completed in 0.0702 s
INFO    |convergence                                 |          Wake type convergence: not checked
INFO    |convergence                                 |          Wake length convergence: not checked
INFO    |convergence                                 |          Panel aspect ratio convergence: not checked
INFO    |convergence                                 |          Number of chordwise Panels convergence:
INFO    |convergence                                 |            cFX_W: 100.0%
INFO    |convergence                                 |            cFY_W: 100.0%
INFO    |convergence                                 |            cFZ_W: 40.66%
INFO    |convergence                                 |            cMX_W_Cg: 100.0%
INFO    |convergence                                 |            cMY_W_Cg: 56.95%
INFO    |convergence                                 |            cMZ_W_Cg: 100.0%
INFO    |convergence                                 |        Chordwise Panels: 5
INFO    |convergence                                 |          Iteration number: 3/96
INFO    |movements.movement                          |          Starting analytical delta_time optimization
INFO    |movements.movement                          |            Result:
INFO    |movements.movement                          |              delta_time: 0.0196 s
INFO    |movements.movement                          |              Steps per LCM period: 51
INFO    |movements.movement                          |          Analytical optimization complete
INFO    |movements.movement                          |          Starting delta_time optimization
INFO    |movements.movement                          |            Searching:
INFO    |movements.movement                          |              num_steps_per_lcm_cycle: 25 to 103
INFO    |movements.movement                          |            num_steps_per_lcm_cycle: 25
INFO    |movements.movement                          |              delta_time: 0.0400 s
INFO    |movements.movement                          |              Mismatch: 0.627
INFO    |movements.movement                          |            num_steps_per_lcm_cycle: 26
INFO    |movements.movement                          |              delta_time: 0.0385 s
INFO    |movements.movement                          |              Mismatch: 0.589
INFO    |movements.movement                          |            num_steps_per_lcm_cycle: 27
INFO    |movements.movement                          |              delta_time: 0.0370 s
INFO    |movements.movement                          |              Mismatch: 0.553
INFO    |movements.movement                          |            num_steps_per_lcm_cycle: 28
INFO    |movements.movement                          |              delta_time: 0.0357 s
INFO    |movements.movement                          |              Mismatch: 0.518
INFO    |movements.movement                          |            num_steps_per_lcm_cycle: 29
INFO    |movements.movement                          |              delta_time: 0.0345 s
INFO    |movements.movement                          |              Mismatch: 0.485
INFO    |movements.movement                          |            num_steps_per_lcm_cycle: 30
INFO    |movements.movement                          |              delta_time: 0.0333 s
INFO    |movements.movement                          |              Mismatch: 0.454
INFO    |movements.movement                          |            num_steps_per_lcm_cycle: 31
INFO    |movements.movement                          |              delta_time: 0.0323 s
INFO    |movements.movement                          |              Mismatch: 0.423
INFO    |movements.movement                          |            num_steps_per_lcm_cycle: 32
INFO    |movements.movement                          |              delta_time: 0.0312 s
INFO    |movements.movement                          |              Mismatch: 0.394
INFO    |movements.movement                          |            num_steps_per_lcm_cycle: 33
INFO    |movements.movement                          |              delta_time: 0.0303 s
INFO    |movements.movement                          |              Mismatch: 0.366
INFO    |movements.movement                          |            num_steps_per_lcm_cycle: 34
INFO    |movements.movement                          |              delta_time: 0.0294 s
INFO    |movements.movement                          |              Mismatch: 0.339
INFO    |movements.movement                          |            num_steps_per_lcm_cycle: 35
INFO    |movements.movement                          |              delta_time: 0.0286 s
INFO    |movements.movement                          |              Mismatch: 0.313
INFO    |movements.movement                          |            num_steps_per_lcm_cycle: 36
INFO    |movements.movement                          |              delta_time: 0.0278 s
INFO    |movements.movement                          |              Mismatch: 0.289
INFO    |movements.movement                          |            num_steps_per_lcm_cycle: 37
INFO    |movements.movement                          |              delta_time: 0.0270 s
INFO    |movements.movement                          |              Mismatch: 0.265
INFO    |movements.movement                          |            num_steps_per_lcm_cycle: 38
INFO    |movements.movement                          |              delta_time: 0.0263 s
INFO    |movements.movement                          |              Mismatch: 0.242
INFO    |movements.movement                          |            num_steps_per_lcm_cycle: 39
INFO    |movements.movement                          |              delta_time: 0.0256 s
INFO    |movements.movement                          |              Mismatch: 0.219
INFO    |movements.movement                          |            num_steps_per_lcm_cycle: 40
INFO    |movements.movement                          |              delta_time: 0.0250 s
INFO    |movements.movement                          |              Mismatch: 0.198
INFO    |movements.movement                          |            num_steps_per_lcm_cycle: 41
INFO    |movements.movement                          |              delta_time: 0.0244 s
INFO    |movements.movement                          |              Mismatch: 0.177
INFO    |movements.movement                          |            num_steps_per_lcm_cycle: 42
INFO    |movements.movement                          |              delta_time: 0.0238 s
INFO    |movements.movement                          |              Mismatch: 0.157
INFO    |movements.movement                          |            num_steps_per_lcm_cycle: 43
INFO    |movements.movement                          |              delta_time: 0.0233 s
INFO    |movements.movement                          |              Mismatch: 0.138
INFO    |movements.movement                          |            num_steps_per_lcm_cycle: 44
INFO    |movements.movement                          |              delta_time: 0.0227 s
INFO    |movements.movement                          |              Mismatch: 0.119
INFO    |movements.movement                          |            num_steps_per_lcm_cycle: 45
INFO    |movements.movement                          |              delta_time: 0.0222 s
INFO    |movements.movement                          |              Mismatch: 0.101
INFO    |movements.movement                          |            num_steps_per_lcm_cycle: 46
INFO    |movements.movement                          |              delta_time: 0.0217 s
INFO    |movements.movement                          |              Mismatch: 0.0835
INFO    |movements.movement                          |            num_steps_per_lcm_cycle: 47
INFO    |movements.movement                          |              delta_time: 0.0213 s
INFO    |movements.movement                          |              Mismatch: 0.0665
INFO    |movements.movement                          |            num_steps_per_lcm_cycle: 48
INFO    |movements.movement                          |              delta_time: 0.0208 s
INFO    |movements.movement                          |              Mismatch: 0.0501
INFO    |movements.movement                          |            num_steps_per_lcm_cycle: 49
INFO    |movements.movement                          |              delta_time: 0.0204 s
INFO    |movements.movement                          |              Mismatch: 0.0341
INFO    |movements.movement                          |            num_steps_per_lcm_cycle: 50
INFO    |movements.movement                          |              delta_time: 0.0200 s
INFO    |movements.movement                          |              Mismatch: 0.0199
INFO    |movements.movement                          |            num_steps_per_lcm_cycle: 51
INFO    |movements.movement                          |              delta_time: 0.0196 s
INFO    |movements.movement                          |              Mismatch: 0.0200
INFO    |movements.movement                          |            num_steps_per_lcm_cycle: 52
INFO    |movements.movement                          |              delta_time: 0.0192 s
INFO    |movements.movement                          |              Mismatch: 0.0258
INFO    |movements.movement                          |            num_steps_per_lcm_cycle: 53
INFO    |movements.movement                          |              delta_time: 0.0189 s
INFO    |movements.movement                          |              Mismatch: 0.0345
INFO    |movements.movement                          |            num_steps_per_lcm_cycle: 54
INFO    |movements.movement                          |              delta_time: 0.0185 s
INFO    |movements.movement                          |              Mismatch: 0.0447
INFO    |movements.movement                          |            num_steps_per_lcm_cycle: 55
INFO    |movements.movement                          |              delta_time: 0.0182 s
INFO    |movements.movement                          |              Mismatch: 0.0556
INFO    |movements.movement                          |            num_steps_per_lcm_cycle: 56
INFO    |movements.movement                          |              delta_time: 0.0179 s
INFO    |movements.movement                          |              Mismatch: 0.0671
INFO    |movements.movement                          |            num_steps_per_lcm_cycle: 57
INFO    |movements.movement                          |              delta_time: 0.0175 s
INFO    |movements.movement                          |              Mismatch: 0.0787
INFO    |movements.movement                          |            num_steps_per_lcm_cycle: 58
INFO    |movements.movement                          |              delta_time: 0.0172 s
INFO    |movements.movement                          |              Mismatch: 0.0904
INFO    |movements.movement                          |            num_steps_per_lcm_cycle: 59
INFO    |movements.movement                          |              delta_time: 0.0169 s
INFO    |movements.movement                          |              Mismatch: 0.102
INFO    |movements.movement                          |            num_steps_per_lcm_cycle: 60
INFO    |movements.movement                          |              delta_time: 0.0167 s
INFO    |movements.movement                          |              Mismatch: 0.114
INFO    |movements.movement                          |            num_steps_per_lcm_cycle: 61
INFO    |movements.movement                          |              delta_time: 0.0164 s
INFO    |movements.movement                          |              Mismatch: 0.125
INFO    |movements.movement                          |            num_steps_per_lcm_cycle: 62
INFO    |movements.movement                          |              delta_time: 0.0161 s
INFO    |movements.movement                          |              Mismatch: 0.137
INFO    |movements.movement                          |            num_steps_per_lcm_cycle: 63
INFO    |movements.movement                          |              delta_time: 0.0159 s
INFO    |movements.movement                          |              Mismatch: 0.147
INFO    |movements.movement                          |            num_steps_per_lcm_cycle: 64
INFO    |movements.movement                          |              delta_time: 0.0156 s
INFO    |movements.movement                          |              Mismatch: 0.158
INFO    |movements.movement                          |            num_steps_per_lcm_cycle: 65
INFO    |movements.movement                          |              delta_time: 0.0154 s
INFO    |movements.movement                          |              Mismatch: 0.168
INFO    |movements.movement                          |            num_steps_per_lcm_cycle: 66
INFO    |movements.movement                          |              delta_time: 0.0152 s
INFO    |movements.movement                          |              Mismatch: 0.178
INFO    |movements.movement                          |            num_steps_per_lcm_cycle: 67
INFO    |movements.movement                          |              delta_time: 0.0149 s
INFO    |movements.movement                          |              Mismatch: 0.188
INFO    |movements.movement                          |            num_steps_per_lcm_cycle: 68
INFO    |movements.movement                          |              delta_time: 0.0147 s
INFO    |movements.movement                          |              Mismatch: 0.198
INFO    |movements.movement                          |            num_steps_per_lcm_cycle: 69
INFO    |movements.movement                          |              delta_time: 0.0145 s
INFO    |movements.movement                          |              Mismatch: 0.207
INFO    |movements.movement                          |            num_steps_per_lcm_cycle: 70
INFO    |movements.movement                          |              delta_time: 0.0143 s
INFO    |movements.movement                          |              Mismatch: 0.216
INFO    |movements.movement                          |            num_steps_per_lcm_cycle: 71
INFO    |movements.movement                          |              delta_time: 0.0141 s
INFO    |movements.movement                          |              Mismatch: 0.225
INFO    |movements.movement                          |            num_steps_per_lcm_cycle: 72
INFO    |movements.movement                          |              delta_time: 0.0139 s
INFO    |movements.movement                          |              Mismatch: 0.234
INFO    |movements.movement                          |            num_steps_per_lcm_cycle: 73
INFO    |movements.movement                          |              delta_time: 0.0137 s
INFO    |movements.movement                          |              Mismatch: 0.242
INFO    |movements.movement                          |            num_steps_per_lcm_cycle: 74
INFO    |movements.movement                          |              delta_time: 0.0135 s
INFO    |movements.movement                          |              Mismatch: 0.251
INFO    |movements.movement                          |            num_steps_per_lcm_cycle: 75
INFO    |movements.movement                          |              delta_time: 0.0133 s
INFO    |movements.movement                          |              Mismatch: 0.259
INFO    |movements.movement                          |            num_steps_per_lcm_cycle: 76
INFO    |movements.movement                          |              delta_time: 0.0132 s
INFO    |movements.movement                          |              Mismatch: 0.267
INFO    |movements.movement                          |            num_steps_per_lcm_cycle: 77
INFO    |movements.movement                          |              delta_time: 0.0130 s
INFO    |movements.movement                          |              Mismatch: 0.275
INFO    |movements.movement                          |            num_steps_per_lcm_cycle: 78
INFO    |movements.movement                          |              delta_time: 0.0128 s
INFO    |movements.movement                          |              Mismatch: 0.282
INFO    |movements.movement                          |            num_steps_per_lcm_cycle: 79
INFO    |movements.movement                          |              delta_time: 0.0127 s
INFO    |movements.movement                          |              Mismatch: 0.290
INFO    |movements.movement                          |            num_steps_per_lcm_cycle: 80
INFO    |movements.movement                          |              delta_time: 0.0125 s
INFO    |movements.movement                          |              Mismatch: 0.297
INFO    |movements.movement                          |            num_steps_per_lcm_cycle: 81
INFO    |movements.movement                          |              delta_time: 0.0123 s
INFO    |movements.movement                          |              Mismatch: 0.304
INFO    |movements.movement                          |            num_steps_per_lcm_cycle: 82
INFO    |movements.movement                          |              delta_time: 0.0122 s
INFO    |movements.movement                          |              Mismatch: 0.312
INFO    |movements.movement                          |            num_steps_per_lcm_cycle: 83
INFO    |movements.movement                          |              delta_time: 0.0120 s
INFO    |movements.movement                          |              Mismatch: 0.318
INFO    |movements.movement                          |            num_steps_per_lcm_cycle: 84
INFO    |movements.movement                          |              delta_time: 0.0119 s
INFO    |movements.movement                          |              Mismatch: 0.325
INFO    |movements.movement                          |            num_steps_per_lcm_cycle: 85
INFO    |movements.movement                          |              delta_time: 0.0118 s
INFO    |movements.movement                          |              Mismatch: 0.332
INFO    |movements.movement                          |            num_steps_per_lcm_cycle: 86
INFO    |movements.movement                          |              delta_time: 0.0116 s
INFO    |movements.movement                          |              Mismatch: 0.338
INFO    |movements.movement                          |            num_steps_per_lcm_cycle: 87
INFO    |movements.movement                          |              delta_time: 0.0115 s
INFO    |movements.movement                          |              Mismatch: 0.345
INFO    |movements.movement                          |            num_steps_per_lcm_cycle: 88
INFO    |movements.movement                          |              delta_time: 0.0114 s
INFO    |movements.movement                          |              Mismatch: 0.351
INFO    |movements.movement                          |            num_steps_per_lcm_cycle: 89
INFO    |movements.movement                          |              delta_time: 0.0112 s
INFO    |movements.movement                          |              Mismatch: 0.357
INFO    |movements.movement                          |            num_steps_per_lcm_cycle: 90
INFO    |movements.movement                          |              delta_time: 0.0111 s
INFO    |movements.movement                          |              Mismatch: 0.363
INFO    |movements.movement                          |            num_steps_per_lcm_cycle: 91
INFO    |movements.movement                          |              delta_time: 0.0110 s
INFO    |movements.movement                          |              Mismatch: 0.369
INFO    |movements.movement                          |            num_steps_per_lcm_cycle: 92
INFO    |movements.movement                          |              delta_time: 0.0109 s
INFO    |movements.movement                          |              Mismatch: 0.375
INFO    |movements.movement                          |            num_steps_per_lcm_cycle: 93
INFO    |movements.movement                          |              delta_time: 0.0108 s
INFO    |movements.movement                          |              Mismatch: 0.381
INFO    |movements.movement                          |            num_steps_per_lcm_cycle: 94
INFO    |movements.movement                          |              delta_time: 0.0106 s
INFO    |movements.movement                          |              Mismatch: 0.386
INFO    |movements.movement                          |            num_steps_per_lcm_cycle: 95
INFO    |movements.movement                          |              delta_time: 0.0105 s
INFO    |movements.movement                          |              Mismatch: 0.392
INFO    |movements.movement                          |            num_steps_per_lcm_cycle: 96
INFO    |movements.movement                          |              delta_time: 0.0104 s
INFO    |movements.movement                          |              Mismatch: 0.397
INFO    |movements.movement                          |            num_steps_per_lcm_cycle: 97
INFO    |movements.movement                          |              delta_time: 0.0103 s
INFO    |movements.movement                          |              Mismatch: 0.402
INFO    |movements.movement                          |            num_steps_per_lcm_cycle: 98
INFO    |movements.movement                          |              delta_time: 0.0102 s
INFO    |movements.movement                          |              Mismatch: 0.408
INFO    |movements.movement                          |            num_steps_per_lcm_cycle: 99
INFO    |movements.movement                          |              delta_time: 0.0101 s
INFO    |movements.movement                          |              Mismatch: 0.413
INFO    |movements.movement                          |            num_steps_per_lcm_cycle: 100
INFO    |movements.movement                          |              delta_time: 0.0100 s
INFO    |movements.movement                          |              Mismatch: 0.418
INFO    |movements.movement                          |            num_steps_per_lcm_cycle: 101
INFO    |movements.movement                          |              delta_time: 0.00990 s
INFO    |movements.movement                          |              Mismatch: 0.423
INFO    |movements.movement                          |            num_steps_per_lcm_cycle: 102
INFO    |movements.movement                          |              delta_time: 0.00980 s
INFO    |movements.movement                          |              Mismatch: 0.428
INFO    |movements.movement                          |            num_steps_per_lcm_cycle: 103
INFO    |movements.movement                          |              delta_time: 0.00971 s
INFO    |movements.movement                          |              Mismatch: 0.432
INFO    |movements.movement                          |          Best:
INFO    |movements.movement                          |            num_steps_per_lcm_cycle: 50
INFO    |movements.movement                          |            delta_time: 0.0200 s
INFO    |movements.movement                          |            Mismatch: 0.0199
INFO    |movements.movement                          |          Optimization complete
INFO    |convergence                                 |          Starting simulation
INFO    |unsteady_ring_vortex_lattice_method         |            Unsteady ring vortex lattice method solver completed in 0.150 s
INFO    |convergence                                 |          Simulation completed in 0.150 s
INFO    |convergence                                 |          Wake type convergence: not checked
INFO    |convergence                                 |          Wake length convergence: not checked
INFO    |convergence                                 |          Panel aspect ratio convergence: not checked
INFO    |convergence                                 |          Number of chordwise Panels convergence:
INFO    |convergence                                 |            cFX_W: 100.0%
INFO    |convergence                                 |            cFY_W: 100.0%
INFO    |convergence                                 |            cFZ_W: 61.12%
INFO    |convergence                                 |            cMX_W_Cg: 100.0%
INFO    |convergence                                 |            cMY_W_Cg: 72.71%
INFO    |convergence                                 |            cMZ_W_Cg: 100.0%
INFO    |convergence                                 |      Panel aspect ratio: 3
INFO    |convergence                                 |        Chordwise Panels: 3
INFO    |convergence                                 |          Iteration number: 4/96
INFO    |movements.movement                          |          Starting analytical delta_time optimization
INFO    |movements.movement                          |            Result:
INFO    |movements.movement                          |              delta_time: 0.0323 s
INFO    |movements.movement                          |              Steps per LCM period: 31
INFO    |movements.movement                          |          Analytical optimization complete
INFO    |movements.movement                          |          Starting delta_time optimization
INFO    |movements.movement                          |            Searching:
INFO    |movements.movement                          |              num_steps_per_lcm_cycle: 15 to 63
INFO    |movements.movement                          |            num_steps_per_lcm_cycle: 15
INFO    |movements.movement                          |              delta_time: 0.0667 s
INFO    |movements.movement                          |              Mismatch: 0.624
INFO    |movements.movement                          |            num_steps_per_lcm_cycle: 16
INFO    |movements.movement                          |              delta_time: 0.0625 s
INFO    |movements.movement                          |              Mismatch: 0.562
INFO    |movements.movement                          |            num_steps_per_lcm_cycle: 17
INFO    |movements.movement                          |              delta_time: 0.0588 s
INFO    |movements.movement                          |              Mismatch: 0.505
INFO    |movements.movement                          |            num_steps_per_lcm_cycle: 18
INFO    |movements.movement                          |              delta_time: 0.0556 s
INFO    |movements.movement                          |              Mismatch: 0.452
INFO    |movements.movement                          |            num_steps_per_lcm_cycle: 19
INFO    |movements.movement                          |              delta_time: 0.0526 s
INFO    |movements.movement                          |              Mismatch: 0.402
INFO    |movements.movement                          |            num_steps_per_lcm_cycle: 20
INFO    |movements.movement                          |              delta_time: 0.0500 s
INFO    |movements.movement                          |              Mismatch: 0.356
INFO    |movements.movement                          |            num_steps_per_lcm_cycle: 21
INFO    |movements.movement                          |              delta_time: 0.0476 s
INFO    |movements.movement                          |              Mismatch: 0.312
INFO    |movements.movement                          |            num_steps_per_lcm_cycle: 22
INFO    |movements.movement                          |              delta_time: 0.0455 s
INFO    |movements.movement                          |              Mismatch: 0.271
INFO    |movements.movement                          |            num_steps_per_lcm_cycle: 23
INFO    |movements.movement                          |              delta_time: 0.0435 s
INFO    |movements.movement                          |              Mismatch: 0.233
INFO    |movements.movement                          |            num_steps_per_lcm_cycle: 24
INFO    |movements.movement                          |              delta_time: 0.0417 s
INFO    |movements.movement                          |              Mismatch: 0.197
INFO    |movements.movement                          |            num_steps_per_lcm_cycle: 25
INFO    |movements.movement                          |              delta_time: 0.0400 s
INFO    |movements.movement                          |              Mismatch: 0.163
INFO    |movements.movement                          |            num_steps_per_lcm_cycle: 26
INFO    |movements.movement                          |              delta_time: 0.0385 s
INFO    |movements.movement                          |              Mismatch: 0.131
INFO    |movements.movement                          |            num_steps_per_lcm_cycle: 27
INFO    |movements.movement                          |              delta_time: 0.0370 s
INFO    |movements.movement                          |              Mismatch: 0.100
INFO    |movements.movement                          |            num_steps_per_lcm_cycle: 28
INFO    |movements.movement                          |              delta_time: 0.0357 s
INFO    |movements.movement                          |              Mismatch: 0.0712
INFO    |movements.movement                          |            num_steps_per_lcm_cycle: 29
INFO    |movements.movement                          |              delta_time: 0.0345 s
INFO    |movements.movement                          |              Mismatch: 0.0438
INFO    |movements.movement                          |            num_steps_per_lcm_cycle: 30
INFO    |movements.movement                          |              delta_time: 0.0333 s
INFO    |movements.movement                          |              Mismatch: 0.0192
INFO    |movements.movement                          |            num_steps_per_lcm_cycle: 31
INFO    |movements.movement                          |              delta_time: 0.0323 s
INFO    |movements.movement                          |              Mismatch: 0.0236
INFO    |movements.movement                          |            num_steps_per_lcm_cycle: 32
INFO    |movements.movement                          |              delta_time: 0.0312 s
INFO    |movements.movement                          |              Mismatch: 0.0378
INFO    |movements.movement                          |            num_steps_per_lcm_cycle: 33
INFO    |movements.movement                          |              delta_time: 0.0303 s
INFO    |movements.movement                          |              Mismatch: 0.0562
INFO    |movements.movement                          |            num_steps_per_lcm_cycle: 34
INFO    |movements.movement                          |              delta_time: 0.0294 s
INFO    |movements.movement                          |              Mismatch: 0.0750
INFO    |movements.movement                          |            num_steps_per_lcm_cycle: 35
INFO    |movements.movement                          |              delta_time: 0.0286 s
INFO    |movements.movement                          |              Mismatch: 0.0951
INFO    |movements.movement                          |            num_steps_per_lcm_cycle: 36
INFO    |movements.movement                          |              delta_time: 0.0278 s
INFO    |movements.movement                          |              Mismatch: 0.115
INFO    |movements.movement                          |            num_steps_per_lcm_cycle: 37
INFO    |movements.movement                          |              delta_time: 0.0270 s
INFO    |movements.movement                          |              Mismatch: 0.134
INFO    |movements.movement                          |            num_steps_per_lcm_cycle: 38
INFO    |movements.movement                          |              delta_time: 0.0263 s
INFO    |movements.movement                          |              Mismatch: 0.152
INFO    |movements.movement                          |            num_steps_per_lcm_cycle: 39
INFO    |movements.movement                          |              delta_time: 0.0256 s
INFO    |movements.movement                          |              Mismatch: 0.169
INFO    |movements.movement                          |            num_steps_per_lcm_cycle: 40
INFO    |movements.movement                          |              delta_time: 0.0250 s
INFO    |movements.movement                          |              Mismatch: 0.185
INFO    |movements.movement                          |            num_steps_per_lcm_cycle: 41
INFO    |movements.movement                          |              delta_time: 0.0244 s
INFO    |movements.movement                          |              Mismatch: 0.201
INFO    |movements.movement                          |            num_steps_per_lcm_cycle: 42
INFO    |movements.movement                          |              delta_time: 0.0238 s
INFO    |movements.movement                          |              Mismatch: 0.217
INFO    |movements.movement                          |            num_steps_per_lcm_cycle: 43
INFO    |movements.movement                          |              delta_time: 0.0233 s
INFO    |movements.movement                          |              Mismatch: 0.231
INFO    |movements.movement                          |            num_steps_per_lcm_cycle: 44
INFO    |movements.movement                          |              delta_time: 0.0227 s
INFO    |movements.movement                          |              Mismatch: 0.246
INFO    |movements.movement                          |            num_steps_per_lcm_cycle: 45
INFO    |movements.movement                          |              delta_time: 0.0222 s
INFO    |movements.movement                          |              Mismatch: 0.259
INFO    |movements.movement                          |            num_steps_per_lcm_cycle: 46
INFO    |movements.movement                          |              delta_time: 0.0217 s
INFO    |movements.movement                          |              Mismatch: 0.273
INFO    |movements.movement                          |            num_steps_per_lcm_cycle: 47
INFO    |movements.movement                          |              delta_time: 0.0213 s
INFO    |movements.movement                          |              Mismatch: 0.285
INFO    |movements.movement                          |            num_steps_per_lcm_cycle: 48
INFO    |movements.movement                          |              delta_time: 0.0208 s
INFO    |movements.movement                          |              Mismatch: 0.298
INFO    |movements.movement                          |            num_steps_per_lcm_cycle: 49
INFO    |movements.movement                          |              delta_time: 0.0204 s
INFO    |movements.movement                          |              Mismatch: 0.310
INFO    |movements.movement                          |            num_steps_per_lcm_cycle: 50
INFO    |movements.movement                          |              delta_time: 0.0200 s
INFO    |movements.movement                          |              Mismatch: 0.321
INFO    |movements.movement                          |            num_steps_per_lcm_cycle: 51
INFO    |movements.movement                          |              delta_time: 0.0196 s
INFO    |movements.movement                          |              Mismatch: 0.332
INFO    |movements.movement                          |            num_steps_per_lcm_cycle: 52
INFO    |movements.movement                          |              delta_time: 0.0192 s
INFO    |movements.movement                          |              Mismatch: 0.343
INFO    |movements.movement                          |            num_steps_per_lcm_cycle: 53
INFO    |movements.movement                          |              delta_time: 0.0189 s
INFO    |movements.movement                          |              Mismatch: 0.353
INFO    |movements.movement                          |            num_steps_per_lcm_cycle: 54
INFO    |movements.movement                          |              delta_time: 0.0185 s
INFO    |movements.movement                          |              Mismatch: 0.363
INFO    |movements.movement                          |            num_steps_per_lcm_cycle: 55
INFO    |movements.movement                          |              delta_time: 0.0182 s
INFO    |movements.movement                          |              Mismatch: 0.373
INFO    |movements.movement                          |            num_steps_per_lcm_cycle: 56
INFO    |movements.movement                          |              delta_time: 0.0179 s
INFO    |movements.movement                          |              Mismatch: 0.383
INFO    |movements.movement                          |            num_steps_per_lcm_cycle: 57
INFO    |movements.movement                          |              delta_time: 0.0175 s
INFO    |movements.movement                          |              Mismatch: 0.392
INFO    |movements.movement                          |            num_steps_per_lcm_cycle: 58
INFO    |movements.movement                          |              delta_time: 0.0172 s
INFO    |movements.movement                          |              Mismatch: 0.401
INFO    |movements.movement                          |            num_steps_per_lcm_cycle: 59
INFO    |movements.movement                          |              delta_time: 0.0169 s
INFO    |movements.movement                          |              Mismatch: 0.410
INFO    |movements.movement                          |            num_steps_per_lcm_cycle: 60
INFO    |movements.movement                          |              delta_time: 0.0167 s
INFO    |movements.movement                          |              Mismatch: 0.418
INFO    |movements.movement                          |            num_steps_per_lcm_cycle: 61
INFO    |movements.movement                          |              delta_time: 0.0164 s
INFO    |movements.movement                          |              Mismatch: 0.426
INFO    |movements.movement                          |            num_steps_per_lcm_cycle: 62
INFO    |movements.movement                          |              delta_time: 0.0161 s
INFO    |movements.movement                          |              Mismatch: 0.434
INFO    |movements.movement                          |            num_steps_per_lcm_cycle: 63
INFO    |movements.movement                          |              delta_time: 0.0159 s
INFO    |movements.movement                          |              Mismatch: 0.442
INFO    |movements.movement                          |          Best:
INFO    |movements.movement                          |            num_steps_per_lcm_cycle: 30
INFO    |movements.movement                          |            delta_time: 0.0333 s
INFO    |movements.movement                          |            Mismatch: 0.0192
INFO    |movements.movement                          |          Optimization complete
INFO    |convergence                                 |          Starting simulation
INFO    |unsteady_ring_vortex_lattice_method         |            Unsteady ring vortex lattice method solver completed in 0.0407 s
INFO    |convergence                                 |          Simulation completed in 0.0409 s
INFO    |convergence                                 |          Wake type convergence: not checked
INFO    |convergence                                 |          Wake length convergence: not checked
INFO    |convergence                                 |          Panel aspect ratio convergence:
INFO    |convergence                                 |            cFX_W: 46.64%
INFO    |convergence                                 |            cFY_W: 100.0%
INFO    |convergence                                 |            cFZ_W: 45.46%
INFO    |convergence                                 |            cMX_W_Cg: 100.0%
INFO    |convergence                                 |            cMY_W_Cg: 57.44%
INFO    |convergence                                 |            cMZ_W_Cg: 100.0%
INFO    |convergence                                 |          Number of chordwise Panels convergence: not checked
INFO    |convergence                                 |        Chordwise Panels: 4
INFO    |convergence                                 |          Iteration number: 5/96
INFO    |movements.movement                          |          Starting analytical delta_time optimization
INFO    |movements.movement                          |            Result:
INFO    |movements.movement                          |              delta_time: 0.0244 s
INFO    |movements.movement                          |              Steps per LCM period: 41
INFO    |movements.movement                          |          Analytical optimization complete
INFO    |movements.movement                          |          Starting delta_time optimization
INFO    |movements.movement                          |            Searching:
INFO    |movements.movement                          |              num_steps_per_lcm_cycle: 20 to 83
INFO    |movements.movement                          |            num_steps_per_lcm_cycle: 20
INFO    |movements.movement                          |              delta_time: 0.0500 s
INFO    |movements.movement                          |              Mismatch: 0.626
INFO    |movements.movement                          |            num_steps_per_lcm_cycle: 21
INFO    |movements.movement                          |              delta_time: 0.0476 s
INFO    |movements.movement                          |              Mismatch: 0.579
INFO    |movements.movement                          |            num_steps_per_lcm_cycle: 22
INFO    |movements.movement                          |              delta_time: 0.0455 s
INFO    |movements.movement                          |              Mismatch: 0.535
INFO    |movements.movement                          |            num_steps_per_lcm_cycle: 23
INFO    |movements.movement                          |              delta_time: 0.0435 s
INFO    |movements.movement                          |              Mismatch: 0.493
INFO    |movements.movement                          |            num_steps_per_lcm_cycle: 24
INFO    |movements.movement                          |              delta_time: 0.0417 s
INFO    |movements.movement                          |              Mismatch: 0.453
INFO    |movements.movement                          |            num_steps_per_lcm_cycle: 25
INFO    |movements.movement                          |              delta_time: 0.0400 s
INFO    |movements.movement                          |              Mismatch: 0.415
INFO    |movements.movement                          |            num_steps_per_lcm_cycle: 26
INFO    |movements.movement                          |              delta_time: 0.0385 s
INFO    |movements.movement                          |              Mismatch: 0.379
INFO    |movements.movement                          |            num_steps_per_lcm_cycle: 27
INFO    |movements.movement                          |              delta_time: 0.0370 s
INFO    |movements.movement                          |              Mismatch: 0.345
INFO    |movements.movement                          |            num_steps_per_lcm_cycle: 28
INFO    |movements.movement                          |              delta_time: 0.0357 s
INFO    |movements.movement                          |              Mismatch: 0.313
INFO    |movements.movement                          |            num_steps_per_lcm_cycle: 29
INFO    |movements.movement                          |              delta_time: 0.0345 s
INFO    |movements.movement                          |              Mismatch: 0.282
INFO    |movements.movement                          |            num_steps_per_lcm_cycle: 30
INFO    |movements.movement                          |              delta_time: 0.0333 s
INFO    |movements.movement                          |              Mismatch: 0.253
INFO    |movements.movement                          |            num_steps_per_lcm_cycle: 31
INFO    |movements.movement                          |              delta_time: 0.0323 s
INFO    |movements.movement                          |              Mismatch: 0.225
INFO    |movements.movement                          |            num_steps_per_lcm_cycle: 32
INFO    |movements.movement                          |              delta_time: 0.0312 s
INFO    |movements.movement                          |              Mismatch: 0.198
INFO    |movements.movement                          |            num_steps_per_lcm_cycle: 33
INFO    |movements.movement                          |              delta_time: 0.0303 s
INFO    |movements.movement                          |              Mismatch: 0.172
INFO    |movements.movement                          |            num_steps_per_lcm_cycle: 34
INFO    |movements.movement                          |              delta_time: 0.0294 s
INFO    |movements.movement                          |              Mismatch: 0.147
INFO    |movements.movement                          |            num_steps_per_lcm_cycle: 35
INFO    |movements.movement                          |              delta_time: 0.0286 s
INFO    |movements.movement                          |              Mismatch: 0.123
INFO    |movements.movement                          |            num_steps_per_lcm_cycle: 36
INFO    |movements.movement                          |              delta_time: 0.0278 s
INFO    |movements.movement                          |              Mismatch: 0.101
INFO    |movements.movement                          |            num_steps_per_lcm_cycle: 37
INFO    |movements.movement                          |              delta_time: 0.0270 s
INFO    |movements.movement                          |              Mismatch: 0.0790
INFO    |movements.movement                          |            num_steps_per_lcm_cycle: 38
INFO    |movements.movement                          |              delta_time: 0.0263 s
INFO    |movements.movement                          |              Mismatch: 0.0580
INFO    |movements.movement                          |            num_steps_per_lcm_cycle: 39
INFO    |movements.movement                          |              delta_time: 0.0256 s
INFO    |movements.movement                          |              Mismatch: 0.0378
INFO    |movements.movement                          |            num_steps_per_lcm_cycle: 40
INFO    |movements.movement                          |              delta_time: 0.0250 s
INFO    |movements.movement                          |              Mismatch: 0.0197
INFO    |movements.movement                          |            num_steps_per_lcm_cycle: 41
INFO    |movements.movement                          |              delta_time: 0.0244 s
INFO    |movements.movement                          |              Mismatch: 0.0212
INFO    |movements.movement                          |            num_steps_per_lcm_cycle: 42
INFO    |movements.movement                          |              delta_time: 0.0238 s
INFO    |movements.movement                          |              Mismatch: 0.0300
INFO    |movements.movement                          |            num_steps_per_lcm_cycle: 43
INFO    |movements.movement                          |              delta_time: 0.0233 s
INFO    |movements.movement                          |              Mismatch: 0.0422
INFO    |movements.movement                          |            num_steps_per_lcm_cycle: 44
INFO    |movements.movement                          |              delta_time: 0.0227 s
INFO    |movements.movement                          |              Mismatch: 0.0558
INFO    |movements.movement                          |            num_steps_per_lcm_cycle: 45
INFO    |movements.movement                          |              delta_time: 0.0222 s
INFO    |movements.movement                          |              Mismatch: 0.0702
INFO    |movements.movement                          |            num_steps_per_lcm_cycle: 46
INFO    |movements.movement                          |              delta_time: 0.0217 s
INFO    |movements.movement                          |              Mismatch: 0.0847
INFO    |movements.movement                          |            num_steps_per_lcm_cycle: 47
INFO    |movements.movement                          |              delta_time: 0.0213 s
INFO    |movements.movement                          |              Mismatch: 0.0996
INFO    |movements.movement                          |            num_steps_per_lcm_cycle: 48
INFO    |movements.movement                          |              delta_time: 0.0208 s
INFO    |movements.movement                          |              Mismatch: 0.114
INFO    |movements.movement                          |            num_steps_per_lcm_cycle: 49
INFO    |movements.movement                          |              delta_time: 0.0204 s
INFO    |movements.movement                          |              Mismatch: 0.128
INFO    |movements.movement                          |            num_steps_per_lcm_cycle: 50
INFO    |movements.movement                          |              delta_time: 0.0200 s
INFO    |movements.movement                          |              Mismatch: 0.142
INFO    |movements.movement                          |            num_steps_per_lcm_cycle: 51
INFO    |movements.movement                          |              delta_time: 0.0196 s
INFO    |movements.movement                          |              Mismatch: 0.156
INFO    |movements.movement                          |            num_steps_per_lcm_cycle: 52
INFO    |movements.movement                          |              delta_time: 0.0192 s
INFO    |movements.movement                          |              Mismatch: 0.168
INFO    |movements.movement                          |            num_steps_per_lcm_cycle: 53
INFO    |movements.movement                          |              delta_time: 0.0189 s
INFO    |movements.movement                          |              Mismatch: 0.181
INFO    |movements.movement                          |            num_steps_per_lcm_cycle: 54
INFO    |movements.movement                          |              delta_time: 0.0185 s
INFO    |movements.movement                          |              Mismatch: 0.193
INFO    |movements.movement                          |            num_steps_per_lcm_cycle: 55
INFO    |movements.movement                          |              delta_time: 0.0182 s
INFO    |movements.movement                          |              Mismatch: 0.205
INFO    |movements.movement                          |            num_steps_per_lcm_cycle: 56
INFO    |movements.movement                          |              delta_time: 0.0179 s
INFO    |movements.movement                          |              Mismatch: 0.216
INFO    |movements.movement                          |            num_steps_per_lcm_cycle: 57
INFO    |movements.movement                          |              delta_time: 0.0175 s
INFO    |movements.movement                          |              Mismatch: 0.227
INFO    |movements.movement                          |            num_steps_per_lcm_cycle: 58
INFO    |movements.movement                          |              delta_time: 0.0172 s
INFO    |movements.movement                          |              Mismatch: 0.238
INFO    |movements.movement                          |            num_steps_per_lcm_cycle: 59
INFO    |movements.movement                          |              delta_time: 0.0169 s
INFO    |movements.movement                          |              Mismatch: 0.249
INFO    |movements.movement                          |            num_steps_per_lcm_cycle: 60
INFO    |movements.movement                          |              delta_time: 0.0167 s
INFO    |movements.movement                          |              Mismatch: 0.259
INFO    |movements.movement                          |            num_steps_per_lcm_cycle: 61
INFO    |movements.movement                          |              delta_time: 0.0164 s
INFO    |movements.movement                          |              Mismatch: 0.269
INFO    |movements.movement                          |            num_steps_per_lcm_cycle: 62
INFO    |movements.movement                          |              delta_time: 0.0161 s
INFO    |movements.movement                          |              Mismatch: 0.279
INFO    |movements.movement                          |            num_steps_per_lcm_cycle: 63
INFO    |movements.movement                          |              delta_time: 0.0159 s
INFO    |movements.movement                          |              Mismatch: 0.288
INFO    |movements.movement                          |            num_steps_per_lcm_cycle: 64
INFO    |movements.movement                          |              delta_time: 0.0156 s
INFO    |movements.movement                          |              Mismatch: 0.297
INFO    |movements.movement                          |            num_steps_per_lcm_cycle: 65
INFO    |movements.movement                          |              delta_time: 0.0154 s
INFO    |movements.movement                          |              Mismatch: 0.306
INFO    |movements.movement                          |            num_steps_per_lcm_cycle: 66
INFO    |movements.movement                          |              delta_time: 0.0152 s
INFO    |movements.movement                          |              Mismatch: 0.315
INFO    |movements.movement                          |            num_steps_per_lcm_cycle: 67
INFO    |movements.movement                          |              delta_time: 0.0149 s
INFO    |movements.movement                          |              Mismatch: 0.324
INFO    |movements.movement                          |            num_steps_per_lcm_cycle: 68
INFO    |movements.movement                          |              delta_time: 0.0147 s
INFO    |movements.movement                          |              Mismatch: 0.332
INFO    |movements.movement                          |            num_steps_per_lcm_cycle: 69
INFO    |movements.movement                          |              delta_time: 0.0145 s
INFO    |movements.movement                          |              Mismatch: 0.340
INFO    |movements.movement                          |            num_steps_per_lcm_cycle: 70
INFO    |movements.movement                          |              delta_time: 0.0143 s
INFO    |movements.movement                          |              Mismatch: 0.348
INFO    |movements.movement                          |            num_steps_per_lcm_cycle: 71
INFO    |movements.movement                          |              delta_time: 0.0141 s
INFO    |movements.movement                          |              Mismatch: 0.356
INFO    |movements.movement                          |            num_steps_per_lcm_cycle: 72
INFO    |movements.movement                          |              delta_time: 0.0139 s
INFO    |movements.movement                          |              Mismatch: 0.363
INFO    |movements.movement                          |            num_steps_per_lcm_cycle: 73
INFO    |movements.movement                          |              delta_time: 0.0137 s
INFO    |movements.movement                          |              Mismatch: 0.371
INFO    |movements.movement                          |            num_steps_per_lcm_cycle: 74
INFO    |movements.movement                          |              delta_time: 0.0135 s
INFO    |movements.movement                          |              Mismatch: 0.378
INFO    |movements.movement                          |            num_steps_per_lcm_cycle: 75
INFO    |movements.movement                          |              delta_time: 0.0133 s
INFO    |movements.movement                          |              Mismatch: 0.385
INFO    |movements.movement                          |            num_steps_per_lcm_cycle: 76
INFO    |movements.movement                          |              delta_time: 0.0132 s
INFO    |movements.movement                          |              Mismatch: 0.392
INFO    |movements.movement                          |            num_steps_per_lcm_cycle: 77
INFO    |movements.movement                          |              delta_time: 0.0130 s
INFO    |movements.movement                          |              Mismatch: 0.398
INFO    |movements.movement                          |            num_steps_per_lcm_cycle: 78
INFO    |movements.movement                          |              delta_time: 0.0128 s
INFO    |movements.movement                          |              Mismatch: 0.405
INFO    |movements.movement                          |            num_steps_per_lcm_cycle: 79
INFO    |movements.movement                          |              delta_time: 0.0127 s
INFO    |movements.movement                          |              Mismatch: 0.412
INFO    |movements.movement                          |            num_steps_per_lcm_cycle: 80
INFO    |movements.movement                          |              delta_time: 0.0125 s
INFO    |movements.movement                          |              Mismatch: 0.418
INFO    |movements.movement                          |            num_steps_per_lcm_cycle: 81
INFO    |movements.movement                          |              delta_time: 0.0123 s
INFO    |movements.movement                          |              Mismatch: 0.424
INFO    |movements.movement                          |            num_steps_per_lcm_cycle: 82
INFO    |movements.movement                          |              delta_time: 0.0122 s
INFO    |movements.movement                          |              Mismatch: 0.430
INFO    |movements.movement                          |            num_steps_per_lcm_cycle: 83
INFO    |movements.movement                          |              delta_time: 0.0120 s
INFO    |movements.movement                          |              Mismatch: 0.436
INFO    |movements.movement                          |          Best:
INFO    |movements.movement                          |            num_steps_per_lcm_cycle: 40
INFO    |movements.movement                          |            delta_time: 0.0250 s
INFO    |movements.movement                          |            Mismatch: 0.0197
INFO    |movements.movement                          |          Optimization complete
INFO    |convergence                                 |          Starting simulation
INFO    |unsteady_ring_vortex_lattice_method         |            Unsteady ring vortex lattice method solver completed in 0.0930 s
INFO    |convergence                                 |          Simulation completed in 0.0933 s
INFO    |convergence                                 |          Wake type convergence: not checked
INFO    |convergence                                 |          Wake length convergence: not checked
INFO    |convergence                                 |          Panel aspect ratio convergence:
INFO    |convergence                                 |            cFX_W: 65.85%
INFO    |convergence                                 |            cFY_W: 100.0%
INFO    |convergence                                 |            cFZ_W: 69.86%
INFO    |convergence                                 |            cMX_W_Cg: 100.0%
INFO    |convergence                                 |            cMY_W_Cg: 82.96%
INFO    |convergence                                 |            cMZ_W_Cg: 100.0%
INFO    |convergence                                 |          Number of chordwise Panels convergence:
INFO    |convergence                                 |            cFX_W: 100.0%
INFO    |convergence                                 |            cFY_W: 100.0%
INFO    |convergence                                 |            cFZ_W: 58.94%
INFO    |convergence                                 |            cMX_W_Cg: 100.0%
INFO    |convergence                                 |            cMY_W_Cg: 81.92%
INFO    |convergence                                 |            cMZ_W_Cg: 100.0%
INFO    |convergence                                 |        Chordwise Panels: 5
INFO    |convergence                                 |          Iteration number: 6/96
INFO    |movements.movement                          |          Starting analytical delta_time optimization
INFO    |movements.movement                          |            Result:
INFO    |movements.movement                          |              delta_time: 0.0196 s
INFO    |movements.movement                          |              Steps per LCM period: 51
INFO    |movements.movement                          |          Analytical optimization complete
INFO    |movements.movement                          |          Starting delta_time optimization
INFO    |movements.movement                          |            Searching:
INFO    |movements.movement                          |              num_steps_per_lcm_cycle: 25 to 103
INFO    |movements.movement                          |            num_steps_per_lcm_cycle: 25
INFO    |movements.movement                          |              delta_time: 0.0400 s
INFO    |movements.movement                          |              Mismatch: 0.627
INFO    |movements.movement                          |            num_steps_per_lcm_cycle: 26
INFO    |movements.movement                          |              delta_time: 0.0385 s
INFO    |movements.movement                          |              Mismatch: 0.589
INFO    |movements.movement                          |            num_steps_per_lcm_cycle: 27
INFO    |movements.movement                          |              delta_time: 0.0370 s
INFO    |movements.movement                          |              Mismatch: 0.553
INFO    |movements.movement                          |            num_steps_per_lcm_cycle: 28
INFO    |movements.movement                          |              delta_time: 0.0357 s
INFO    |movements.movement                          |              Mismatch: 0.518
INFO    |movements.movement                          |            num_steps_per_lcm_cycle: 29
INFO    |movements.movement                          |              delta_time: 0.0345 s
INFO    |movements.movement                          |              Mismatch: 0.485
INFO    |movements.movement                          |            num_steps_per_lcm_cycle: 30
INFO    |movements.movement                          |              delta_time: 0.0333 s
INFO    |movements.movement                          |              Mismatch: 0.454
INFO    |movements.movement                          |            num_steps_per_lcm_cycle: 31
INFO    |movements.movement                          |              delta_time: 0.0323 s
INFO    |movements.movement                          |              Mismatch: 0.423
INFO    |movements.movement                          |            num_steps_per_lcm_cycle: 32
INFO    |movements.movement                          |              delta_time: 0.0312 s
INFO    |movements.movement                          |              Mismatch: 0.394
INFO    |movements.movement                          |            num_steps_per_lcm_cycle: 33
INFO    |movements.movement                          |              delta_time: 0.0303 s
INFO    |movements.movement                          |              Mismatch: 0.366
INFO    |movements.movement                          |            num_steps_per_lcm_cycle: 34
INFO    |movements.movement                          |              delta_time: 0.0294 s
INFO    |movements.movement                          |              Mismatch: 0.339
INFO    |movements.movement                          |            num_steps_per_lcm_cycle: 35
INFO    |movements.movement                          |              delta_time: 0.0286 s
INFO    |movements.movement                          |              Mismatch: 0.314
INFO    |movements.movement                          |            num_steps_per_lcm_cycle: 36
INFO    |movements.movement                          |              delta_time: 0.0278 s
INFO    |movements.movement                          |              Mismatch: 0.289
INFO    |movements.movement                          |            num_steps_per_lcm_cycle: 37
INFO    |movements.movement                          |              delta_time: 0.0270 s
INFO    |movements.movement                          |              Mismatch: 0.265
INFO    |movements.movement                          |            num_steps_per_lcm_cycle: 38
INFO    |movements.movement                          |              delta_time: 0.0263 s
INFO    |movements.movement                          |              Mismatch: 0.242
INFO    |movements.movement                          |            num_steps_per_lcm_cycle: 39
INFO    |movements.movement                          |              delta_time: 0.0256 s
INFO    |movements.movement                          |              Mismatch: 0.220
INFO    |movements.movement                          |            num_steps_per_lcm_cycle: 40
INFO    |movements.movement                          |              delta_time: 0.0250 s
INFO    |movements.movement                          |              Mismatch: 0.198
INFO    |movements.movement                          |            num_steps_per_lcm_cycle: 41
INFO    |movements.movement                          |              delta_time: 0.0244 s
INFO    |movements.movement                          |              Mismatch: 0.177
INFO    |movements.movement                          |            num_steps_per_lcm_cycle: 42
INFO    |movements.movement                          |              delta_time: 0.0238 s
INFO    |movements.movement                          |              Mismatch: 0.157
INFO    |movements.movement                          |            num_steps_per_lcm_cycle: 43
INFO    |movements.movement                          |              delta_time: 0.0233 s
INFO    |movements.movement                          |              Mismatch: 0.138
INFO    |movements.movement                          |            num_steps_per_lcm_cycle: 44
INFO    |movements.movement                          |              delta_time: 0.0227 s
INFO    |movements.movement                          |              Mismatch: 0.119
INFO    |movements.movement                          |            num_steps_per_lcm_cycle: 45
INFO    |movements.movement                          |              delta_time: 0.0222 s
INFO    |movements.movement                          |              Mismatch: 0.101
INFO    |movements.movement                          |            num_steps_per_lcm_cycle: 46
INFO    |movements.movement                          |              delta_time: 0.0217 s
INFO    |movements.movement                          |              Mismatch: 0.0836
INFO    |movements.movement                          |            num_steps_per_lcm_cycle: 47
INFO    |movements.movement                          |              delta_time: 0.0213 s
INFO    |movements.movement                          |              Mismatch: 0.0666
INFO    |movements.movement                          |            num_steps_per_lcm_cycle: 48
INFO    |movements.movement                          |              delta_time: 0.0208 s
INFO    |movements.movement                          |              Mismatch: 0.0502
INFO    |movements.movement                          |            num_steps_per_lcm_cycle: 49
INFO    |movements.movement                          |              delta_time: 0.0204 s
INFO    |movements.movement                          |              Mismatch: 0.0342
INFO    |movements.movement                          |            num_steps_per_lcm_cycle: 50
INFO    |movements.movement                          |              delta_time: 0.0200 s
INFO    |movements.movement                          |              Mismatch: 0.0200
INFO    |movements.movement                          |            num_steps_per_lcm_cycle: 51
INFO    |movements.movement                          |              delta_time: 0.0196 s
INFO    |movements.movement                          |              Mismatch: 0.0201
INFO    |movements.movement                          |            num_steps_per_lcm_cycle: 52
INFO    |movements.movement                          |              delta_time: 0.0192 s
INFO    |movements.movement                          |              Mismatch: 0.0261
INFO    |movements.movement                          |            num_steps_per_lcm_cycle: 53
INFO    |movements.movement                          |              delta_time: 0.0189 s
INFO    |movements.movement                          |              Mismatch: 0.0345
INFO    |movements.movement                          |            num_steps_per_lcm_cycle: 54
INFO    |movements.movement                          |              delta_time: 0.0185 s
INFO    |movements.movement                          |              Mismatch: 0.0448
INFO    |movements.movement                          |            num_steps_per_lcm_cycle: 55
INFO    |movements.movement                          |              delta_time: 0.0182 s
INFO    |movements.movement                          |              Mismatch: 0.0556
INFO    |movements.movement                          |            num_steps_per_lcm_cycle: 56
INFO    |movements.movement                          |              delta_time: 0.0179 s
INFO    |movements.movement                          |              Mismatch: 0.0671
INFO    |movements.movement                          |            num_steps_per_lcm_cycle: 57
INFO    |movements.movement                          |              delta_time: 0.0175 s
INFO    |movements.movement                          |              Mismatch: 0.0787
INFO    |movements.movement                          |            num_steps_per_lcm_cycle: 58
INFO    |movements.movement                          |              delta_time: 0.0172 s
INFO    |movements.movement                          |              Mismatch: 0.0904
INFO    |movements.movement                          |            num_steps_per_lcm_cycle: 59
INFO    |movements.movement                          |              delta_time: 0.0169 s
INFO    |movements.movement                          |              Mismatch: 0.102
INFO    |movements.movement                          |            num_steps_per_lcm_cycle: 60
INFO    |movements.movement                          |              delta_time: 0.0167 s
INFO    |movements.movement                          |              Mismatch: 0.114
INFO    |movements.movement                          |            num_steps_per_lcm_cycle: 61
INFO    |movements.movement                          |              delta_time: 0.0164 s
INFO    |movements.movement                          |              Mismatch: 0.125
INFO    |movements.movement                          |            num_steps_per_lcm_cycle: 62
INFO    |movements.movement                          |              delta_time: 0.0161 s
INFO    |movements.movement                          |              Mismatch: 0.137
INFO    |movements.movement                          |            num_steps_per_lcm_cycle: 63
INFO    |movements.movement                          |              delta_time: 0.0159 s
INFO    |movements.movement                          |              Mismatch: 0.147
INFO    |movements.movement                          |            num_steps_per_lcm_cycle: 64
INFO    |movements.movement                          |              delta_time: 0.0156 s
INFO    |movements.movement                          |              Mismatch: 0.158
INFO    |movements.movement                          |            num_steps_per_lcm_cycle: 65
INFO    |movements.movement                          |              delta_time: 0.0154 s
INFO    |movements.movement                          |              Mismatch: 0.168
INFO    |movements.movement                          |            num_steps_per_lcm_cycle: 66
INFO    |movements.movement                          |              delta_time: 0.0152 s
INFO    |movements.movement                          |              Mismatch: 0.178
INFO    |movements.movement                          |            num_steps_per_lcm_cycle: 67
INFO    |movements.movement                          |              delta_time: 0.0149 s
INFO    |movements.movement                          |              Mismatch: 0.188
INFO    |movements.movement                          |            num_steps_per_lcm_cycle: 68
INFO    |movements.movement                          |              delta_time: 0.0147 s
INFO    |movements.movement                          |              Mismatch: 0.198
INFO    |movements.movement                          |            num_steps_per_lcm_cycle: 69
INFO    |movements.movement                          |              delta_time: 0.0145 s
INFO    |movements.movement                          |              Mismatch: 0.207
INFO    |movements.movement                          |            num_steps_per_lcm_cycle: 70
INFO    |movements.movement                          |              delta_time: 0.0143 s
INFO    |movements.movement                          |              Mismatch: 0.216
INFO    |movements.movement                          |            num_steps_per_lcm_cycle: 71
INFO    |movements.movement                          |              delta_time: 0.0141 s
INFO    |movements.movement                          |              Mismatch: 0.225
INFO    |movements.movement                          |            num_steps_per_lcm_cycle: 72
INFO    |movements.movement                          |              delta_time: 0.0139 s
INFO    |movements.movement                          |              Mismatch: 0.234
INFO    |movements.movement                          |            num_steps_per_lcm_cycle: 73
INFO    |movements.movement                          |              delta_time: 0.0137 s
INFO    |movements.movement                          |              Mismatch: 0.242
INFO    |movements.movement                          |            num_steps_per_lcm_cycle: 74
INFO    |movements.movement                          |              delta_time: 0.0135 s
INFO    |movements.movement                          |              Mismatch: 0.251
INFO    |movements.movement                          |            num_steps_per_lcm_cycle: 75
INFO    |movements.movement                          |              delta_time: 0.0133 s
INFO    |movements.movement                          |              Mismatch: 0.259
INFO    |movements.movement                          |            num_steps_per_lcm_cycle: 76
INFO    |movements.movement                          |              delta_time: 0.0132 s
INFO    |movements.movement                          |              Mismatch: 0.267
INFO    |movements.movement                          |            num_steps_per_lcm_cycle: 77
INFO    |movements.movement                          |              delta_time: 0.0130 s
INFO    |movements.movement                          |              Mismatch: 0.275
INFO    |movements.movement                          |            num_steps_per_lcm_cycle: 78
INFO    |movements.movement                          |              delta_time: 0.0128 s
INFO    |movements.movement                          |              Mismatch: 0.282
INFO    |movements.movement                          |            num_steps_per_lcm_cycle: 79
INFO    |movements.movement                          |              delta_time: 0.0127 s
INFO    |movements.movement                          |              Mismatch: 0.290
INFO    |movements.movement                          |            num_steps_per_lcm_cycle: 80
INFO    |movements.movement                          |              delta_time: 0.0125 s
INFO    |movements.movement                          |              Mismatch: 0.297
INFO    |movements.movement                          |            num_steps_per_lcm_cycle: 81
INFO    |movements.movement                          |              delta_time: 0.0123 s
INFO    |movements.movement                          |              Mismatch: 0.304
INFO    |movements.movement                          |            num_steps_per_lcm_cycle: 82
INFO    |movements.movement                          |              delta_time: 0.0122 s
INFO    |movements.movement                          |              Mismatch: 0.311
INFO    |movements.movement                          |            num_steps_per_lcm_cycle: 83
INFO    |movements.movement                          |              delta_time: 0.0120 s
INFO    |movements.movement                          |              Mismatch: 0.318
INFO    |movements.movement                          |            num_steps_per_lcm_cycle: 84
INFO    |movements.movement                          |              delta_time: 0.0119 s
INFO    |movements.movement                          |              Mismatch: 0.325
INFO    |movements.movement                          |            num_steps_per_lcm_cycle: 85
INFO    |movements.movement                          |              delta_time: 0.0118 s
INFO    |movements.movement                          |              Mismatch: 0.332
INFO    |movements.movement                          |            num_steps_per_lcm_cycle: 86
INFO    |movements.movement                          |              delta_time: 0.0116 s
INFO    |movements.movement                          |              Mismatch: 0.338
INFO    |movements.movement                          |            num_steps_per_lcm_cycle: 87
INFO    |movements.movement                          |              delta_time: 0.0115 s
INFO    |movements.movement                          |              Mismatch: 0.345
INFO    |movements.movement                          |            num_steps_per_lcm_cycle: 88
INFO    |movements.movement                          |              delta_time: 0.0114 s
INFO    |movements.movement                          |              Mismatch: 0.351
INFO    |movements.movement                          |            num_steps_per_lcm_cycle: 89
INFO    |movements.movement                          |              delta_time: 0.0112 s
INFO    |movements.movement                          |              Mismatch: 0.357
INFO    |movements.movement                          |            num_steps_per_lcm_cycle: 90
INFO    |movements.movement                          |              delta_time: 0.0111 s
INFO    |movements.movement                          |              Mismatch: 0.363
INFO    |movements.movement                          |            num_steps_per_lcm_cycle: 91
INFO    |movements.movement                          |              delta_time: 0.0110 s
INFO    |movements.movement                          |              Mismatch: 0.369
INFO    |movements.movement                          |            num_steps_per_lcm_cycle: 92
INFO    |movements.movement                          |              delta_time: 0.0109 s
INFO    |movements.movement                          |              Mismatch: 0.375
INFO    |movements.movement                          |            num_steps_per_lcm_cycle: 93
INFO    |movements.movement                          |              delta_time: 0.0108 s
INFO    |movements.movement                          |              Mismatch: 0.381
INFO    |movements.movement                          |            num_steps_per_lcm_cycle: 94
INFO    |movements.movement                          |              delta_time: 0.0106 s
INFO    |movements.movement                          |              Mismatch: 0.386
INFO    |movements.movement                          |            num_steps_per_lcm_cycle: 95
INFO    |movements.movement                          |              delta_time: 0.0105 s
INFO    |movements.movement                          |              Mismatch: 0.392
INFO    |movements.movement                          |            num_steps_per_lcm_cycle: 96
INFO    |movements.movement                          |              delta_time: 0.0104 s
INFO    |movements.movement                          |              Mismatch: 0.397
INFO    |movements.movement                          |            num_steps_per_lcm_cycle: 97
INFO    |movements.movement                          |              delta_time: 0.0103 s
INFO    |movements.movement                          |              Mismatch: 0.402
INFO    |movements.movement                          |            num_steps_per_lcm_cycle: 98
INFO    |movements.movement                          |              delta_time: 0.0102 s
INFO    |movements.movement                          |              Mismatch: 0.408
INFO    |movements.movement                          |            num_steps_per_lcm_cycle: 99
INFO    |movements.movement                          |              delta_time: 0.0101 s
INFO    |movements.movement                          |              Mismatch: 0.413
INFO    |movements.movement                          |            num_steps_per_lcm_cycle: 100
INFO    |movements.movement                          |              delta_time: 0.0100 s
INFO    |movements.movement                          |              Mismatch: 0.418
INFO    |movements.movement                          |            num_steps_per_lcm_cycle: 101
INFO    |movements.movement                          |              delta_time: 0.00990 s
INFO    |movements.movement                          |              Mismatch: 0.423
INFO    |movements.movement                          |            num_steps_per_lcm_cycle: 102
INFO    |movements.movement                          |              delta_time: 0.00980 s
INFO    |movements.movement                          |              Mismatch: 0.428
INFO    |movements.movement                          |            num_steps_per_lcm_cycle: 103
INFO    |movements.movement                          |              delta_time: 0.00971 s
INFO    |movements.movement                          |              Mismatch: 0.432
INFO    |movements.movement                          |          Best:
INFO    |movements.movement                          |            num_steps_per_lcm_cycle: 50
INFO    |movements.movement                          |            delta_time: 0.0200 s
INFO    |movements.movement                          |            Mismatch: 0.0200
INFO    |movements.movement                          |          Optimization complete
INFO    |convergence                                 |          Starting simulation
INFO    |unsteady_ring_vortex_lattice_method         |            Unsteady ring vortex lattice method solver completed in 0.187 s
INFO    |convergence                                 |          Simulation completed in 0.188 s
INFO    |convergence                                 |          Wake type convergence: not checked
INFO    |convergence                                 |          Wake length convergence: not checked
INFO    |convergence                                 |          Panel aspect ratio convergence:
INFO    |convergence                                 |            cFX_W: 94.20%
INFO    |convergence                                 |            cFY_W: 100.0%
INFO    |convergence                                 |            cFZ_W: 100.0%
INFO    |convergence                                 |            cMX_W_Cg: 100.0%
INFO    |convergence                                 |            cMY_W_Cg: 100.0%
INFO    |convergence                                 |            cMZ_W_Cg: 100.0%
INFO    |convergence                                 |          Number of chordwise Panels convergence:
INFO    |convergence                                 |            cFX_W: 100.0%
INFO    |convergence                                 |            cFY_W: 100.0%
INFO    |convergence                                 |            cFZ_W: 83.80%
INFO    |convergence                                 |            cMX_W_Cg: 100.0%
INFO    |convergence                                 |            cMY_W_Cg: 97.46%
INFO    |convergence                                 |            cMZ_W_Cg: 100.0%
INFO    |convergence                                 |      Panel aspect ratio: 2
INFO    |convergence                                 |        Chordwise Panels: 3
INFO    |convergence                                 |          Iteration number: 7/96
INFO    |movements.movement                          |          Starting analytical delta_time optimization
INFO    |movements.movement                          |            Result:
INFO    |movements.movement                          |              delta_time: 0.0323 s
INFO    |movements.movement                          |              Steps per LCM period: 31
INFO    |movements.movement                          |          Analytical optimization complete
INFO    |movements.movement                          |          Starting delta_time optimization
INFO    |movements.movement                          |            Searching:
INFO    |movements.movement                          |              num_steps_per_lcm_cycle: 15 to 63
INFO    |movements.movement                          |            num_steps_per_lcm_cycle: 15
INFO    |movements.movement                          |              delta_time: 0.0667 s
INFO    |movements.movement                          |              Mismatch: 0.625
INFO    |movements.movement                          |            num_steps_per_lcm_cycle: 16
INFO    |movements.movement                          |              delta_time: 0.0625 s
INFO    |movements.movement                          |              Mismatch: 0.563
INFO    |movements.movement                          |            num_steps_per_lcm_cycle: 17
INFO    |movements.movement                          |              delta_time: 0.0588 s
INFO    |movements.movement                          |              Mismatch: 0.505
INFO    |movements.movement                          |            num_steps_per_lcm_cycle: 18
INFO    |movements.movement                          |              delta_time: 0.0556 s
INFO    |movements.movement                          |              Mismatch: 0.452
INFO    |movements.movement                          |            num_steps_per_lcm_cycle: 19
INFO    |movements.movement                          |              delta_time: 0.0526 s
INFO    |movements.movement                          |              Mismatch: 0.402
INFO    |movements.movement                          |            num_steps_per_lcm_cycle: 20
INFO    |movements.movement                          |              delta_time: 0.0500 s
INFO    |movements.movement                          |              Mismatch: 0.356
INFO    |movements.movement                          |            num_steps_per_lcm_cycle: 21
INFO    |movements.movement                          |              delta_time: 0.0476 s
INFO    |movements.movement                          |              Mismatch: 0.312
INFO    |movements.movement                          |            num_steps_per_lcm_cycle: 22
INFO    |movements.movement                          |              delta_time: 0.0455 s
INFO    |movements.movement                          |              Mismatch: 0.272
INFO    |movements.movement                          |            num_steps_per_lcm_cycle: 23
INFO    |movements.movement                          |              delta_time: 0.0435 s
INFO    |movements.movement                          |              Mismatch: 0.233
INFO    |movements.movement                          |            num_steps_per_lcm_cycle: 24
INFO    |movements.movement                          |              delta_time: 0.0417 s
INFO    |movements.movement                          |              Mismatch: 0.197
INFO    |movements.movement                          |            num_steps_per_lcm_cycle: 25
INFO    |movements.movement                          |              delta_time: 0.0400 s
INFO    |movements.movement                          |              Mismatch: 0.163
INFO    |movements.movement                          |            num_steps_per_lcm_cycle: 26
INFO    |movements.movement                          |              delta_time: 0.0385 s
INFO    |movements.movement                          |              Mismatch: 0.131
INFO    |movements.movement                          |            num_steps_per_lcm_cycle: 27
INFO    |movements.movement                          |              delta_time: 0.0370 s
INFO    |movements.movement                          |              Mismatch: 0.100
INFO    |movements.movement                          |            num_steps_per_lcm_cycle: 28
INFO    |movements.movement                          |              delta_time: 0.0357 s
INFO    |movements.movement                          |              Mismatch: 0.0715
INFO    |movements.movement                          |            num_steps_per_lcm_cycle: 29
INFO    |movements.movement                          |              delta_time: 0.0345 s
INFO    |movements.movement                          |              Mismatch: 0.0441
INFO    |movements.movement                          |            num_steps_per_lcm_cycle: 30
INFO    |movements.movement                          |              delta_time: 0.0333 s
INFO    |movements.movement                          |              Mismatch: 0.0194
INFO    |movements.movement                          |            num_steps_per_lcm_cycle: 31
INFO    |movements.movement                          |              delta_time: 0.0323 s
INFO    |movements.movement                          |              Mismatch: 0.0237
INFO    |movements.movement                          |            num_steps_per_lcm_cycle: 32
INFO    |movements.movement                          |              delta_time: 0.0312 s
INFO    |movements.movement                          |              Mismatch: 0.0381
INFO    |movements.movement                          |            num_steps_per_lcm_cycle: 33
INFO    |movements.movement                          |              delta_time: 0.0303 s
INFO    |movements.movement                          |              Mismatch: 0.0560
INFO    |movements.movement                          |            num_steps_per_lcm_cycle: 34
INFO    |movements.movement                          |              delta_time: 0.0294 s
INFO    |movements.movement                          |              Mismatch: 0.0753
INFO    |movements.movement                          |            num_steps_per_lcm_cycle: 35
INFO    |movements.movement                          |              delta_time: 0.0286 s
INFO    |movements.movement                          |              Mismatch: 0.0948
INFO    |movements.movement                          |            num_steps_per_lcm_cycle: 36
INFO    |movements.movement                          |              delta_time: 0.0278 s
INFO    |movements.movement                          |              Mismatch: 0.114
INFO    |movements.movement                          |            num_steps_per_lcm_cycle: 37
INFO    |movements.movement                          |              delta_time: 0.0270 s
INFO    |movements.movement                          |              Mismatch: 0.133
INFO    |movements.movement                          |            num_steps_per_lcm_cycle: 38
INFO    |movements.movement                          |              delta_time: 0.0263 s
INFO    |movements.movement                          |              Mismatch: 0.151
INFO    |movements.movement                          |            num_steps_per_lcm_cycle: 39
INFO    |movements.movement                          |              delta_time: 0.0256 s
INFO    |movements.movement                          |              Mismatch: 0.169
INFO    |movements.movement                          |            num_steps_per_lcm_cycle: 40
INFO    |movements.movement                          |              delta_time: 0.0250 s
INFO    |movements.movement                          |              Mismatch: 0.185
INFO    |movements.movement                          |            num_steps_per_lcm_cycle: 41
INFO    |movements.movement                          |              delta_time: 0.0244 s
INFO    |movements.movement                          |              Mismatch: 0.201
INFO    |movements.movement                          |            num_steps_per_lcm_cycle: 42
INFO    |movements.movement                          |              delta_time: 0.0238 s
INFO    |movements.movement                          |              Mismatch: 0.216
INFO    |movements.movement                          |            num_steps_per_lcm_cycle: 43
INFO    |movements.movement                          |              delta_time: 0.0233 s
INFO    |movements.movement                          |              Mismatch: 0.231
INFO    |movements.movement                          |            num_steps_per_lcm_cycle: 44
INFO    |movements.movement                          |              delta_time: 0.0227 s
INFO    |movements.movement                          |              Mismatch: 0.245
INFO    |movements.movement                          |            num_steps_per_lcm_cycle: 45
INFO    |movements.movement                          |              delta_time: 0.0222 s
INFO    |movements.movement                          |              Mismatch: 0.259
INFO    |movements.movement                          |            num_steps_per_lcm_cycle: 46
INFO    |movements.movement                          |              delta_time: 0.0217 s
INFO    |movements.movement                          |              Mismatch: 0.272
INFO    |movements.movement                          |            num_steps_per_lcm_cycle: 47
INFO    |movements.movement                          |              delta_time: 0.0213 s
INFO    |movements.movement                          |              Mismatch: 0.285
INFO    |movements.movement                          |            num_steps_per_lcm_cycle: 48
INFO    |movements.movement                          |              delta_time: 0.0208 s
INFO    |movements.movement                          |              Mismatch: 0.297
INFO    |movements.movement                          |            num_steps_per_lcm_cycle: 49
INFO    |movements.movement                          |              delta_time: 0.0204 s
INFO    |movements.movement                          |              Mismatch: 0.309
INFO    |movements.movement                          |            num_steps_per_lcm_cycle: 50
INFO    |movements.movement                          |              delta_time: 0.0200 s
INFO    |movements.movement                          |              Mismatch: 0.321
INFO    |movements.movement                          |            num_steps_per_lcm_cycle: 51
INFO    |movements.movement                          |              delta_time: 0.0196 s
INFO    |movements.movement                          |              Mismatch: 0.332
INFO    |movements.movement                          |            num_steps_per_lcm_cycle: 52
INFO    |movements.movement                          |              delta_time: 0.0192 s
INFO    |movements.movement                          |              Mismatch: 0.343
INFO    |movements.movement                          |            num_steps_per_lcm_cycle: 53
INFO    |movements.movement                          |              delta_time: 0.0189 s
INFO    |movements.movement                          |              Mismatch: 0.353
INFO    |movements.movement                          |            num_steps_per_lcm_cycle: 54
INFO    |movements.movement                          |              delta_time: 0.0185 s
INFO    |movements.movement                          |              Mismatch: 0.363
INFO    |movements.movement                          |            num_steps_per_lcm_cycle: 55
INFO    |movements.movement                          |              delta_time: 0.0182 s
INFO    |movements.movement                          |              Mismatch: 0.373
INFO    |movements.movement                          |            num_steps_per_lcm_cycle: 56
INFO    |movements.movement                          |              delta_time: 0.0179 s
INFO    |movements.movement                          |              Mismatch: 0.383
INFO    |movements.movement                          |            num_steps_per_lcm_cycle: 57
INFO    |movements.movement                          |              delta_time: 0.0175 s
INFO    |movements.movement                          |              Mismatch: 0.392
INFO    |movements.movement                          |            num_steps_per_lcm_cycle: 58
INFO    |movements.movement                          |              delta_time: 0.0172 s
INFO    |movements.movement                          |              Mismatch: 0.401
INFO    |movements.movement                          |            num_steps_per_lcm_cycle: 59
INFO    |movements.movement                          |              delta_time: 0.0169 s
INFO    |movements.movement                          |              Mismatch: 0.409
INFO    |movements.movement                          |            num_steps_per_lcm_cycle: 60
INFO    |movements.movement                          |              delta_time: 0.0167 s
INFO    |movements.movement                          |              Mismatch: 0.418
INFO    |movements.movement                          |            num_steps_per_lcm_cycle: 61
INFO    |movements.movement                          |              delta_time: 0.0164 s
INFO    |movements.movement                          |              Mismatch: 0.426
INFO    |movements.movement                          |            num_steps_per_lcm_cycle: 62
INFO    |movements.movement                          |              delta_time: 0.0161 s
INFO    |movements.movement                          |              Mismatch: 0.434
INFO    |movements.movement                          |            num_steps_per_lcm_cycle: 63
INFO    |movements.movement                          |              delta_time: 0.0159 s
INFO    |movements.movement                          |              Mismatch: 0.442
INFO    |movements.movement                          |          Best:
INFO    |movements.movement                          |            num_steps_per_lcm_cycle: 30
INFO    |movements.movement                          |            delta_time: 0.0333 s
INFO    |movements.movement                          |            Mismatch: 0.0194
INFO    |movements.movement                          |          Optimization complete
INFO    |convergence                                 |          Starting simulation
INFO    |unsteady_ring_vortex_lattice_method         |            Unsteady ring vortex lattice method solver completed in 0.0658 s
INFO    |convergence                                 |          Simulation completed in 0.0660 s
INFO    |convergence                                 |          Wake type convergence: not checked
INFO    |convergence                                 |          Wake length convergence: not checked
INFO    |convergence                                 |          Panel aspect ratio convergence:
INFO    |convergence                                 |            cFX_W: 39.84%
INFO    |convergence                                 |            cFY_W: 100.0%
INFO    |convergence                                 |            cFZ_W: 42.03%
INFO    |convergence                                 |            cMX_W_Cg: 100.0%
INFO    |convergence                                 |            cMY_W_Cg: 50.19%
INFO    |convergence                                 |            cMZ_W_Cg: 100.0%
INFO    |convergence                                 |          Number of chordwise Panels convergence: not checked
INFO    |convergence                                 |        Chordwise Panels: 4
INFO    |convergence                                 |          Iteration number: 8/96
INFO    |movements.movement                          |          Starting analytical delta_time optimization
INFO    |movements.movement                          |            Result:
INFO    |movements.movement                          |              delta_time: 0.0244 s
INFO    |movements.movement                          |              Steps per LCM period: 41
INFO    |movements.movement                          |          Analytical optimization complete
INFO    |movements.movement                          |          Starting delta_time optimization
INFO    |movements.movement                          |            Searching:
INFO    |movements.movement                          |              num_steps_per_lcm_cycle: 20 to 83
INFO    |movements.movement                          |            num_steps_per_lcm_cycle: 20
INFO    |movements.movement                          |              delta_time: 0.0500 s
INFO    |movements.movement                          |              Mismatch: 0.626
INFO    |movements.movement                          |            num_steps_per_lcm_cycle: 21
INFO    |movements.movement                          |              delta_time: 0.0476 s
INFO    |movements.movement                          |              Mismatch: 0.579
INFO    |movements.movement                          |            num_steps_per_lcm_cycle: 22
INFO    |movements.movement                          |              delta_time: 0.0455 s
INFO    |movements.movement                          |              Mismatch: 0.535
INFO    |movements.movement                          |            num_steps_per_lcm_cycle: 23
INFO    |movements.movement                          |              delta_time: 0.0435 s
INFO    |movements.movement                          |              Mismatch: 0.493
INFO    |movements.movement                          |            num_steps_per_lcm_cycle: 24
INFO    |movements.movement                          |              delta_time: 0.0417 s
INFO    |movements.movement                          |              Mismatch: 0.453
INFO    |movements.movement                          |            num_steps_per_lcm_cycle: 25
INFO    |movements.movement                          |              delta_time: 0.0400 s
INFO    |movements.movement                          |              Mismatch: 0.415
INFO    |movements.movement                          |            num_steps_per_lcm_cycle: 26
INFO    |movements.movement                          |              delta_time: 0.0385 s
INFO    |movements.movement                          |              Mismatch: 0.380
INFO    |movements.movement                          |            num_steps_per_lcm_cycle: 27
INFO    |movements.movement                          |              delta_time: 0.0370 s
INFO    |movements.movement                          |              Mismatch: 0.346
INFO    |movements.movement                          |            num_steps_per_lcm_cycle: 28
INFO    |movements.movement                          |              delta_time: 0.0357 s
INFO    |movements.movement                          |              Mismatch: 0.313
INFO    |movements.movement                          |            num_steps_per_lcm_cycle: 29
INFO    |movements.movement                          |              delta_time: 0.0345 s
INFO    |movements.movement                          |              Mismatch: 0.282
INFO    |movements.movement                          |            num_steps_per_lcm_cycle: 30
INFO    |movements.movement                          |              delta_time: 0.0333 s
INFO    |movements.movement                          |              Mismatch: 0.253
INFO    |movements.movement                          |            num_steps_per_lcm_cycle: 31
INFO    |movements.movement                          |              delta_time: 0.0323 s
INFO    |movements.movement                          |              Mismatch: 0.225
INFO    |movements.movement                          |            num_steps_per_lcm_cycle: 32
INFO    |movements.movement                          |              delta_time: 0.0312 s
INFO    |movements.movement                          |              Mismatch: 0.198
INFO    |movements.movement                          |            num_steps_per_lcm_cycle: 33
INFO    |movements.movement                          |              delta_time: 0.0303 s
INFO    |movements.movement                          |              Mismatch: 0.172
INFO    |movements.movement                          |            num_steps_per_lcm_cycle: 34
INFO    |movements.movement                          |              delta_time: 0.0294 s
INFO    |movements.movement                          |              Mismatch: 0.147
INFO    |movements.movement                          |            num_steps_per_lcm_cycle: 35
INFO    |movements.movement                          |              delta_time: 0.0286 s
INFO    |movements.movement                          |              Mismatch: 0.124
INFO    |movements.movement                          |            num_steps_per_lcm_cycle: 36
INFO    |movements.movement                          |              delta_time: 0.0278 s
INFO    |movements.movement                          |              Mismatch: 0.101
INFO    |movements.movement                          |            num_steps_per_lcm_cycle: 37
INFO    |movements.movement                          |              delta_time: 0.0270 s
INFO    |movements.movement                          |              Mismatch: 0.0791
INFO    |movements.movement                          |            num_steps_per_lcm_cycle: 38
INFO    |movements.movement                          |              delta_time: 0.0263 s
INFO    |movements.movement                          |              Mismatch: 0.0581
INFO    |movements.movement                          |            num_steps_per_lcm_cycle: 39
INFO    |movements.movement                          |              delta_time: 0.0256 s
INFO    |movements.movement                          |              Mismatch: 0.0380
INFO    |movements.movement                          |            num_steps_per_lcm_cycle: 40
INFO    |movements.movement                          |              delta_time: 0.0250 s
INFO    |movements.movement                          |              Mismatch: 0.0198
INFO    |movements.movement                          |            num_steps_per_lcm_cycle: 41
INFO    |movements.movement                          |              delta_time: 0.0244 s
INFO    |movements.movement                          |              Mismatch: 0.0212
INFO    |movements.movement                          |            num_steps_per_lcm_cycle: 42
INFO    |movements.movement                          |              delta_time: 0.0238 s
INFO    |movements.movement                          |              Mismatch: 0.0301
INFO    |movements.movement                          |            num_steps_per_lcm_cycle: 43
INFO    |movements.movement                          |              delta_time: 0.0233 s
INFO    |movements.movement                          |              Mismatch: 0.0422
INFO    |movements.movement                          |            num_steps_per_lcm_cycle: 44
INFO    |movements.movement                          |              delta_time: 0.0227 s
INFO    |movements.movement                          |              Mismatch: 0.0558
INFO    |movements.movement                          |            num_steps_per_lcm_cycle: 45
INFO    |movements.movement                          |              delta_time: 0.0222 s
INFO    |movements.movement                          |              Mismatch: 0.0701
INFO    |movements.movement                          |            num_steps_per_lcm_cycle: 46
INFO    |movements.movement                          |              delta_time: 0.0217 s
INFO    |movements.movement                          |              Mismatch: 0.0848
INFO    |movements.movement                          |            num_steps_per_lcm_cycle: 47
INFO    |movements.movement                          |              delta_time: 0.0213 s
INFO    |movements.movement                          |              Mismatch: 0.0995
INFO    |movements.movement                          |            num_steps_per_lcm_cycle: 48
INFO    |movements.movement                          |              delta_time: 0.0208 s
INFO    |movements.movement                          |              Mismatch: 0.114
INFO    |movements.movement                          |            num_steps_per_lcm_cycle: 49
INFO    |movements.movement                          |              delta_time: 0.0204 s
INFO    |movements.movement                          |              Mismatch: 0.128
INFO    |movements.movement                          |            num_steps_per_lcm_cycle: 50
INFO    |movements.movement                          |              delta_time: 0.0200 s
INFO    |movements.movement                          |              Mismatch: 0.142
INFO    |movements.movement                          |            num_steps_per_lcm_cycle: 51
INFO    |movements.movement                          |              delta_time: 0.0196 s
INFO    |movements.movement                          |              Mismatch: 0.155
INFO    |movements.movement                          |            num_steps_per_lcm_cycle: 52
INFO    |movements.movement                          |              delta_time: 0.0192 s
INFO    |movements.movement                          |              Mismatch: 0.168
INFO    |movements.movement                          |            num_steps_per_lcm_cycle: 53
INFO    |movements.movement                          |              delta_time: 0.0189 s
INFO    |movements.movement                          |              Mismatch: 0.181
INFO    |movements.movement                          |            num_steps_per_lcm_cycle: 54
INFO    |movements.movement                          |              delta_time: 0.0185 s
INFO    |movements.movement                          |              Mismatch: 0.193
INFO    |movements.movement                          |            num_steps_per_lcm_cycle: 55
INFO    |movements.movement                          |              delta_time: 0.0182 s
INFO    |movements.movement                          |              Mismatch: 0.205
INFO    |movements.movement                          |            num_steps_per_lcm_cycle: 56
INFO    |movements.movement                          |              delta_time: 0.0179 s
INFO    |movements.movement                          |              Mismatch: 0.216
INFO    |movements.movement                          |            num_steps_per_lcm_cycle: 57
INFO    |movements.movement                          |              delta_time: 0.0175 s
INFO    |movements.movement                          |              Mismatch: 0.227
INFO    |movements.movement                          |            num_steps_per_lcm_cycle: 58
INFO    |movements.movement                          |              delta_time: 0.0172 s
INFO    |movements.movement                          |              Mismatch: 0.238
INFO    |movements.movement                          |            num_steps_per_lcm_cycle: 59
INFO    |movements.movement                          |              delta_time: 0.0169 s
INFO    |movements.movement                          |              Mismatch: 0.249
INFO    |movements.movement                          |            num_steps_per_lcm_cycle: 60
INFO    |movements.movement                          |              delta_time: 0.0167 s
INFO    |movements.movement                          |              Mismatch: 0.259
INFO    |movements.movement                          |            num_steps_per_lcm_cycle: 61
INFO    |movements.movement                          |              delta_time: 0.0164 s
INFO    |movements.movement                          |              Mismatch: 0.269
INFO    |movements.movement                          |            num_steps_per_lcm_cycle: 62
INFO    |movements.movement                          |              delta_time: 0.0161 s
INFO    |movements.movement                          |              Mismatch: 0.279
INFO    |movements.movement                          |            num_steps_per_lcm_cycle: 63
INFO    |movements.movement                          |              delta_time: 0.0159 s
INFO    |movements.movement                          |              Mismatch: 0.288
INFO    |movements.movement                          |            num_steps_per_lcm_cycle: 64
INFO    |movements.movement                          |              delta_time: 0.0156 s
INFO    |movements.movement                          |              Mismatch: 0.297
INFO    |movements.movement                          |            num_steps_per_lcm_cycle: 65
INFO    |movements.movement                          |              delta_time: 0.0154 s
INFO    |movements.movement                          |              Mismatch: 0.306
INFO    |movements.movement                          |            num_steps_per_lcm_cycle: 66
INFO    |movements.movement                          |              delta_time: 0.0152 s
INFO    |movements.movement                          |              Mismatch: 0.315
INFO    |movements.movement                          |            num_steps_per_lcm_cycle: 67
INFO    |movements.movement                          |              delta_time: 0.0149 s
INFO    |movements.movement                          |              Mismatch: 0.324
INFO    |movements.movement                          |            num_steps_per_lcm_cycle: 68
INFO    |movements.movement                          |              delta_time: 0.0147 s
INFO    |movements.movement                          |              Mismatch: 0.332
INFO    |movements.movement                          |            num_steps_per_lcm_cycle: 69
INFO    |movements.movement                          |              delta_time: 0.0145 s
INFO    |movements.movement                          |              Mismatch: 0.340
INFO    |movements.movement                          |            num_steps_per_lcm_cycle: 70
INFO    |movements.movement                          |              delta_time: 0.0143 s
INFO    |movements.movement                          |              Mismatch: 0.348
INFO    |movements.movement                          |            num_steps_per_lcm_cycle: 71
INFO    |movements.movement                          |              delta_time: 0.0141 s
INFO    |movements.movement                          |              Mismatch: 0.356
INFO    |movements.movement                          |            num_steps_per_lcm_cycle: 72
INFO    |movements.movement                          |              delta_time: 0.0139 s
INFO    |movements.movement                          |              Mismatch: 0.363
INFO    |movements.movement                          |            num_steps_per_lcm_cycle: 73
INFO    |movements.movement                          |              delta_time: 0.0137 s
INFO    |movements.movement                          |              Mismatch: 0.371
INFO    |movements.movement                          |            num_steps_per_lcm_cycle: 74
INFO    |movements.movement                          |              delta_time: 0.0135 s
INFO    |movements.movement                          |              Mismatch: 0.378
INFO    |movements.movement                          |            num_steps_per_lcm_cycle: 75
INFO    |movements.movement                          |              delta_time: 0.0133 s
INFO    |movements.movement                          |              Mismatch: 0.385
INFO    |movements.movement                          |            num_steps_per_lcm_cycle: 76
INFO    |movements.movement                          |              delta_time: 0.0132 s
INFO    |movements.movement                          |              Mismatch: 0.392
INFO    |movements.movement                          |            num_steps_per_lcm_cycle: 77
INFO    |movements.movement                          |              delta_time: 0.0130 s
INFO    |movements.movement                          |              Mismatch: 0.398
INFO    |movements.movement                          |            num_steps_per_lcm_cycle: 78
INFO    |movements.movement                          |              delta_time: 0.0128 s
INFO    |movements.movement                          |              Mismatch: 0.405
INFO    |movements.movement                          |            num_steps_per_lcm_cycle: 79
INFO    |movements.movement                          |              delta_time: 0.0127 s
INFO    |movements.movement                          |              Mismatch: 0.411
INFO    |movements.movement                          |            num_steps_per_lcm_cycle: 80
INFO    |movements.movement                          |              delta_time: 0.0125 s
INFO    |movements.movement                          |              Mismatch: 0.418
INFO    |movements.movement                          |            num_steps_per_lcm_cycle: 81
INFO    |movements.movement                          |              delta_time: 0.0123 s
INFO    |movements.movement                          |              Mismatch: 0.424
INFO    |movements.movement                          |            num_steps_per_lcm_cycle: 82
INFO    |movements.movement                          |              delta_time: 0.0122 s
INFO    |movements.movement                          |              Mismatch: 0.430
INFO    |movements.movement                          |            num_steps_per_lcm_cycle: 83
INFO    |movements.movement                          |              delta_time: 0.0120 s
INFO    |movements.movement                          |              Mismatch: 0.436
INFO    |movements.movement                          |          Best:
INFO    |movements.movement                          |            num_steps_per_lcm_cycle: 40
INFO    |movements.movement                          |            delta_time: 0.0250 s
INFO    |movements.movement                          |            Mismatch: 0.0198
INFO    |movements.movement                          |          Optimization complete
INFO    |convergence                                 |          Starting simulation
INFO    |unsteady_ring_vortex_lattice_method         |            Unsteady ring vortex lattice method solver completed in 0.144 s
INFO    |convergence                                 |          Simulation completed in 0.144 s
INFO    |convergence                                 |          Wake type convergence: not checked
INFO    |convergence                                 |          Wake length convergence: not checked
INFO    |convergence                                 |          Panel aspect ratio convergence:
INFO    |convergence                                 |            cFX_W: 55.63%
INFO    |convergence                                 |            cFY_W: 100.0%
INFO    |convergence                                 |            cFZ_W: 59.33%
INFO    |convergence                                 |            cMX_W_Cg: 100.0%
INFO    |convergence                                 |            cMY_W_Cg: 68.66%
INFO    |convergence                                 |            cMZ_W_Cg: 100.0%
INFO    |convergence                                 |          Number of chordwise Panels convergence:
INFO    |convergence                                 |            cFX_W: 100.0%
INFO    |convergence                                 |            cFY_W: 100.0%
INFO    |convergence                                 |            cFZ_W: 100.0%
INFO    |convergence                                 |            cMX_W_Cg: 100.0%
INFO    |convergence                                 |            cMY_W_Cg: 100.0%
INFO    |convergence                                 |            cMZ_W_Cg: 100.0%
INFO    |convergence                                 |        Chordwise Panels: 5
INFO    |convergence                                 |          Iteration number: 9/96
INFO    |movements.movement                          |          Starting analytical delta_time optimization
INFO    |movements.movement                          |            Result:
INFO    |movements.movement                          |              delta_time: 0.0196 s
INFO    |movements.movement                          |              Steps per LCM period: 51
INFO    |movements.movement                          |          Analytical optimization complete
INFO    |movements.movement                          |          Starting delta_time optimization
INFO    |movements.movement                          |            Searching:
INFO    |movements.movement                          |              num_steps_per_lcm_cycle: 25 to 103
INFO    |movements.movement                          |            num_steps_per_lcm_cycle: 25
INFO    |movements.movement                          |              delta_time: 0.0400 s
INFO    |movements.movement                          |              Mismatch: 0.627
INFO    |movements.movement                          |            num_steps_per_lcm_cycle: 26
INFO    |movements.movement                          |              delta_time: 0.0385 s
INFO    |movements.movement                          |              Mismatch: 0.589
INFO    |movements.movement                          |            num_steps_per_lcm_cycle: 27
INFO    |movements.movement                          |              delta_time: 0.0370 s
INFO    |movements.movement                          |              Mismatch: 0.553
INFO    |movements.movement                          |            num_steps_per_lcm_cycle: 28
INFO    |movements.movement                          |              delta_time: 0.0357 s
INFO    |movements.movement                          |              Mismatch: 0.518
INFO    |movements.movement                          |            num_steps_per_lcm_cycle: 29
INFO    |movements.movement                          |              delta_time: 0.0345 s
INFO    |movements.movement                          |              Mismatch: 0.485
INFO    |movements.movement                          |            num_steps_per_lcm_cycle: 30
INFO    |movements.movement                          |              delta_time: 0.0333 s
INFO    |movements.movement                          |              Mismatch: 0.454
INFO    |movements.movement                          |            num_steps_per_lcm_cycle: 31
INFO    |movements.movement                          |              delta_time: 0.0323 s
INFO    |movements.movement                          |              Mismatch: 0.423
INFO    |movements.movement                          |            num_steps_per_lcm_cycle: 32
INFO    |movements.movement                          |              delta_time: 0.0312 s
INFO    |movements.movement                          |              Mismatch: 0.394
INFO    |movements.movement                          |            num_steps_per_lcm_cycle: 33
INFO    |movements.movement                          |              delta_time: 0.0303 s
INFO    |movements.movement                          |              Mismatch: 0.366
INFO    |movements.movement                          |            num_steps_per_lcm_cycle: 34
INFO    |movements.movement                          |              delta_time: 0.0294 s
INFO    |movements.movement                          |              Mismatch: 0.340
INFO    |movements.movement                          |            num_steps_per_lcm_cycle: 35
INFO    |movements.movement                          |              delta_time: 0.0286 s
INFO    |movements.movement                          |              Mismatch: 0.314
INFO    |movements.movement                          |            num_steps_per_lcm_cycle: 36
INFO    |movements.movement                          |              delta_time: 0.0278 s
INFO    |movements.movement                          |              Mismatch: 0.289
INFO    |movements.movement                          |            num_steps_per_lcm_cycle: 37
INFO    |movements.movement                          |              delta_time: 0.0270 s
INFO    |movements.movement                          |              Mismatch: 0.265
INFO    |movements.movement                          |            num_steps_per_lcm_cycle: 38
INFO    |movements.movement                          |              delta_time: 0.0263 s
INFO    |movements.movement                          |              Mismatch: 0.242
INFO    |movements.movement                          |            num_steps_per_lcm_cycle: 39
INFO    |movements.movement                          |              delta_time: 0.0256 s
INFO    |movements.movement                          |              Mismatch: 0.220
INFO    |movements.movement                          |            num_steps_per_lcm_cycle: 40
INFO    |movements.movement                          |              delta_time: 0.0250 s
INFO    |movements.movement                          |              Mismatch: 0.198
INFO    |movements.movement                          |            num_steps_per_lcm_cycle: 41
INFO    |movements.movement                          |              delta_time: 0.0244 s
INFO    |movements.movement                          |              Mismatch: 0.177
INFO    |movements.movement                          |            num_steps_per_lcm_cycle: 42
INFO    |movements.movement                          |              delta_time: 0.0238 s
INFO    |movements.movement                          |              Mismatch: 0.157
INFO    |movements.movement                          |            num_steps_per_lcm_cycle: 43
INFO    |movements.movement                          |              delta_time: 0.0233 s
INFO    |movements.movement                          |              Mismatch: 0.138
INFO    |movements.movement                          |            num_steps_per_lcm_cycle: 44
INFO    |movements.movement                          |              delta_time: 0.0227 s
INFO    |movements.movement                          |              Mismatch: 0.119
INFO    |movements.movement                          |            num_steps_per_lcm_cycle: 45
INFO    |movements.movement                          |              delta_time: 0.0222 s
INFO    |movements.movement                          |              Mismatch: 0.101
INFO    |movements.movement                          |            num_steps_per_lcm_cycle: 46
INFO    |movements.movement                          |              delta_time: 0.0217 s
INFO    |movements.movement                          |              Mismatch: 0.0837
INFO    |movements.movement                          |            num_steps_per_lcm_cycle: 47
INFO    |movements.movement                          |              delta_time: 0.0213 s
INFO    |movements.movement                          |              Mismatch: 0.0667
INFO    |movements.movement                          |            num_steps_per_lcm_cycle: 48
INFO    |movements.movement                          |              delta_time: 0.0208 s
INFO    |movements.movement                          |              Mismatch: 0.0503
INFO    |movements.movement                          |            num_steps_per_lcm_cycle: 49
INFO    |movements.movement                          |              delta_time: 0.0204 s
INFO    |movements.movement                          |              Mismatch: 0.0343
INFO    |movements.movement                          |            num_steps_per_lcm_cycle: 50
INFO    |movements.movement                          |              delta_time: 0.0200 s
INFO    |movements.movement                          |              Mismatch: 0.0201
INFO    |movements.movement                          |            num_steps_per_lcm_cycle: 51
INFO    |movements.movement                          |              delta_time: 0.0196 s
INFO    |movements.movement                          |              Mismatch: 0.0202
INFO    |movements.movement                          |            num_steps_per_lcm_cycle: 52
INFO    |movements.movement                          |              delta_time: 0.0192 s
INFO    |movements.movement                          |              Mismatch: 0.0261
INFO    |movements.movement                          |            num_steps_per_lcm_cycle: 53
INFO    |movements.movement                          |              delta_time: 0.0189 s
INFO    |movements.movement                          |              Mismatch: 0.0346
INFO    |movements.movement                          |            num_steps_per_lcm_cycle: 54
INFO    |movements.movement                          |              delta_time: 0.0185 s
INFO    |movements.movement                          |              Mismatch: 0.0447
INFO    |movements.movement                          |            num_steps_per_lcm_cycle: 55
INFO    |movements.movement                          |              delta_time: 0.0182 s
INFO    |movements.movement                          |              Mismatch: 0.0557
INFO    |movements.movement                          |            num_steps_per_lcm_cycle: 56
INFO    |movements.movement                          |              delta_time: 0.0179 s
INFO    |movements.movement                          |              Mismatch: 0.0671
INFO    |movements.movement                          |            num_steps_per_lcm_cycle: 57
INFO    |movements.movement                          |              delta_time: 0.0175 s
INFO    |movements.movement                          |              Mismatch: 0.0787
INFO    |movements.movement                          |            num_steps_per_lcm_cycle: 58
INFO    |movements.movement                          |              delta_time: 0.0172 s
INFO    |movements.movement                          |              Mismatch: 0.0905
INFO    |movements.movement                          |            num_steps_per_lcm_cycle: 59
INFO    |movements.movement                          |              delta_time: 0.0169 s
INFO    |movements.movement                          |              Mismatch: 0.102
INFO    |movements.movement                          |            num_steps_per_lcm_cycle: 60
INFO    |movements.movement                          |              delta_time: 0.0167 s
INFO    |movements.movement                          |              Mismatch: 0.114
INFO    |movements.movement                          |            num_steps_per_lcm_cycle: 61
INFO    |movements.movement                          |              delta_time: 0.0164 s
INFO    |movements.movement                          |              Mismatch: 0.125
INFO    |movements.movement                          |            num_steps_per_lcm_cycle: 62
INFO    |movements.movement                          |              delta_time: 0.0161 s
INFO    |movements.movement                          |              Mismatch: 0.136
INFO    |movements.movement                          |            num_steps_per_lcm_cycle: 63
INFO    |movements.movement                          |              delta_time: 0.0159 s
INFO    |movements.movement                          |              Mismatch: 0.147
INFO    |movements.movement                          |            num_steps_per_lcm_cycle: 64
INFO    |movements.movement                          |              delta_time: 0.0156 s
INFO    |movements.movement                          |              Mismatch: 0.158
INFO    |movements.movement                          |            num_steps_per_lcm_cycle: 65
INFO    |movements.movement                          |              delta_time: 0.0154 s
INFO    |movements.movement                          |              Mismatch: 0.168
INFO    |movements.movement                          |            num_steps_per_lcm_cycle: 66
INFO    |movements.movement                          |              delta_time: 0.0152 s
INFO    |movements.movement                          |              Mismatch: 0.178
INFO    |movements.movement                          |            num_steps_per_lcm_cycle: 67
INFO    |movements.movement                          |              delta_time: 0.0149 s
INFO    |movements.movement                          |              Mismatch: 0.188
INFO    |movements.movement                          |            num_steps_per_lcm_cycle: 68
INFO    |movements.movement                          |              delta_time: 0.0147 s
INFO    |movements.movement                          |              Mismatch: 0.198
INFO    |movements.movement                          |            num_steps_per_lcm_cycle: 69
INFO    |movements.movement                          |              delta_time: 0.0145 s
INFO    |movements.movement                          |              Mismatch: 0.207
INFO    |movements.movement                          |            num_steps_per_lcm_cycle: 70
INFO    |movements.movement                          |              delta_time: 0.0143 s
INFO    |movements.movement                          |              Mismatch: 0.216
INFO    |movements.movement                          |            num_steps_per_lcm_cycle: 71
INFO    |movements.movement                          |              delta_time: 0.0141 s
INFO    |movements.movement                          |              Mismatch: 0.225
INFO    |movements.movement                          |            num_steps_per_lcm_cycle: 72
INFO    |movements.movement                          |              delta_time: 0.0139 s
INFO    |movements.movement                          |              Mismatch: 0.234
INFO    |movements.movement                          |            num_steps_per_lcm_cycle: 73
INFO    |movements.movement                          |              delta_time: 0.0137 s
INFO    |movements.movement                          |              Mismatch: 0.242
INFO    |movements.movement                          |            num_steps_per_lcm_cycle: 74
INFO    |movements.movement                          |              delta_time: 0.0135 s
INFO    |movements.movement                          |              Mismatch: 0.251
INFO    |movements.movement                          |            num_steps_per_lcm_cycle: 75
INFO    |movements.movement                          |              delta_time: 0.0133 s
INFO    |movements.movement                          |              Mismatch: 0.259
INFO    |movements.movement                          |            num_steps_per_lcm_cycle: 76
INFO    |movements.movement                          |              delta_time: 0.0132 s
INFO    |movements.movement                          |              Mismatch: 0.267
INFO    |movements.movement                          |            num_steps_per_lcm_cycle: 77
INFO    |movements.movement                          |              delta_time: 0.0130 s
INFO    |movements.movement                          |              Mismatch: 0.275
INFO    |movements.movement                          |            num_steps_per_lcm_cycle: 78
INFO    |movements.movement                          |              delta_time: 0.0128 s
INFO    |movements.movement                          |              Mismatch: 0.282
INFO    |movements.movement                          |            num_steps_per_lcm_cycle: 79
INFO    |movements.movement                          |              delta_time: 0.0127 s
INFO    |movements.movement                          |              Mismatch: 0.290
INFO    |movements.movement                          |            num_steps_per_lcm_cycle: 80
INFO    |movements.movement                          |              delta_time: 0.0125 s
INFO    |movements.movement                          |              Mismatch: 0.297
INFO    |movements.movement                          |            num_steps_per_lcm_cycle: 81
INFO    |movements.movement                          |              delta_time: 0.0123 s
INFO    |movements.movement                          |              Mismatch: 0.304
INFO    |movements.movement                          |            num_steps_per_lcm_cycle: 82
INFO    |movements.movement                          |              delta_time: 0.0122 s
INFO    |movements.movement                          |              Mismatch: 0.311
INFO    |movements.movement                          |            num_steps_per_lcm_cycle: 83
INFO    |movements.movement                          |              delta_time: 0.0120 s
INFO    |movements.movement                          |              Mismatch: 0.318
INFO    |movements.movement                          |            num_steps_per_lcm_cycle: 84
INFO    |movements.movement                          |              delta_time: 0.0119 s
INFO    |movements.movement                          |              Mismatch: 0.325
INFO    |movements.movement                          |            num_steps_per_lcm_cycle: 85
INFO    |movements.movement                          |              delta_time: 0.0118 s
INFO    |movements.movement                          |              Mismatch: 0.332
INFO    |movements.movement                          |            num_steps_per_lcm_cycle: 86
INFO    |movements.movement                          |              delta_time: 0.0116 s
INFO    |movements.movement                          |              Mismatch: 0.338
INFO    |movements.movement                          |            num_steps_per_lcm_cycle: 87
INFO    |movements.movement                          |              delta_time: 0.0115 s
INFO    |movements.movement                          |              Mismatch: 0.345
INFO    |movements.movement                          |            num_steps_per_lcm_cycle: 88
INFO    |movements.movement                          |              delta_time: 0.0114 s
INFO    |movements.movement                          |              Mismatch: 0.351
INFO    |movements.movement                          |            num_steps_per_lcm_cycle: 89
INFO    |movements.movement                          |              delta_time: 0.0112 s
INFO    |movements.movement                          |              Mismatch: 0.357
INFO    |movements.movement                          |            num_steps_per_lcm_cycle: 90
INFO    |movements.movement                          |              delta_time: 0.0111 s
INFO    |movements.movement                          |              Mismatch: 0.363
INFO    |movements.movement                          |            num_steps_per_lcm_cycle: 91
INFO    |movements.movement                          |              delta_time: 0.0110 s
INFO    |movements.movement                          |              Mismatch: 0.369
INFO    |movements.movement                          |            num_steps_per_lcm_cycle: 92
INFO    |movements.movement                          |              delta_time: 0.0109 s
INFO    |movements.movement                          |              Mismatch: 0.375
INFO    |movements.movement                          |            num_steps_per_lcm_cycle: 93
INFO    |movements.movement                          |              delta_time: 0.0108 s
INFO    |movements.movement                          |              Mismatch: 0.380
INFO    |movements.movement                          |            num_steps_per_lcm_cycle: 94
INFO    |movements.movement                          |              delta_time: 0.0106 s
INFO    |movements.movement                          |              Mismatch: 0.386
INFO    |movements.movement                          |            num_steps_per_lcm_cycle: 95
INFO    |movements.movement                          |              delta_time: 0.0105 s
INFO    |movements.movement                          |              Mismatch: 0.392
INFO    |movements.movement                          |            num_steps_per_lcm_cycle: 96
INFO    |movements.movement                          |              delta_time: 0.0104 s
INFO    |movements.movement                          |              Mismatch: 0.397
INFO    |movements.movement                          |            num_steps_per_lcm_cycle: 97
INFO    |movements.movement                          |              delta_time: 0.0103 s
INFO    |movements.movement                          |              Mismatch: 0.402
INFO    |movements.movement                          |            num_steps_per_lcm_cycle: 98
INFO    |movements.movement                          |              delta_time: 0.0102 s
INFO    |movements.movement                          |              Mismatch: 0.407
INFO    |movements.movement                          |            num_steps_per_lcm_cycle: 99
INFO    |movements.movement                          |              delta_time: 0.0101 s
INFO    |movements.movement                          |              Mismatch: 0.413
INFO    |movements.movement                          |            num_steps_per_lcm_cycle: 100
INFO    |movements.movement                          |              delta_time: 0.0100 s
INFO    |movements.movement                          |              Mismatch: 0.418
INFO    |movements.movement                          |            num_steps_per_lcm_cycle: 101
INFO    |movements.movement                          |              delta_time: 0.00990 s
INFO    |movements.movement                          |              Mismatch: 0.423
INFO    |movements.movement                          |            num_steps_per_lcm_cycle: 102
INFO    |movements.movement                          |              delta_time: 0.00980 s
INFO    |movements.movement                          |              Mismatch: 0.427
INFO    |movements.movement                          |            num_steps_per_lcm_cycle: 103
INFO    |movements.movement                          |              delta_time: 0.00971 s
INFO    |movements.movement                          |              Mismatch: 0.432
INFO    |movements.movement                          |          Best:
INFO    |movements.movement                          |            num_steps_per_lcm_cycle: 50
INFO    |movements.movement                          |            delta_time: 0.0200 s
INFO    |movements.movement                          |            Mismatch: 0.0201
INFO    |movements.movement                          |          Optimization complete
INFO    |convergence                                 |          Starting simulation
INFO    |unsteady_ring_vortex_lattice_method         |            Unsteady ring vortex lattice method solver completed in 0.281 s
INFO    |convergence                                 |          Simulation completed in 0.281 s
INFO    |convergence                                 |          Wake type convergence: not checked
INFO    |convergence                                 |          Wake length convergence: not checked
INFO    |convergence                                 |          Panel aspect ratio convergence:
INFO    |convergence                                 |            cFX_W: 56.49%
INFO    |convergence                                 |            cFY_W: 100.0%
INFO    |convergence                                 |            cFZ_W: 60.40%
INFO    |convergence                                 |            cMX_W_Cg: 100.0%
INFO    |convergence                                 |            cMY_W_Cg: 68.83%
INFO    |convergence                                 |            cMZ_W_Cg: 100.0%
INFO    |convergence                                 |          Number of chordwise Panels convergence:
INFO    |convergence                                 |            cFX_W: 100.0%
INFO    |convergence                                 |            cFY_W: 100.0%
INFO    |convergence                                 |            cFZ_W: 85.98%
INFO    |convergence                                 |            cMX_W_Cg: 100.0%
INFO    |convergence                                 |            cMY_W_Cg: 97.81%
INFO    |convergence                                 |            cMZ_W_Cg: 100.0%
INFO    |convergence                                 |      Panel aspect ratio: 1
INFO    |convergence                                 |        Chordwise Panels: 3
INFO    |convergence                                 |          Iteration number: 10/96
INFO    |movements.movement                          |          Starting analytical delta_time optimization
INFO    |movements.movement                          |            Result:
INFO    |movements.movement                          |              delta_time: 0.0323 s
INFO    |movements.movement                          |              Steps per LCM period: 31
INFO    |movements.movement                          |          Analytical optimization complete
INFO    |movements.movement                          |          Starting delta_time optimization
INFO    |movements.movement                          |            Searching:
INFO    |movements.movement                          |              num_steps_per_lcm_cycle: 15 to 63
INFO    |movements.movement                          |            num_steps_per_lcm_cycle: 15
INFO    |movements.movement                          |              delta_time: 0.0667 s
INFO    |movements.movement                          |              Mismatch: 0.625
INFO    |movements.movement                          |            num_steps_per_lcm_cycle: 16
INFO    |movements.movement                          |              delta_time: 0.0625 s
INFO    |movements.movement                          |              Mismatch: 0.563
INFO    |movements.movement                          |            num_steps_per_lcm_cycle: 17
INFO    |movements.movement                          |              delta_time: 0.0588 s
INFO    |movements.movement                          |              Mismatch: 0.505
INFO    |movements.movement                          |            num_steps_per_lcm_cycle: 18
INFO    |movements.movement                          |              delta_time: 0.0556 s
INFO    |movements.movement                          |              Mismatch: 0.452
INFO    |movements.movement                          |            num_steps_per_lcm_cycle: 19
INFO    |movements.movement                          |              delta_time: 0.0526 s
INFO    |movements.movement                          |              Mismatch: 0.402
INFO    |movements.movement                          |            num_steps_per_lcm_cycle: 20
INFO    |movements.movement                          |              delta_time: 0.0500 s
INFO    |movements.movement                          |              Mismatch: 0.356
INFO    |movements.movement                          |            num_steps_per_lcm_cycle: 21
INFO    |movements.movement                          |              delta_time: 0.0476 s
INFO    |movements.movement                          |              Mismatch: 0.312
INFO    |movements.movement                          |            num_steps_per_lcm_cycle: 22
INFO    |movements.movement                          |              delta_time: 0.0455 s
INFO    |movements.movement                          |              Mismatch: 0.272
INFO    |movements.movement                          |            num_steps_per_lcm_cycle: 23
INFO    |movements.movement                          |              delta_time: 0.0435 s
INFO    |movements.movement                          |              Mismatch: 0.233
INFO    |movements.movement                          |            num_steps_per_lcm_cycle: 24
INFO    |movements.movement                          |              delta_time: 0.0417 s
INFO    |movements.movement                          |              Mismatch: 0.197
INFO    |movements.movement                          |            num_steps_per_lcm_cycle: 25
INFO    |movements.movement                          |              delta_time: 0.0400 s
INFO    |movements.movement                          |              Mismatch: 0.163
INFO    |movements.movement                          |            num_steps_per_lcm_cycle: 26
INFO    |movements.movement                          |              delta_time: 0.0385 s
INFO    |movements.movement                          |              Mismatch: 0.131
INFO    |movements.movement                          |            num_steps_per_lcm_cycle: 27
INFO    |movements.movement                          |              delta_time: 0.0370 s
INFO    |movements.movement                          |              Mismatch: 0.100
INFO    |movements.movement                          |            num_steps_per_lcm_cycle: 28
INFO    |movements.movement                          |              delta_time: 0.0357 s
INFO    |movements.movement                          |              Mismatch: 0.0716
INFO    |movements.movement                          |            num_steps_per_lcm_cycle: 29
INFO    |movements.movement                          |              delta_time: 0.0345 s
INFO    |movements.movement                          |              Mismatch: 0.0442
INFO    |movements.movement                          |            num_steps_per_lcm_cycle: 30
INFO    |movements.movement                          |              delta_time: 0.0333 s
INFO    |movements.movement                          |              Mismatch: 0.0195
INFO    |movements.movement                          |            num_steps_per_lcm_cycle: 31
INFO    |movements.movement                          |              delta_time: 0.0323 s
INFO    |movements.movement                          |              Mismatch: 0.0238
INFO    |movements.movement                          |            num_steps_per_lcm_cycle: 32
INFO    |movements.movement                          |              delta_time: 0.0312 s
INFO    |movements.movement                          |              Mismatch: 0.0382
INFO    |movements.movement                          |            num_steps_per_lcm_cycle: 33
INFO    |movements.movement                          |              delta_time: 0.0303 s
INFO    |movements.movement                          |              Mismatch: 0.0561
INFO    |movements.movement                          |            num_steps_per_lcm_cycle: 34
INFO    |movements.movement                          |              delta_time: 0.0294 s
INFO    |movements.movement                          |              Mismatch: 0.0752
INFO    |movements.movement                          |            num_steps_per_lcm_cycle: 35
INFO    |movements.movement                          |              delta_time: 0.0286 s
INFO    |movements.movement                          |              Mismatch: 0.0948
INFO    |movements.movement                          |            num_steps_per_lcm_cycle: 36
INFO    |movements.movement                          |              delta_time: 0.0278 s
INFO    |movements.movement                          |              Mismatch: 0.114
INFO    |movements.movement                          |            num_steps_per_lcm_cycle: 37
INFO    |movements.movement                          |              delta_time: 0.0270 s
INFO    |movements.movement                          |              Mismatch: 0.133
INFO    |movements.movement                          |            num_steps_per_lcm_cycle: 38
INFO    |movements.movement                          |              delta_time: 0.0263 s
INFO    |movements.movement                          |              Mismatch: 0.151
INFO    |movements.movement                          |            num_steps_per_lcm_cycle: 39
INFO    |movements.movement                          |              delta_time: 0.0256 s
INFO    |movements.movement                          |              Mismatch: 0.168
INFO    |movements.movement                          |            num_steps_per_lcm_cycle: 40
INFO    |movements.movement                          |              delta_time: 0.0250 s
INFO    |movements.movement                          |              Mismatch: 0.185
INFO    |movements.movement                          |            num_steps_per_lcm_cycle: 41
INFO    |movements.movement                          |              delta_time: 0.0244 s
INFO    |movements.movement                          |              Mismatch: 0.201
INFO    |movements.movement                          |            num_steps_per_lcm_cycle: 42
INFO    |movements.movement                          |              delta_time: 0.0238 s
INFO    |movements.movement                          |              Mismatch: 0.216
INFO    |movements.movement                          |            num_steps_per_lcm_cycle: 43
INFO    |movements.movement                          |              delta_time: 0.0233 s
INFO    |movements.movement                          |              Mismatch: 0.231
INFO    |movements.movement                          |            num_steps_per_lcm_cycle: 44
INFO    |movements.movement                          |              delta_time: 0.0227 s
INFO    |movements.movement                          |              Mismatch: 0.245
INFO    |movements.movement                          |            num_steps_per_lcm_cycle: 45
INFO    |movements.movement                          |              delta_time: 0.0222 s
INFO    |movements.movement                          |              Mismatch: 0.259
INFO    |movements.movement                          |            num_steps_per_lcm_cycle: 46
INFO    |movements.movement                          |              delta_time: 0.0217 s
INFO    |movements.movement                          |              Mismatch: 0.272
INFO    |movements.movement                          |            num_steps_per_lcm_cycle: 47
INFO    |movements.movement                          |              delta_time: 0.0213 s
INFO    |movements.movement                          |              Mismatch: 0.285
INFO    |movements.movement                          |            num_steps_per_lcm_cycle: 48
INFO    |movements.movement                          |              delta_time: 0.0208 s
INFO    |movements.movement                          |              Mismatch: 0.297
INFO    |movements.movement                          |            num_steps_per_lcm_cycle: 49
INFO    |movements.movement                          |              delta_time: 0.0204 s
INFO    |movements.movement                          |              Mismatch: 0.309
INFO    |movements.movement                          |            num_steps_per_lcm_cycle: 50
INFO    |movements.movement                          |              delta_time: 0.0200 s
INFO    |movements.movement                          |              Mismatch: 0.321
INFO    |movements.movement                          |            num_steps_per_lcm_cycle: 51
INFO    |movements.movement                          |              delta_time: 0.0196 s
INFO    |movements.movement                          |              Mismatch: 0.332
INFO    |movements.movement                          |            num_steps_per_lcm_cycle: 52
INFO    |movements.movement                          |              delta_time: 0.0192 s
INFO    |movements.movement                          |              Mismatch: 0.343
INFO    |movements.movement                          |            num_steps_per_lcm_cycle: 53
INFO    |movements.movement                          |              delta_time: 0.0189 s
INFO    |movements.movement                          |              Mismatch: 0.353
INFO    |movements.movement                          |            num_steps_per_lcm_cycle: 54
INFO    |movements.movement                          |              delta_time: 0.0185 s
INFO    |movements.movement                          |              Mismatch: 0.363
INFO    |movements.movement                          |            num_steps_per_lcm_cycle: 55
INFO    |movements.movement                          |              delta_time: 0.0182 s
INFO    |movements.movement                          |              Mismatch: 0.373
INFO    |movements.movement                          |            num_steps_per_lcm_cycle: 56
INFO    |movements.movement                          |              delta_time: 0.0179 s
INFO    |movements.movement                          |              Mismatch: 0.383
INFO    |movements.movement                          |            num_steps_per_lcm_cycle: 57
INFO    |movements.movement                          |              delta_time: 0.0175 s
INFO    |movements.movement                          |              Mismatch: 0.392
INFO    |movements.movement                          |            num_steps_per_lcm_cycle: 58
INFO    |movements.movement                          |              delta_time: 0.0172 s
INFO    |movements.movement                          |              Mismatch: 0.401
INFO    |movements.movement                          |            num_steps_per_lcm_cycle: 59
INFO    |movements.movement                          |              delta_time: 0.0169 s
INFO    |movements.movement                          |              Mismatch: 0.409
INFO    |movements.movement                          |            num_steps_per_lcm_cycle: 60
INFO    |movements.movement                          |              delta_time: 0.0167 s
INFO    |movements.movement                          |              Mismatch: 0.418
INFO    |movements.movement                          |            num_steps_per_lcm_cycle: 61
INFO    |movements.movement                          |              delta_time: 0.0164 s
INFO    |movements.movement                          |              Mismatch: 0.426
INFO    |movements.movement                          |            num_steps_per_lcm_cycle: 62
INFO    |movements.movement                          |              delta_time: 0.0161 s
INFO    |movements.movement                          |              Mismatch: 0.434
INFO    |movements.movement                          |            num_steps_per_lcm_cycle: 63
INFO    |movements.movement                          |              delta_time: 0.0159 s
INFO    |movements.movement                          |              Mismatch: 0.442
INFO    |movements.movement                          |          Best:
INFO    |movements.movement                          |            num_steps_per_lcm_cycle: 30
INFO    |movements.movement                          |            delta_time: 0.0333 s
INFO    |movements.movement                          |            Mismatch: 0.0195
INFO    |movements.movement                          |          Optimization complete
INFO    |convergence                                 |          Starting simulation
INFO    |unsteady_ring_vortex_lattice_method         |            Unsteady ring vortex lattice method solver completed in 0.120 s
INFO    |convergence                                 |          Simulation completed in 0.120 s
INFO    |convergence                                 |          Wake type convergence: not checked
INFO    |convergence                                 |          Wake length convergence: not checked
INFO    |convergence                                 |          Panel aspect ratio convergence:
INFO    |convergence                                 |            cFX_W: 48.14%
INFO    |convergence                                 |            cFY_W: 100.0%
INFO    |convergence                                 |            cFZ_W: 50.85%
INFO    |convergence                                 |            cMX_W_Cg: 100.0%
INFO    |convergence                                 |            cMY_W_Cg: 59.86%
INFO    |convergence                                 |            cMZ_W_Cg: 100.0%
INFO    |convergence                                 |          Number of chordwise Panels convergence: not checked
INFO    |convergence                                 |        Chordwise Panels: 4
INFO    |convergence                                 |          Iteration number: 11/96
INFO    |movements.movement                          |          Starting analytical delta_time optimization
INFO    |movements.movement                          |            Result:
INFO    |movements.movement                          |              delta_time: 0.0244 s
INFO    |movements.movement                          |              Steps per LCM period: 41
INFO    |movements.movement                          |          Analytical optimization complete
INFO    |movements.movement                          |          Starting delta_time optimization
INFO    |movements.movement                          |            Searching:
INFO    |movements.movement                          |              num_steps_per_lcm_cycle: 20 to 83
INFO    |movements.movement                          |            num_steps_per_lcm_cycle: 20
INFO    |movements.movement                          |              delta_time: 0.0500 s
INFO    |movements.movement                          |              Mismatch: 0.626
INFO    |movements.movement                          |            num_steps_per_lcm_cycle: 21
INFO    |movements.movement                          |              delta_time: 0.0476 s
INFO    |movements.movement                          |              Mismatch: 0.579
INFO    |movements.movement                          |            num_steps_per_lcm_cycle: 22
INFO    |movements.movement                          |              delta_time: 0.0455 s
INFO    |movements.movement                          |              Mismatch: 0.535
INFO    |movements.movement                          |            num_steps_per_lcm_cycle: 23
INFO    |movements.movement                          |              delta_time: 0.0435 s
INFO    |movements.movement                          |              Mismatch: 0.493
INFO    |movements.movement                          |            num_steps_per_lcm_cycle: 24
INFO    |movements.movement                          |              delta_time: 0.0417 s
INFO    |movements.movement                          |              Mismatch: 0.453
INFO    |movements.movement                          |            num_steps_per_lcm_cycle: 25
INFO    |movements.movement                          |              delta_time: 0.0400 s
INFO    |movements.movement                          |              Mismatch: 0.416
INFO    |movements.movement                          |            num_steps_per_lcm_cycle: 26
INFO    |movements.movement                          |              delta_time: 0.0385 s
INFO    |movements.movement                          |              Mismatch: 0.380
INFO    |movements.movement                          |            num_steps_per_lcm_cycle: 27
INFO    |movements.movement                          |              delta_time: 0.0370 s
INFO    |movements.movement                          |              Mismatch: 0.346
INFO    |movements.movement                          |            num_steps_per_lcm_cycle: 28
INFO    |movements.movement                          |              delta_time: 0.0357 s
INFO    |movements.movement                          |              Mismatch: 0.313
INFO    |movements.movement                          |            num_steps_per_lcm_cycle: 29
INFO    |movements.movement                          |              delta_time: 0.0345 s
INFO    |movements.movement                          |              Mismatch: 0.282
INFO    |movements.movement                          |            num_steps_per_lcm_cycle: 30
INFO    |movements.movement                          |              delta_time: 0.0333 s
INFO    |movements.movement                          |              Mismatch: 0.253
INFO    |movements.movement                          |            num_steps_per_lcm_cycle: 31
INFO    |movements.movement                          |              delta_time: 0.0323 s
INFO    |movements.movement                          |              Mismatch: 0.225
INFO    |movements.movement                          |            num_steps_per_lcm_cycle: 32
INFO    |movements.movement                          |              delta_time: 0.0312 s
INFO    |movements.movement                          |              Mismatch: 0.198
INFO    |movements.movement                          |            num_steps_per_lcm_cycle: 33
INFO    |movements.movement                          |              delta_time: 0.0303 s
INFO    |movements.movement                          |              Mismatch: 0.172
INFO    |movements.movement                          |            num_steps_per_lcm_cycle: 34
INFO    |movements.movement                          |              delta_time: 0.0294 s
INFO    |movements.movement                          |              Mismatch: 0.147
INFO    |movements.movement                          |            num_steps_per_lcm_cycle: 35
INFO    |movements.movement                          |              delta_time: 0.0286 s
INFO    |movements.movement                          |              Mismatch: 0.124
INFO    |movements.movement                          |            num_steps_per_lcm_cycle: 36
INFO    |movements.movement                          |              delta_time: 0.0278 s
INFO    |movements.movement                          |              Mismatch: 0.101
INFO    |movements.movement                          |            num_steps_per_lcm_cycle: 37
INFO    |movements.movement                          |              delta_time: 0.0270 s
INFO    |movements.movement                          |              Mismatch: 0.0792
INFO    |movements.movement                          |            num_steps_per_lcm_cycle: 38
INFO    |movements.movement                          |              delta_time: 0.0263 s
INFO    |movements.movement                          |              Mismatch: 0.0582
INFO    |movements.movement                          |            num_steps_per_lcm_cycle: 39
INFO    |movements.movement                          |              delta_time: 0.0256 s
INFO    |movements.movement                          |              Mismatch: 0.0380
INFO    |movements.movement                          |            num_steps_per_lcm_cycle: 40
INFO    |movements.movement                          |              delta_time: 0.0250 s
INFO    |movements.movement                          |              Mismatch: 0.0199
INFO    |movements.movement                          |            num_steps_per_lcm_cycle: 41
INFO    |movements.movement                          |              delta_time: 0.0244 s
INFO    |movements.movement                          |              Mismatch: 0.0213
INFO    |movements.movement                          |            num_steps_per_lcm_cycle: 42
INFO    |movements.movement                          |              delta_time: 0.0238 s
INFO    |movements.movement                          |              Mismatch: 0.0302
INFO    |movements.movement                          |            num_steps_per_lcm_cycle: 43
INFO    |movements.movement                          |              delta_time: 0.0233 s
INFO    |movements.movement                          |              Mismatch: 0.0422
INFO    |movements.movement                          |            num_steps_per_lcm_cycle: 44
INFO    |movements.movement                          |              delta_time: 0.0227 s
INFO    |movements.movement                          |              Mismatch: 0.0558
INFO    |movements.movement                          |            num_steps_per_lcm_cycle: 45
INFO    |movements.movement                          |              delta_time: 0.0222 s
INFO    |movements.movement                          |              Mismatch: 0.0701
INFO    |movements.movement                          |            num_steps_per_lcm_cycle: 46
INFO    |movements.movement                          |              delta_time: 0.0217 s
INFO    |movements.movement                          |              Mismatch: 0.0847
INFO    |movements.movement                          |            num_steps_per_lcm_cycle: 47
INFO    |movements.movement                          |              delta_time: 0.0213 s
INFO    |movements.movement                          |              Mismatch: 0.0995
INFO    |movements.movement                          |            num_steps_per_lcm_cycle: 48
INFO    |movements.movement                          |              delta_time: 0.0208 s
INFO    |movements.movement                          |              Mismatch: 0.114
INFO    |movements.movement                          |            num_steps_per_lcm_cycle: 49
INFO    |movements.movement                          |              delta_time: 0.0204 s
INFO    |movements.movement                          |              Mismatch: 0.128
INFO    |movements.movement                          |            num_steps_per_lcm_cycle: 50
INFO    |movements.movement                          |              delta_time: 0.0200 s
INFO    |movements.movement                          |              Mismatch: 0.142
INFO    |movements.movement                          |            num_steps_per_lcm_cycle: 51
INFO    |movements.movement                          |              delta_time: 0.0196 s
INFO    |movements.movement                          |              Mismatch: 0.155
INFO    |movements.movement                          |            num_steps_per_lcm_cycle: 52
INFO    |movements.movement                          |              delta_time: 0.0192 s
INFO    |movements.movement                          |              Mismatch: 0.168
INFO    |movements.movement                          |            num_steps_per_lcm_cycle: 53
INFO    |movements.movement                          |              delta_time: 0.0189 s
INFO    |movements.movement                          |              Mismatch: 0.181
INFO    |movements.movement                          |            num_steps_per_lcm_cycle: 54
INFO    |movements.movement                          |              delta_time: 0.0185 s
INFO    |movements.movement                          |              Mismatch: 0.193
INFO    |movements.movement                          |            num_steps_per_lcm_cycle: 55
INFO    |movements.movement                          |              delta_time: 0.0182 s
INFO    |movements.movement                          |              Mismatch: 0.205
INFO    |movements.movement                          |            num_steps_per_lcm_cycle: 56
INFO    |movements.movement                          |              delta_time: 0.0179 s
INFO    |movements.movement                          |              Mismatch: 0.216
INFO    |movements.movement                          |            num_steps_per_lcm_cycle: 57
INFO    |movements.movement                          |              delta_time: 0.0175 s
INFO    |movements.movement                          |              Mismatch: 0.227
INFO    |movements.movement                          |            num_steps_per_lcm_cycle: 58
INFO    |movements.movement                          |              delta_time: 0.0172 s
INFO    |movements.movement                          |              Mismatch: 0.238
INFO    |movements.movement                          |            num_steps_per_lcm_cycle: 59
INFO    |movements.movement                          |              delta_time: 0.0169 s
INFO    |movements.movement                          |              Mismatch: 0.249
INFO    |movements.movement                          |            num_steps_per_lcm_cycle: 60
INFO    |movements.movement                          |              delta_time: 0.0167 s
INFO    |movements.movement                          |              Mismatch: 0.259
INFO    |movements.movement                          |            num_steps_per_lcm_cycle: 61
INFO    |movements.movement                          |              delta_time: 0.0164 s
INFO    |movements.movement                          |              Mismatch: 0.269
INFO    |movements.movement                          |            num_steps_per_lcm_cycle: 62
INFO    |movements.movement                          |              delta_time: 0.0161 s
INFO    |movements.movement                          |              Mismatch: 0.279
INFO    |movements.movement                          |            num_steps_per_lcm_cycle: 63
INFO    |movements.movement                          |              delta_time: 0.0159 s
INFO    |movements.movement                          |              Mismatch: 0.288
INFO    |movements.movement                          |            num_steps_per_lcm_cycle: 64
INFO    |movements.movement                          |              delta_time: 0.0156 s
INFO    |movements.movement                          |              Mismatch: 0.297
INFO    |movements.movement                          |            num_steps_per_lcm_cycle: 65
INFO    |movements.movement                          |              delta_time: 0.0154 s
INFO    |movements.movement                          |              Mismatch: 0.306
INFO    |movements.movement                          |            num_steps_per_lcm_cycle: 66
INFO    |movements.movement                          |              delta_time: 0.0152 s
INFO    |movements.movement                          |              Mismatch: 0.315
INFO    |movements.movement                          |            num_steps_per_lcm_cycle: 67
INFO    |movements.movement                          |              delta_time: 0.0149 s
INFO    |movements.movement                          |              Mismatch: 0.323
INFO    |movements.movement                          |            num_steps_per_lcm_cycle: 68
INFO    |movements.movement                          |              delta_time: 0.0147 s
INFO    |movements.movement                          |              Mismatch: 0.332
INFO    |movements.movement                          |            num_steps_per_lcm_cycle: 69
INFO    |movements.movement                          |              delta_time: 0.0145 s
INFO    |movements.movement                          |              Mismatch: 0.340
INFO    |movements.movement                          |            num_steps_per_lcm_cycle: 70
INFO    |movements.movement                          |              delta_time: 0.0143 s
INFO    |movements.movement                          |              Mismatch: 0.348
INFO    |movements.movement                          |            num_steps_per_lcm_cycle: 71
INFO    |movements.movement                          |              delta_time: 0.0141 s
INFO    |movements.movement                          |              Mismatch: 0.356
INFO    |movements.movement                          |            num_steps_per_lcm_cycle: 72
INFO    |movements.movement                          |              delta_time: 0.0139 s
INFO    |movements.movement                          |              Mismatch: 0.363
INFO    |movements.movement                          |            num_steps_per_lcm_cycle: 73
INFO    |movements.movement                          |              delta_time: 0.0137 s
INFO    |movements.movement                          |              Mismatch: 0.370
INFO    |movements.movement                          |            num_steps_per_lcm_cycle: 74
INFO    |movements.movement                          |              delta_time: 0.0135 s
INFO    |movements.movement                          |              Mismatch: 0.378
INFO    |movements.movement                          |            num_steps_per_lcm_cycle: 75
INFO    |movements.movement                          |              delta_time: 0.0133 s
INFO    |movements.movement                          |              Mismatch: 0.385
INFO    |movements.movement                          |            num_steps_per_lcm_cycle: 76
INFO    |movements.movement                          |              delta_time: 0.0132 s
INFO    |movements.movement                          |              Mismatch: 0.392
INFO    |movements.movement                          |            num_steps_per_lcm_cycle: 77
INFO    |movements.movement                          |              delta_time: 0.0130 s
INFO    |movements.movement                          |              Mismatch: 0.398
INFO    |movements.movement                          |            num_steps_per_lcm_cycle: 78
INFO    |movements.movement                          |              delta_time: 0.0128 s
INFO    |movements.movement                          |              Mismatch: 0.405
INFO    |movements.movement                          |            num_steps_per_lcm_cycle: 79
INFO    |movements.movement                          |              delta_time: 0.0127 s
INFO    |movements.movement                          |              Mismatch: 0.411
INFO    |movements.movement                          |            num_steps_per_lcm_cycle: 80
INFO    |movements.movement                          |              delta_time: 0.0125 s
INFO    |movements.movement                          |              Mismatch: 0.418
INFO    |movements.movement                          |            num_steps_per_lcm_cycle: 81
INFO    |movements.movement                          |              delta_time: 0.0123 s
INFO    |movements.movement                          |              Mismatch: 0.424
INFO    |movements.movement                          |            num_steps_per_lcm_cycle: 82
INFO    |movements.movement                          |              delta_time: 0.0122 s
INFO    |movements.movement                          |              Mismatch: 0.430
INFO    |movements.movement                          |            num_steps_per_lcm_cycle: 83
INFO    |movements.movement                          |              delta_time: 0.0120 s
INFO    |movements.movement                          |              Mismatch: 0.436
INFO    |movements.movement                          |          Best:
INFO    |movements.movement                          |            num_steps_per_lcm_cycle: 40
INFO    |movements.movement                          |            delta_time: 0.0250 s
INFO    |movements.movement                          |            Mismatch: 0.0199
INFO    |movements.movement                          |          Optimization complete
INFO    |convergence                                 |          Starting simulation
INFO    |unsteady_ring_vortex_lattice_method         |            Unsteady ring vortex lattice method solver completed in 0.269 s
INFO    |convergence                                 |          Simulation completed in 0.269 s
INFO    |convergence                                 |          Wake type convergence: not checked
INFO    |convergence                                 |          Wake length convergence: not checked
INFO    |convergence                                 |          Panel aspect ratio convergence:
INFO    |convergence                                 |            cFX_W: 48.28%
INFO    |convergence                                 |            cFY_W: 100.0%
INFO    |convergence                                 |            cFZ_W: 51.20%
INFO    |convergence                                 |            cMX_W_Cg: 100.0%
INFO    |convergence                                 |            cMY_W_Cg: 59.27%
INFO    |convergence                                 |            cMZ_W_Cg: 100.0%
INFO    |convergence                                 |          Number of chordwise Panels convergence:
INFO    |convergence                                 |            cFX_W: 100.0%
INFO    |convergence                                 |            cFY_W: 100.0%
INFO    |convergence                                 |            cFZ_W: 100.0%
INFO    |convergence                                 |            cMX_W_Cg: 100.0%
INFO    |convergence                                 |            cMY_W_Cg: 100.0%
INFO    |convergence                                 |            cMZ_W_Cg: 100.0%
INFO    |convergence                                 |        Chordwise Panels: 5
INFO    |convergence                                 |          Iteration number: 12/96
INFO    |movements.movement                          |          Starting analytical delta_time optimization
INFO    |movements.movement                          |            Result:
INFO    |movements.movement                          |              delta_time: 0.0196 s
INFO    |movements.movement                          |              Steps per LCM period: 51
INFO    |movements.movement                          |          Analytical optimization complete
INFO    |movements.movement                          |          Starting delta_time optimization
INFO    |movements.movement                          |            Searching:
INFO    |movements.movement                          |              num_steps_per_lcm_cycle: 25 to 103
INFO    |movements.movement                          |            num_steps_per_lcm_cycle: 25
INFO    |movements.movement                          |              delta_time: 0.0400 s
INFO    |movements.movement                          |              Mismatch: 0.627
INFO    |movements.movement                          |            num_steps_per_lcm_cycle: 26
INFO    |movements.movement                          |              delta_time: 0.0385 s
INFO    |movements.movement                          |              Mismatch: 0.589
INFO    |movements.movement                          |            num_steps_per_lcm_cycle: 27
INFO    |movements.movement                          |              delta_time: 0.0370 s
INFO    |movements.movement                          |              Mismatch: 0.553
INFO    |movements.movement                          |            num_steps_per_lcm_cycle: 28
INFO    |movements.movement                          |              delta_time: 0.0357 s
INFO    |movements.movement                          |              Mismatch: 0.519
INFO    |movements.movement                          |            num_steps_per_lcm_cycle: 29
INFO    |movements.movement                          |              delta_time: 0.0345 s
INFO    |movements.movement                          |              Mismatch: 0.485
INFO    |movements.movement                          |            num_steps_per_lcm_cycle: 30
INFO    |movements.movement                          |              delta_time: 0.0333 s
INFO    |movements.movement                          |              Mismatch: 0.454
INFO    |movements.movement                          |            num_steps_per_lcm_cycle: 31
INFO    |movements.movement                          |              delta_time: 0.0323 s
INFO    |movements.movement                          |              Mismatch: 0.423
INFO    |movements.movement                          |            num_steps_per_lcm_cycle: 32
INFO    |movements.movement                          |              delta_time: 0.0312 s
INFO    |movements.movement                          |              Mismatch: 0.394
INFO    |movements.movement                          |            num_steps_per_lcm_cycle: 33
INFO    |movements.movement                          |              delta_time: 0.0303 s
INFO    |movements.movement                          |              Mismatch: 0.366
INFO    |movements.movement                          |            num_steps_per_lcm_cycle: 34
INFO    |movements.movement                          |              delta_time: 0.0294 s
INFO    |movements.movement                          |              Mismatch: 0.340
INFO    |movements.movement                          |            num_steps_per_lcm_cycle: 35
INFO    |movements.movement                          |              delta_time: 0.0286 s
INFO    |movements.movement                          |              Mismatch: 0.314
INFO    |movements.movement                          |            num_steps_per_lcm_cycle: 36
INFO    |movements.movement                          |              delta_time: 0.0278 s
INFO    |movements.movement                          |              Mismatch: 0.289
INFO    |movements.movement                          |            num_steps_per_lcm_cycle: 37
INFO    |movements.movement                          |              delta_time: 0.0270 s
INFO    |movements.movement                          |              Mismatch: 0.265
INFO    |movements.movement                          |            num_steps_per_lcm_cycle: 38
INFO    |movements.movement                          |              delta_time: 0.0263 s
INFO    |movements.movement                          |              Mismatch: 0.242
INFO    |movements.movement                          |            num_steps_per_lcm_cycle: 39
INFO    |movements.movement                          |              delta_time: 0.0256 s
INFO    |movements.movement                          |              Mismatch: 0.220
INFO    |movements.movement                          |            num_steps_per_lcm_cycle: 40
INFO    |movements.movement                          |              delta_time: 0.0250 s
INFO    |movements.movement                          |              Mismatch: 0.198
INFO    |movements.movement                          |            num_steps_per_lcm_cycle: 41
INFO    |movements.movement                          |              delta_time: 0.0244 s
INFO    |movements.movement                          |              Mismatch: 0.177
INFO    |movements.movement                          |            num_steps_per_lcm_cycle: 42
INFO    |movements.movement                          |              delta_time: 0.0238 s
INFO    |movements.movement                          |              Mismatch: 0.157
INFO    |movements.movement                          |            num_steps_per_lcm_cycle: 43
INFO    |movements.movement                          |              delta_time: 0.0233 s
INFO    |movements.movement                          |              Mismatch: 0.138
INFO    |movements.movement                          |            num_steps_per_lcm_cycle: 44
INFO    |movements.movement                          |              delta_time: 0.0227 s
INFO    |movements.movement                          |              Mismatch: 0.119
INFO    |movements.movement                          |            num_steps_per_lcm_cycle: 45
INFO    |movements.movement                          |              delta_time: 0.0222 s
INFO    |movements.movement                          |              Mismatch: 0.101
INFO    |movements.movement                          |            num_steps_per_lcm_cycle: 46
INFO    |movements.movement                          |              delta_time: 0.0217 s
INFO    |movements.movement                          |              Mismatch: 0.0838
INFO    |movements.movement                          |            num_steps_per_lcm_cycle: 47
INFO    |movements.movement                          |              delta_time: 0.0213 s
INFO    |movements.movement                          |              Mismatch: 0.0668
INFO    |movements.movement                          |            num_steps_per_lcm_cycle: 48
INFO    |movements.movement                          |              delta_time: 0.0208 s
INFO    |movements.movement                          |              Mismatch: 0.0503
INFO    |movements.movement                          |            num_steps_per_lcm_cycle: 49
INFO    |movements.movement                          |              delta_time: 0.0204 s
INFO    |movements.movement                          |              Mismatch: 0.0343
INFO    |movements.movement                          |            num_steps_per_lcm_cycle: 50
INFO    |movements.movement                          |              delta_time: 0.0200 s
INFO    |movements.movement                          |              Mismatch: 0.0201
INFO    |movements.movement                          |            num_steps_per_lcm_cycle: 51
INFO    |movements.movement                          |              delta_time: 0.0196 s
INFO    |movements.movement                          |              Mismatch: 0.0202
INFO    |movements.movement                          |            num_steps_per_lcm_cycle: 52
INFO    |movements.movement                          |              delta_time: 0.0192 s
INFO    |movements.movement                          |              Mismatch: 0.0261
INFO    |movements.movement                          |            num_steps_per_lcm_cycle: 53
INFO    |movements.movement                          |              delta_time: 0.0189 s
INFO    |movements.movement                          |              Mismatch: 0.0347
INFO    |movements.movement                          |            num_steps_per_lcm_cycle: 54
INFO    |movements.movement                          |              delta_time: 0.0185 s
INFO    |movements.movement                          |              Mismatch: 0.0447
INFO    |movements.movement                          |            num_steps_per_lcm_cycle: 55
INFO    |movements.movement                          |              delta_time: 0.0182 s
INFO    |movements.movement                          |              Mismatch: 0.0557
INFO    |movements.movement                          |            num_steps_per_lcm_cycle: 56
INFO    |movements.movement                          |              delta_time: 0.0179 s
INFO    |movements.movement                          |              Mismatch: 0.0671
INFO    |movements.movement                          |            num_steps_per_lcm_cycle: 57
INFO    |movements.movement                          |              delta_time: 0.0175 s
INFO    |movements.movement                          |              Mismatch: 0.0787
INFO    |movements.movement                          |            num_steps_per_lcm_cycle: 58
INFO    |movements.movement                          |              delta_time: 0.0172 s
INFO    |movements.movement                          |              Mismatch: 0.0905
INFO    |movements.movement                          |            num_steps_per_lcm_cycle: 59
INFO    |movements.movement                          |              delta_time: 0.0169 s
INFO    |movements.movement                          |              Mismatch: 0.102
INFO    |movements.movement                          |            num_steps_per_lcm_cycle: 60
INFO    |movements.movement                          |              delta_time: 0.0167 s
INFO    |movements.movement                          |              Mismatch: 0.114
INFO    |movements.movement                          |            num_steps_per_lcm_cycle: 61
INFO    |movements.movement                          |              delta_time: 0.0164 s
INFO    |movements.movement                          |              Mismatch: 0.125
INFO    |movements.movement                          |            num_steps_per_lcm_cycle: 62
INFO    |movements.movement                          |              delta_time: 0.0161 s
INFO    |movements.movement                          |              Mismatch: 0.136
INFO    |movements.movement                          |            num_steps_per_lcm_cycle: 63
INFO    |movements.movement                          |              delta_time: 0.0159 s
INFO    |movements.movement                          |              Mismatch: 0.147
INFO    |movements.movement                          |            num_steps_per_lcm_cycle: 64
INFO    |movements.movement                          |              delta_time: 0.0156 s
INFO    |movements.movement                          |              Mismatch: 0.158
INFO    |movements.movement                          |            num_steps_per_lcm_cycle: 65
INFO    |movements.movement                          |              delta_time: 0.0154 s
INFO    |movements.movement                          |              Mismatch: 0.168
INFO    |movements.movement                          |            num_steps_per_lcm_cycle: 66
INFO    |movements.movement                          |              delta_time: 0.0152 s
INFO    |movements.movement                          |              Mismatch: 0.178
INFO    |movements.movement                          |            num_steps_per_lcm_cycle: 67
INFO    |movements.movement                          |              delta_time: 0.0149 s
INFO    |movements.movement                          |              Mismatch: 0.188
INFO    |movements.movement                          |            num_steps_per_lcm_cycle: 68
INFO    |movements.movement                          |              delta_time: 0.0147 s
INFO    |movements.movement                          |              Mismatch: 0.198
INFO    |movements.movement                          |            num_steps_per_lcm_cycle: 69
INFO    |movements.movement                          |              delta_time: 0.0145 s
INFO    |movements.movement                          |              Mismatch: 0.207
INFO    |movements.movement                          |            num_steps_per_lcm_cycle: 70
INFO    |movements.movement                          |              delta_time: 0.0143 s
INFO    |movements.movement                          |              Mismatch: 0.216
INFO    |movements.movement                          |            num_steps_per_lcm_cycle: 71
INFO    |movements.movement                          |              delta_time: 0.0141 s
INFO    |movements.movement                          |              Mismatch: 0.225
INFO    |movements.movement                          |            num_steps_per_lcm_cycle: 72
INFO    |movements.movement                          |              delta_time: 0.0139 s
INFO    |movements.movement                          |              Mismatch: 0.234
INFO    |movements.movement                          |            num_steps_per_lcm_cycle: 73
INFO    |movements.movement                          |              delta_time: 0.0137 s
INFO    |movements.movement                          |              Mismatch: 0.242
INFO    |movements.movement                          |            num_steps_per_lcm_cycle: 74
INFO    |movements.movement                          |              delta_time: 0.0135 s
INFO    |movements.movement                          |              Mismatch: 0.251
INFO    |movements.movement                          |            num_steps_per_lcm_cycle: 75
INFO    |movements.movement                          |              delta_time: 0.0133 s
INFO    |movements.movement                          |              Mismatch: 0.259
INFO    |movements.movement                          |            num_steps_per_lcm_cycle: 76
INFO    |movements.movement                          |              delta_time: 0.0132 s
INFO    |movements.movement                          |              Mismatch: 0.267
INFO    |movements.movement                          |            num_steps_per_lcm_cycle: 77
INFO    |movements.movement                          |              delta_time: 0.0130 s
INFO    |movements.movement                          |              Mismatch: 0.275
INFO    |movements.movement                          |            num_steps_per_lcm_cycle: 78
INFO    |movements.movement                          |              delta_time: 0.0128 s
INFO    |movements.movement                          |              Mismatch: 0.282
INFO    |movements.movement                          |            num_steps_per_lcm_cycle: 79
INFO    |movements.movement                          |              delta_time: 0.0127 s
INFO    |movements.movement                          |              Mismatch: 0.290
INFO    |movements.movement                          |            num_steps_per_lcm_cycle: 80
INFO    |movements.movement                          |              delta_time: 0.0125 s
INFO    |movements.movement                          |              Mismatch: 0.297
INFO    |movements.movement                          |            num_steps_per_lcm_cycle: 81
INFO    |movements.movement                          |              delta_time: 0.0123 s
INFO    |movements.movement                          |              Mismatch: 0.304
INFO    |movements.movement                          |            num_steps_per_lcm_cycle: 82
INFO    |movements.movement                          |              delta_time: 0.0122 s
INFO    |movements.movement                          |              Mismatch: 0.311
INFO    |movements.movement                          |            num_steps_per_lcm_cycle: 83
INFO    |movements.movement                          |              delta_time: 0.0120 s
INFO    |movements.movement                          |              Mismatch: 0.318
INFO    |movements.movement                          |            num_steps_per_lcm_cycle: 84
INFO    |movements.movement                          |              delta_time: 0.0119 s
INFO    |movements.movement                          |              Mismatch: 0.325
INFO    |movements.movement                          |            num_steps_per_lcm_cycle: 85
INFO    |movements.movement                          |              delta_time: 0.0118 s
INFO    |movements.movement                          |              Mismatch: 0.332
INFO    |movements.movement                          |            num_steps_per_lcm_cycle: 86
INFO    |movements.movement                          |              delta_time: 0.0116 s
INFO    |movements.movement                          |              Mismatch: 0.338
INFO    |movements.movement                          |            num_steps_per_lcm_cycle: 87
INFO    |movements.movement                          |              delta_time: 0.0115 s
INFO    |movements.movement                          |              Mismatch: 0.345
INFO    |movements.movement                          |            num_steps_per_lcm_cycle: 88
INFO    |movements.movement                          |              delta_time: 0.0114 s
INFO    |movements.movement                          |              Mismatch: 0.351
INFO    |movements.movement                          |            num_steps_per_lcm_cycle: 89
INFO    |movements.movement                          |              delta_time: 0.0112 s
INFO    |movements.movement                          |              Mismatch: 0.357
INFO    |movements.movement                          |            num_steps_per_lcm_cycle: 90
INFO    |movements.movement                          |              delta_time: 0.0111 s
INFO    |movements.movement                          |              Mismatch: 0.363
INFO    |movements.movement                          |            num_steps_per_lcm_cycle: 91
INFO    |movements.movement                          |              delta_time: 0.0110 s
INFO    |movements.movement                          |              Mismatch: 0.369
INFO    |movements.movement                          |            num_steps_per_lcm_cycle: 92
INFO    |movements.movement                          |              delta_time: 0.0109 s
INFO    |movements.movement                          |              Mismatch: 0.375
INFO    |movements.movement                          |            num_steps_per_lcm_cycle: 93
INFO    |movements.movement                          |              delta_time: 0.0108 s
INFO    |movements.movement                          |              Mismatch: 0.380
INFO    |movements.movement                          |            num_steps_per_lcm_cycle: 94
INFO    |movements.movement                          |              delta_time: 0.0106 s
INFO    |movements.movement                          |              Mismatch: 0.386
INFO    |movements.movement                          |            num_steps_per_lcm_cycle: 95
INFO    |movements.movement                          |              delta_time: 0.0105 s
INFO    |movements.movement                          |              Mismatch: 0.392
INFO    |movements.movement                          |            num_steps_per_lcm_cycle: 96
INFO    |movements.movement                          |              delta_time: 0.0104 s
INFO    |movements.movement                          |              Mismatch: 0.397
INFO    |movements.movement                          |            num_steps_per_lcm_cycle: 97
INFO    |movements.movement                          |              delta_time: 0.0103 s
INFO    |movements.movement                          |              Mismatch: 0.402
INFO    |movements.movement                          |            num_steps_per_lcm_cycle: 98
INFO    |movements.movement                          |              delta_time: 0.0102 s
INFO    |movements.movement                          |              Mismatch: 0.407
INFO    |movements.movement                          |            num_steps_per_lcm_cycle: 99
INFO    |movements.movement                          |              delta_time: 0.0101 s
INFO    |movements.movement                          |              Mismatch: 0.413
INFO    |movements.movement                          |            num_steps_per_lcm_cycle: 100
INFO    |movements.movement                          |              delta_time: 0.0100 s
INFO    |movements.movement                          |              Mismatch: 0.418
INFO    |movements.movement                          |            num_steps_per_lcm_cycle: 101
INFO    |movements.movement                          |              delta_time: 0.00990 s
INFO    |movements.movement                          |              Mismatch: 0.423
INFO    |movements.movement                          |            num_steps_per_lcm_cycle: 102
INFO    |movements.movement                          |              delta_time: 0.00980 s
INFO    |movements.movement                          |              Mismatch: 0.427
INFO    |movements.movement                          |            num_steps_per_lcm_cycle: 103
INFO    |movements.movement                          |              delta_time: 0.00971 s
INFO    |movements.movement                          |              Mismatch: 0.432
INFO    |movements.movement                          |          Best:
INFO    |movements.movement                          |            num_steps_per_lcm_cycle: 50
INFO    |movements.movement                          |            delta_time: 0.0200 s
INFO    |movements.movement                          |            Mismatch: 0.0201
INFO    |movements.movement                          |          Optimization complete
INFO    |convergence                                 |          Starting simulation
INFO    |unsteady_ring_vortex_lattice_method         |            Unsteady ring vortex lattice method solver completed in 0.538 s
INFO    |convergence                                 |          Simulation completed in 0.538 s
INFO    |convergence                                 |          Wake type convergence: not checked
INFO    |convergence                                 |          Wake length convergence: not checked
INFO    |convergence                                 |          Panel aspect ratio convergence:
INFO    |convergence                                 |            cFX_W: 64.92%
INFO    |convergence                                 |            cFY_W: 100.0%
INFO    |convergence                                 |            cFZ_W: 69.24%
INFO    |convergence                                 |            cMX_W_Cg: 100.0%
INFO    |convergence                                 |            cMY_W_Cg: 80.08%
INFO    |convergence                                 |            cMZ_W_Cg: 100.0%
INFO    |convergence                                 |          Number of chordwise Panels convergence:
INFO    |convergence                                 |            cFX_W: 100.0%
INFO    |convergence                                 |            cFY_W: 100.0%
INFO    |convergence                                 |            cFZ_W: 100.0%
INFO    |convergence                                 |            cMX_W_Cg: 100.0%
INFO    |convergence                                 |            cMY_W_Cg: 100.0%
INFO    |convergence                                 |            cMZ_W_Cg: 100.0%
INFO    |convergence                                 |    Cycles: 2
INFO    |convergence                                 |      Panel aspect ratio: 4
INFO    |convergence                                 |        Chordwise Panels: 3
INFO    |convergence                                 |          Iteration number: 13/96
INFO    |_convergence_meshing                        |          Cached delta_time: 0.0333 s
INFO    |convergence                                 |          Starting simulation
INFO    |unsteady_ring_vortex_lattice_method         |            Unsteady ring vortex lattice method solver completed in 0.0578 s
INFO    |convergence                                 |          Simulation completed in 0.0582 s
INFO    |convergence                                 |          Wake type convergence: not checked
INFO    |convergence                                 |          Wake length convergence:
INFO    |convergence                                 |            cFX_W: 42.40%
INFO    |convergence                                 |            cFY_W: 100.0%
INFO    |convergence                                 |            cFZ_W: 100.0%
INFO    |convergence                                 |            cMX_W_Cg: 100.0%
INFO    |convergence                                 |            cMY_W_Cg: 100.0%
INFO    |convergence                                 |            cMZ_W_Cg: 100.0%
INFO    |convergence                                 |          Panel aspect ratio convergence: not checked
INFO    |convergence                                 |          Number of chordwise Panels convergence: not checked
INFO    |convergence                                 |        Chordwise Panels: 4
INFO    |convergence                                 |          Iteration number: 14/96
INFO    |_convergence_meshing                        |          Cached delta_time: 0.0250 s
INFO    |convergence                                 |          Starting simulation
INFO    |unsteady_ring_vortex_lattice_method         |            Unsteady ring vortex lattice method solver completed in 0.150 s
INFO    |convergence                                 |          Simulation completed in 0.151 s
INFO    |convergence                                 |          Wake type convergence: not checked
INFO    |convergence                                 |          Wake length convergence:
INFO    |convergence                                 |            cFX_W: 63.41%
INFO    |convergence                                 |            cFY_W: 100.0%
INFO    |convergence                                 |            cFZ_W: 94.15%
INFO    |convergence                                 |            cMX_W_Cg: 100.0%
INFO    |convergence                                 |            cMY_W_Cg: 74.37%
INFO    |convergence                                 |            cMZ_W_Cg: 100.0%
INFO    |convergence                                 |          Panel aspect ratio convergence: not checked
INFO    |convergence                                 |          Number of chordwise Panels convergence:
INFO    |convergence                                 |            cFX_W: 61.44%
INFO    |convergence                                 |            cFY_W: 100.0%
INFO    |convergence                                 |            cFZ_W: 52.93%
INFO    |convergence                                 |            cMX_W_Cg: 100.0%
INFO    |convergence                                 |            cMY_W_Cg: 100.0%
INFO    |convergence                                 |            cMZ_W_Cg: 100.0%
INFO    |convergence                                 |        Chordwise Panels: 5
INFO    |convergence                                 |          Iteration number: 15/96
INFO    |_convergence_meshing                        |          Cached delta_time: 0.0200 s
INFO    |convergence                                 |          Starting simulation
INFO    |unsteady_ring_vortex_lattice_method         |            Unsteady ring vortex lattice method solver completed in 0.299 s
INFO    |convergence                                 |          Simulation completed in 0.300 s
INFO    |convergence                                 |          Wake type convergence: not checked
INFO    |convergence                                 |          Wake length convergence:
INFO    |convergence                                 |            cFX_W: 93.90%
INFO    |convergence                                 |            cFY_W: 100.0%
INFO    |convergence                                 |            cFZ_W: 70.54%
INFO    |convergence                                 |            cMX_W_Cg: 100.0%
INFO    |convergence                                 |            cMY_W_Cg: 54.68%
INFO    |convergence                                 |            cMZ_W_Cg: 100.0%
INFO    |convergence                                 |          Panel aspect ratio convergence: not checked
INFO    |convergence                                 |          Number of chordwise Panels convergence:
INFO    |convergence                                 |            cFX_W: 81.19%
INFO    |convergence                                 |            cFY_W: 100.0%
INFO    |convergence                                 |            cFZ_W: 77.97%
INFO    |convergence                                 |            cMX_W_Cg: 100.0%
INFO    |convergence                                 |            cMY_W_Cg: 100.0%
INFO    |convergence                                 |            cMZ_W_Cg: 100.0%
INFO    |convergence                                 |      Panel aspect ratio: 3
INFO    |convergence                                 |        Chordwise Panels: 3
INFO    |convergence                                 |          Iteration number: 16/96
INFO    |_convergence_meshing                        |          Cached delta_time: 0.0333 s
INFO    |convergence                                 |          Starting simulation
INFO    |unsteady_ring_vortex_lattice_method         |            Unsteady ring vortex lattice method solver completed in 0.0818 s
INFO    |convergence                                 |          Simulation completed in 0.0821 s
INFO    |convergence                                 |          Wake type convergence: not checked
INFO    |convergence                                 |          Wake length convergence:
INFO    |convergence                                 |            cFX_W: 42.75%
INFO    |convergence                                 |            cFY_W: 100.0%
INFO    |convergence                                 |            cFZ_W: 100.0%
INFO    |convergence                                 |            cMX_W_Cg: 100.0%
INFO    |convergence                                 |            cMY_W_Cg: 100.0%
INFO    |convergence                                 |            cMZ_W_Cg: 100.0%
INFO    |convergence                                 |          Panel aspect ratio convergence:
INFO    |convergence                                 |            cFX_W: 46.23%
INFO    |convergence                                 |            cFY_W: 100.0%
INFO    |convergence                                 |            cFZ_W: 46.21%
INFO    |convergence                                 |            cMX_W_Cg: 100.0%
INFO    |convergence                                 |            cMY_W_Cg: 58.38%
INFO    |convergence                                 |            cMZ_W_Cg: 100.0%
INFO    |convergence                                 |          Number of chordwise Panels convergence: not checked
INFO    |convergence                                 |        Chordwise Panels: 4
INFO    |convergence                                 |          Iteration number: 17/96
INFO    |_convergence_meshing                        |          Cached delta_time: 0.0250 s
INFO    |convergence                                 |          Starting simulation
INFO    |unsteady_ring_vortex_lattice_method         |            Unsteady ring vortex lattice method solver completed in 0.204 s
INFO    |convergence                                 |          Simulation completed in 0.205 s
INFO    |convergence                                 |          Wake type convergence: not checked
INFO    |convergence                                 |          Wake length convergence:
INFO    |convergence                                 |            cFX_W: 64.87%
INFO    |convergence                                 |            cFY_W: 100.0%
INFO    |convergence                                 |            cFZ_W: 92.08%
INFO    |convergence                                 |            cMX_W_Cg: 100.0%
INFO    |convergence                                 |            cMY_W_Cg: 72.98%
INFO    |convergence                                 |            cMZ_W_Cg: 100.0%
INFO    |convergence                                 |          Panel aspect ratio convergence:
INFO    |convergence                                 |            cFX_W: 64.35%
INFO    |convergence                                 |            cFY_W: 100.0%
INFO    |convergence                                 |            cFZ_W: 71.03%
INFO    |convergence                                 |            cMX_W_Cg: 100.0%
INFO    |convergence                                 |            cMY_W_Cg: 84.77%
INFO    |convergence                                 |            cMZ_W_Cg: 100.0%
INFO    |convergence                                 |          Number of chordwise Panels convergence:
INFO    |convergence                                 |            cFX_W: 99.05%
INFO    |convergence                                 |            cFY_W: 100.0%
INFO    |convergence                                 |            cFZ_W: 88.69%
INFO    |convergence                                 |            cMX_W_Cg: 100.0%
INFO    |convergence                                 |            cMY_W_Cg: 100.0%
INFO    |convergence                                 |            cMZ_W_Cg: 100.0%
INFO    |convergence                                 |        Chordwise Panels: 5
INFO    |convergence                                 |          Iteration number: 18/96
INFO    |_convergence_meshing                        |          Cached delta_time: 0.0200 s
INFO    |convergence                                 |          Starting simulation
INFO    |unsteady_ring_vortex_lattice_method         |            Unsteady ring vortex lattice method solver completed in 0.349 s
INFO    |convergence                                 |          Simulation completed in 0.349 s
INFO    |convergence                                 |          Wake type convergence: not checked
INFO    |convergence                                 |          Wake length convergence:
INFO    |convergence                                 |            cFX_W: 96.31%
INFO    |convergence                                 |            cFY_W: 100.0%
INFO    |convergence                                 |            cFZ_W: 69.80%
INFO    |convergence                                 |            cMX_W_Cg: 100.0%
INFO    |convergence                                 |            cMY_W_Cg: 54.15%
INFO    |convergence                                 |            cMZ_W_Cg: 100.0%
INFO    |convergence                                 |          Panel aspect ratio convergence:
INFO    |convergence                                 |            cFX_W: 91.89%
INFO    |convergence                                 |            cFY_W: 100.0%
INFO    |convergence                                 |            cFZ_W: 100.0%
INFO    |convergence                                 |            cMX_W_Cg: 100.0%
INFO    |convergence                                 |            cMY_W_Cg: 100.0%
INFO    |convergence                                 |            cMZ_W_Cg: 100.0%
INFO    |convergence                                 |          Number of chordwise Panels convergence:
INFO    |convergence                                 |            cFX_W: 100.0%
INFO    |convergence                                 |            cFY_W: 100.0%
INFO    |convergence                                 |            cFZ_W: 100.0%
INFO    |convergence                                 |            cMX_W_Cg: 100.0%
INFO    |convergence                                 |            cMY_W_Cg: 100.0%
INFO    |convergence                                 |            cMZ_W_Cg: 100.0%
INFO    |convergence                                 |      Panel aspect ratio: 2
INFO    |convergence                                 |        Chordwise Panels: 3
INFO    |convergence                                 |          Iteration number: 19/96
INFO    |_convergence_meshing                        |          Cached delta_time: 0.0333 s
INFO    |convergence                                 |          Starting simulation
INFO    |unsteady_ring_vortex_lattice_method         |            Unsteady ring vortex lattice method solver completed in 0.142 s
INFO    |convergence                                 |          Simulation completed in 0.142 s
INFO    |convergence                                 |          Wake type convergence: not checked
INFO    |convergence                                 |          Wake length convergence:
INFO    |convergence                                 |            cFX_W: 43.69%
INFO    |convergence                                 |            cFY_W: 100.0%
INFO    |convergence                                 |            cFZ_W: 100.0%
INFO    |convergence                                 |            cMX_W_Cg: 100.0%
INFO    |convergence                                 |            cMY_W_Cg: 100.0%
INFO    |convergence                                 |            cMZ_W_Cg: 100.0%
INFO    |convergence                                 |          Panel aspect ratio convergence:
INFO    |convergence                                 |            cFX_W: 39.06%
INFO    |convergence                                 |            cFY_W: 100.0%
INFO    |convergence                                 |            cFZ_W: 42.61%
INFO    |convergence                                 |            cMX_W_Cg: 100.0%
INFO    |convergence                                 |            cMY_W_Cg: 51.04%
INFO    |convergence                                 |            cMZ_W_Cg: 100.0%
INFO    |convergence                                 |          Number of chordwise Panels convergence: not checked
INFO    |convergence                                 |        Chordwise Panels: 4
INFO    |convergence                                 |          Iteration number: 20/96
INFO    |_convergence_meshing                        |          Cached delta_time: 0.0250 s
INFO    |convergence                                 |          Starting simulation
INFO    |unsteady_ring_vortex_lattice_method         |            Unsteady ring vortex lattice method solver completed in 0.272 s
INFO    |convergence                                 |          Simulation completed in 0.272 s
INFO    |convergence                                 |          Wake type convergence: not checked
INFO    |convergence                                 |          Wake length convergence:
INFO    |convergence                                 |            cFX_W: 66.70%
INFO    |convergence                                 |            cFY_W: 100.0%
INFO    |convergence                                 |            cFZ_W: 90.19%
INFO    |convergence                                 |            cMX_W_Cg: 100.0%
INFO    |convergence                                 |            cMY_W_Cg: 71.58%
INFO    |convergence                                 |            cMZ_W_Cg: 100.0%
INFO    |convergence                                 |          Panel aspect ratio convergence:
INFO    |convergence                                 |            cFX_W: 54.36%
INFO    |convergence                                 |            cFY_W: 100.0%
INFO    |convergence                                 |            cFZ_W: 60.13%
INFO    |convergence                                 |            cMX_W_Cg: 100.0%
INFO    |convergence                                 |            cMY_W_Cg: 69.94%
INFO    |convergence                                 |            cMZ_W_Cg: 100.0%
INFO    |convergence                                 |          Number of chordwise Panels convergence:
INFO    |convergence                                 |            cFX_W: 100.0%
INFO    |convergence                                 |            cFY_W: 100.0%
INFO    |convergence                                 |            cFZ_W: 100.0%
INFO    |convergence                                 |            cMX_W_Cg: 100.0%
INFO    |convergence                                 |            cMY_W_Cg: 100.0%
INFO    |convergence                                 |            cMZ_W_Cg: 100.0%
INFO    |convergence                                 |        Chordwise Panels: 5
INFO    |convergence                                 |          Iteration number: 21/96
INFO    |_convergence_meshing                        |          Cached delta_time: 0.0200 s
INFO    |convergence                                 |          Starting simulation
INFO    |unsteady_ring_vortex_lattice_method         |            Unsteady ring vortex lattice method solver completed in 0.517 s
INFO    |convergence                                 |          Simulation completed in 0.517 s
INFO    |convergence                                 |          Wake type convergence: not checked
INFO    |convergence                                 |          Wake length convergence:
INFO    |convergence                                 |            cFX_W: 100.0%
INFO    |convergence                                 |            cFY_W: 100.0%
INFO    |convergence                                 |            cFZ_W: 68.87%
INFO    |convergence                                 |            cMX_W_Cg: 100.0%
INFO    |convergence                                 |            cMY_W_Cg: 53.45%
INFO    |convergence                                 |            cMZ_W_Cg: 100.0%
INFO    |convergence                                 |          Panel aspect ratio convergence:
INFO    |convergence                                 |            cFX_W: 55.22%
INFO    |convergence                                 |            cFY_W: 100.0%
INFO    |convergence                                 |            cFZ_W: 61.11%
INFO    |convergence                                 |            cMX_W_Cg: 100.0%
INFO    |convergence                                 |            cMY_W_Cg: 70.01%
INFO    |convergence                                 |            cMZ_W_Cg: 100.0%
INFO    |convergence                                 |          Number of chordwise Panels convergence:
INFO    |convergence                                 |            cFX_W: 100.0%
INFO    |convergence                                 |            cFY_W: 100.0%
INFO    |convergence                                 |            cFZ_W: 100.0%
INFO    |convergence                                 |            cMX_W_Cg: 100.0%
INFO    |convergence                                 |            cMY_W_Cg: 100.0%
INFO    |convergence                                 |            cMZ_W_Cg: 100.0%
INFO    |convergence                                 |      Panel aspect ratio: 1
INFO    |convergence                                 |        Chordwise Panels: 3
INFO    |convergence                                 |          Iteration number: 22/96
INFO    |_convergence_meshing                        |          Cached delta_time: 0.0333 s
INFO    |convergence                                 |          Starting simulation
INFO    |unsteady_ring_vortex_lattice_method         |            Unsteady ring vortex lattice method solver completed in 0.219 s
INFO    |convergence                                 |          Simulation completed in 0.220 s
INFO    |convergence                                 |          Wake type convergence: not checked
INFO    |convergence                                 |          Wake length convergence:
INFO    |convergence                                 |            cFX_W: 44.52%
INFO    |convergence                                 |            cFY_W: 100.0%
INFO    |convergence                                 |            cFZ_W: 100.0%
INFO    |convergence                                 |            cMX_W_Cg: 100.0%
INFO    |convergence                                 |            cMY_W_Cg: 100.0%
INFO    |convergence                                 |            cMZ_W_Cg: 100.0%
INFO    |convergence                                 |          Panel aspect ratio convergence:
INFO    |convergence                                 |            cFX_W: 47.17%
INFO    |convergence                                 |            cFY_W: 100.0%
INFO    |convergence                                 |            cFZ_W: 51.26%
INFO    |convergence                                 |            cMX_W_Cg: 100.0%
INFO    |convergence                                 |            cMY_W_Cg: 60.49%
INFO    |convergence                                 |            cMZ_W_Cg: 100.0%
INFO    |convergence                                 |          Number of chordwise Panels convergence: not checked
INFO    |convergence                                 |        Chordwise Panels: 4
INFO    |convergence                                 |          Iteration number: 23/96
INFO    |_convergence_meshing                        |          Cached delta_time: 0.0250 s
INFO    |convergence                                 |          Starting simulation
INFO    |unsteady_ring_vortex_lattice_method         |            Unsteady ring vortex lattice method solver completed in 0.499 s
INFO    |convergence                                 |          Simulation completed in 0.500 s
INFO    |convergence                                 |          Wake type convergence: not checked
INFO    |convergence                                 |          Wake length convergence:
INFO    |convergence                                 |            cFX_W: 68.72%
INFO    |convergence                                 |            cFY_W: 100.0%
INFO    |convergence                                 |            cFZ_W: 88.97%
INFO    |convergence                                 |            cMX_W_Cg: 100.0%
INFO    |convergence                                 |            cMY_W_Cg: 70.67%
INFO    |convergence                                 |            cMZ_W_Cg: 100.0%
INFO    |convergence                                 |          Panel aspect ratio convergence:
INFO    |convergence                                 |            cFX_W: 47.29%
INFO    |convergence                                 |            cFY_W: 100.0%
INFO    |convergence                                 |            cFZ_W: 51.60%
INFO    |convergence                                 |            cMX_W_Cg: 100.0%
INFO    |convergence                                 |            cMY_W_Cg: 59.90%
INFO    |convergence                                 |            cMZ_W_Cg: 100.0%
INFO    |convergence                                 |          Number of chordwise Panels convergence:
INFO    |convergence                                 |            cFX_W: 100.0%
INFO    |convergence                                 |            cFY_W: 100.0%
INFO    |convergence                                 |            cFZ_W: 100.0%
INFO    |convergence                                 |            cMX_W_Cg: 100.0%
INFO    |convergence                                 |            cMY_W_Cg: 100.0%
INFO    |convergence                                 |            cMZ_W_Cg: 100.0%
INFO    |convergence                                 |        Chordwise Panels: 5
INFO    |convergence                                 |          Iteration number: 24/96
INFO    |_convergence_meshing                        |          Cached delta_time: 0.0200 s
INFO    |convergence                                 |          Starting simulation
INFO    |unsteady_ring_vortex_lattice_method         |            Unsteady ring vortex lattice method solver completed in 1.21 s
INFO    |convergence                                 |          Simulation completed in 1.21 s
INFO    |convergence                                 |          Wake type convergence: not checked
INFO    |convergence                                 |          Wake length convergence:
INFO    |convergence                                 |            cFX_W: 100.0%
INFO    |convergence                                 |            cFY_W: 100.0%
INFO    |convergence                                 |            cFZ_W: 68.45%
INFO    |convergence                                 |            cMX_W_Cg: 100.0%
INFO    |convergence                                 |            cMY_W_Cg: 53.16%
INFO    |convergence                                 |            cMZ_W_Cg: 100.0%
INFO    |convergence                                 |          Panel aspect ratio convergence:
INFO    |convergence                                 |            cFX_W: 63.65%
INFO    |convergence                                 |            cFY_W: 100.0%
INFO    |convergence                                 |            cFZ_W: 69.67%
INFO    |convergence                                 |            cMX_W_Cg: 100.0%
INFO    |convergence                                 |            cMY_W_Cg: 80.75%
INFO    |convergence                                 |            cMZ_W_Cg: 100.0%
INFO    |convergence                                 |          Number of chordwise Panels convergence:
INFO    |convergence                                 |            cFX_W: 100.0%
INFO    |convergence                                 |            cFY_W: 100.0%
INFO    |convergence                                 |            cFZ_W: 100.0%
INFO    |convergence                                 |            cMX_W_Cg: 100.0%
INFO    |convergence                                 |            cMY_W_Cg: 100.0%
INFO    |convergence                                 |            cMZ_W_Cg: 100.0%
INFO    |convergence                                 |    Cycles: 3
INFO    |convergence                                 |      Panel aspect ratio: 4
INFO    |convergence                                 |        Chordwise Panels: 3
INFO    |convergence                                 |          Iteration number: 25/96
INFO    |_convergence_meshing                        |          Cached delta_time: 0.0333 s
INFO    |convergence                                 |          Starting simulation
INFO    |unsteady_ring_vortex_lattice_method         |            Unsteady ring vortex lattice method solver completed in 0.0889 s
INFO    |convergence                                 |          Simulation completed in 0.0894 s
INFO    |convergence                                 |          Wake type convergence: not checked
INFO    |convergence                                 |          Wake length convergence:
INFO    |convergence                                 |            cFX_W: 100.0%
INFO    |convergence                                 |            cFY_W: 100.0%
INFO    |convergence                                 |            cFZ_W: 100.0%
INFO    |convergence                                 |            cMX_W_Cg: 100.0%
INFO    |convergence                                 |            cMY_W_Cg: 100.0%
INFO    |convergence                                 |            cMZ_W_Cg: 100.0%
INFO    |convergence                                 |          Panel aspect ratio convergence: not checked
INFO    |convergence                                 |          Number of chordwise Panels convergence: not checked
INFO    |convergence                                 |        Chordwise Panels: 4
INFO    |convergence                                 |          Iteration number: 26/96
INFO    |_convergence_meshing                        |          Cached delta_time: 0.0250 s
INFO    |convergence                                 |          Starting simulation
INFO    |unsteady_ring_vortex_lattice_method         |            Unsteady ring vortex lattice method solver completed in 0.233 s
INFO    |convergence                                 |          Simulation completed in 0.234 s
INFO    |convergence                                 |          Wake type convergence: not checked
INFO    |convergence                                 |          Wake length convergence:
INFO    |convergence                                 |            cFX_W: 100.0%
INFO    |convergence                                 |            cFY_W: 100.0%
INFO    |convergence                                 |            cFZ_W: 100.0%
INFO    |convergence                                 |            cMX_W_Cg: 100.0%
INFO    |convergence                                 |            cMY_W_Cg: 100.0%
INFO    |convergence                                 |            cMZ_W_Cg: 100.0%
INFO    |convergence                                 |          Panel aspect ratio convergence: not checked
INFO    |convergence                                 |          Number of chordwise Panels convergence:
INFO    |convergence                                 |            cFX_W: 61.42%
INFO    |convergence                                 |            cFY_W: 100.0%
INFO    |convergence                                 |            cFZ_W: 52.83%
INFO    |convergence                                 |            cMX_W_Cg: 100.0%
INFO    |convergence                                 |            cMY_W_Cg: 100.0%
INFO    |convergence                                 |            cMZ_W_Cg: 100.0%
INFO    |convergence                                 |        Chordwise Panels: 5
INFO    |convergence                                 |          Iteration number: 27/96
INFO    |_convergence_meshing                        |          Cached delta_time: 0.0200 s
INFO    |convergence                                 |          Starting simulation
INFO    |unsteady_ring_vortex_lattice_method         |            Unsteady ring vortex lattice method solver completed in 0.417 s
INFO    |convergence                                 |          Simulation completed in 0.418 s
INFO    |convergence                                 |          Wake type convergence: not checked
INFO    |convergence                                 |          Wake length convergence:
INFO    |convergence                                 |            cFX_W: 100.0%
INFO    |convergence                                 |            cFY_W: 100.0%
INFO    |convergence                                 |            cFZ_W: 100.0%
INFO    |convergence                                 |            cMX_W_Cg: 100.0%
INFO    |convergence                                 |            cMY_W_Cg: 100.0%
INFO    |convergence                                 |            cMZ_W_Cg: 100.0%
INFO    |convergence                                 |          Panel aspect ratio convergence: not checked
INFO    |convergence                                 |          Number of chordwise Panels convergence:
INFO    |convergence                                 |            cFX_W: 81.17%
INFO    |convergence                                 |            cFY_W: 100.0%
INFO    |convergence                                 |            cFZ_W: 77.83%
INFO    |convergence                                 |            cMX_W_Cg: 100.0%
INFO    |convergence                                 |            cMY_W_Cg: 100.0%
INFO    |convergence                                 |            cMZ_W_Cg: 100.0%
INFO    |convergence                                 |      Panel aspect ratio: 3
INFO    |convergence                                 |        Chordwise Panels: 3
INFO    |convergence                                 |          Iteration number: 28/96
INFO    |_convergence_meshing                        |          Cached delta_time: 0.0333 s
INFO    |convergence                                 |          Starting simulation
INFO    |unsteady_ring_vortex_lattice_method         |            Unsteady ring vortex lattice method solver completed in 0.128 s
INFO    |convergence                                 |          Simulation completed in 0.129 s
INFO    |convergence                                 |          Wake type convergence: not checked
INFO    |convergence                                 |          Wake length convergence:
INFO    |convergence                                 |            cFX_W: 100.0%
INFO    |convergence                                 |            cFY_W: 100.0%
INFO    |convergence                                 |            cFZ_W: 100.0%
INFO    |convergence                                 |            cMX_W_Cg: 100.0%
INFO    |convergence                                 |            cMY_W_Cg: 100.0%
INFO    |convergence                                 |            cMZ_W_Cg: 100.0%
INFO    |convergence                                 |          Panel aspect ratio convergence:
INFO    |convergence                                 |            cFX_W: 46.20%
INFO    |convergence                                 |            cFY_W: 100.0%
INFO    |convergence                                 |            cFZ_W: 46.11%
INFO    |convergence                                 |            cMX_W_Cg: 100.0%
INFO    |convergence                                 |            cMY_W_Cg: 58.24%
INFO    |convergence                                 |            cMZ_W_Cg: 100.0%
INFO    |convergence                                 |          Number of chordwise Panels convergence: not checked
INFO    |convergence                                 |        Chordwise Panels: 4
INFO    |convergence                                 |          Iteration number: 29/96
INFO    |_convergence_meshing                        |          Cached delta_time: 0.0250 s
INFO    |convergence                                 |          Starting simulation
INFO    |unsteady_ring_vortex_lattice_method         |            Unsteady ring vortex lattice method solver completed in 0.284 s
INFO    |convergence                                 |          Simulation completed in 0.284 s
INFO    |convergence                                 |          Wake type convergence: not checked
INFO    |convergence                                 |          Wake length convergence:
INFO    |convergence                                 |            cFX_W: 100.0%
INFO    |convergence                                 |            cFY_W: 100.0%
INFO    |convergence                                 |            cFZ_W: 100.0%
INFO    |convergence                                 |            cMX_W_Cg: 100.0%
INFO    |convergence                                 |            cMY_W_Cg: 100.0%
INFO    |convergence                                 |            cMZ_W_Cg: 100.0%
INFO    |convergence                                 |          Panel aspect ratio convergence:
INFO    |convergence                                 |            cFX_W: 64.32%
INFO    |convergence                                 |            cFY_W: 100.0%
INFO    |convergence                                 |            cFZ_W: 70.89%
INFO    |convergence                                 |            cMX_W_Cg: 100.0%
INFO    |convergence                                 |            cMY_W_Cg: 84.60%
INFO    |convergence                                 |            cMZ_W_Cg: 100.0%
INFO    |convergence                                 |          Number of chordwise Panels convergence:
INFO    |convergence                                 |            cFX_W: 99.05%
INFO    |convergence                                 |            cFY_W: 100.0%
INFO    |convergence                                 |            cFZ_W: 88.56%
INFO    |convergence                                 |            cMX_W_Cg: 100.0%
INFO    |convergence                                 |            cMY_W_Cg: 100.0%
INFO    |convergence                                 |            cMZ_W_Cg: 100.0%
INFO    |convergence                                 |        Chordwise Panels: 5
INFO    |convergence                                 |          Iteration number: 30/96
INFO    |_convergence_meshing                        |          Cached delta_time: 0.0200 s
INFO    |convergence                                 |          Starting simulation
INFO    |unsteady_ring_vortex_lattice_method         |            Unsteady ring vortex lattice method solver completed in 0.509 s
INFO    |convergence                                 |          Simulation completed in 0.510 s
INFO    |convergence                                 |          Wake type convergence: not checked
INFO    |convergence                                 |          Wake length convergence:
INFO    |convergence                                 |            cFX_W: 100.0%
INFO    |convergence                                 |            cFY_W: 100.0%
INFO    |convergence                                 |            cFZ_W: 100.0%
INFO    |convergence                                 |            cMX_W_Cg: 100.0%
INFO    |convergence                                 |            cMY_W_Cg: 100.0%
INFO    |convergence                                 |            cMZ_W_Cg: 100.0%
INFO    |convergence                                 |          Panel aspect ratio convergence:
INFO    |convergence                                 |            cFX_W: 91.86%
INFO    |convergence                                 |            cFY_W: 100.0%
INFO    |convergence                                 |            cFZ_W: 100.0%
INFO    |convergence                                 |            cMX_W_Cg: 100.0%
INFO    |convergence                                 |            cMY_W_Cg: 100.0%
INFO    |convergence                                 |            cMZ_W_Cg: 100.0%
INFO    |convergence                                 |          Number of chordwise Panels convergence:
INFO    |convergence                                 |            cFX_W: 100.0%
INFO    |convergence                                 |            cFY_W: 100.0%
INFO    |convergence                                 |            cFZ_W: 100.0%
INFO    |convergence                                 |            cMX_W_Cg: 100.0%
INFO    |convergence                                 |            cMY_W_Cg: 100.0%
INFO    |convergence                                 |            cMZ_W_Cg: 100.0%
INFO    |convergence                                 |      Panel aspect ratio: 2
INFO    |convergence                                 |        Chordwise Panels: 3
INFO    |convergence                                 |          Iteration number: 31/96
INFO    |_convergence_meshing                        |          Cached delta_time: 0.0333 s
INFO    |convergence                                 |          Starting simulation
INFO    |unsteady_ring_vortex_lattice_method         |            Unsteady ring vortex lattice method solver completed in 0.204 s
INFO    |convergence                                 |          Simulation completed in 0.205 s
INFO    |convergence                                 |          Wake type convergence: not checked
INFO    |convergence                                 |          Wake length convergence:
INFO    |convergence                                 |            cFX_W: 100.0%
INFO    |convergence                                 |            cFY_W: 100.0%
INFO    |convergence                                 |            cFZ_W: 100.0%
INFO    |convergence                                 |            cMX_W_Cg: 100.0%
INFO    |convergence                                 |            cMY_W_Cg: 100.0%
INFO    |convergence                                 |            cMZ_W_Cg: 100.0%
INFO    |convergence                                 |          Panel aspect ratio convergence:
INFO    |convergence                                 |            cFX_W: 39.05%
INFO    |convergence                                 |            cFY_W: 100.0%
INFO    |convergence                                 |            cFZ_W: 42.53%
INFO    |convergence                                 |            cMX_W_Cg: 100.0%
INFO    |convergence                                 |            cMY_W_Cg: 50.94%
INFO    |convergence                                 |            cMZ_W_Cg: 100.0%
INFO    |convergence                                 |          Number of chordwise Panels convergence: not checked
INFO    |convergence                                 |        Chordwise Panels: 4
INFO    |convergence                                 |          Iteration number: 32/96
INFO    |_convergence_meshing                        |          Cached delta_time: 0.0250 s
INFO    |convergence                                 |          Starting simulation
INFO    |unsteady_ring_vortex_lattice_method         |            Unsteady ring vortex lattice method solver completed in 0.383 s
INFO    |convergence                                 |          Simulation completed in 0.384 s
INFO    |convergence                                 |          Wake type convergence: not checked
INFO    |convergence                                 |          Wake length convergence:
INFO    |convergence                                 |            cFX_W: 100.0%
INFO    |convergence                                 |            cFY_W: 100.0%
INFO    |convergence                                 |            cFZ_W: 100.0%
INFO    |convergence                                 |            cMX_W_Cg: 100.0%
INFO    |convergence                                 |            cMY_W_Cg: 100.0%
INFO    |convergence                                 |            cMZ_W_Cg: 100.0%
INFO    |convergence                                 |          Panel aspect ratio convergence:
INFO    |convergence                                 |            cFX_W: 54.34%
INFO    |convergence                                 |            cFY_W: 100.0%
INFO    |convergence                                 |            cFZ_W: 60.02%
INFO    |convergence                                 |            cMX_W_Cg: 100.0%
INFO    |convergence                                 |            cMY_W_Cg: 69.82%
INFO    |convergence                                 |            cMZ_W_Cg: 100.0%
INFO    |convergence                                 |          Number of chordwise Panels convergence:
INFO    |convergence                                 |            cFX_W: 100.0%
INFO    |convergence                                 |            cFY_W: 100.0%
INFO    |convergence                                 |            cFZ_W: 100.0%
INFO    |convergence                                 |            cMX_W_Cg: 100.0%
INFO    |convergence                                 |            cMY_W_Cg: 100.0%
INFO    |convergence                                 |            cMZ_W_Cg: 100.0%
INFO    |convergence                                 |        Chordwise Panels: 5
INFO    |convergence                                 |          Iteration number: 33/96
INFO    |_convergence_meshing                        |          Cached delta_time: 0.0200 s
INFO    |convergence                                 |          Starting simulation
INFO    |unsteady_ring_vortex_lattice_method         |            Unsteady ring vortex lattice method solver completed in 0.801 s
INFO    |convergence                                 |          Simulation completed in 0.803 s
INFO    |convergence                                 |          Wake type convergence: not checked
INFO    |convergence                                 |          Wake length convergence:
INFO    |convergence                                 |            cFX_W: 100.0%
INFO    |convergence                                 |            cFY_W: 100.0%
INFO    |convergence                                 |            cFZ_W: 100.0%
INFO    |convergence                                 |            cMX_W_Cg: 100.0%
INFO    |convergence                                 |            cMY_W_Cg: 100.0%
INFO    |convergence                                 |            cMZ_W_Cg: 100.0%
INFO    |convergence                                 |          Panel aspect ratio convergence:
INFO    |convergence                                 |            cFX_W: 55.20%
INFO    |convergence                                 |            cFY_W: 100.0%
INFO    |convergence                                 |            cFZ_W: 61.00%
INFO    |convergence                                 |            cMX_W_Cg: 100.0%
INFO    |convergence                                 |            cMY_W_Cg: 69.90%
INFO    |convergence                                 |            cMZ_W_Cg: 100.0%
INFO    |convergence                                 |          Number of chordwise Panels convergence:
INFO    |convergence                                 |            cFX_W: 100.0%
INFO    |convergence                                 |            cFY_W: 100.0%
INFO    |convergence                                 |            cFZ_W: 100.0%
INFO    |convergence                                 |            cMX_W_Cg: 100.0%
INFO    |convergence                                 |            cMY_W_Cg: 100.0%
INFO    |convergence                                 |            cMZ_W_Cg: 100.0%
INFO    |convergence                                 |      Panel aspect ratio: 1
INFO    |convergence                                 |        Chordwise Panels: 3
INFO    |convergence                                 |          Iteration number: 34/96
INFO    |_convergence_meshing                        |          Cached delta_time: 0.0333 s
INFO    |convergence                                 |          Starting simulation
INFO    |unsteady_ring_vortex_lattice_method         |            Unsteady ring vortex lattice method solver completed in 0.316 s
INFO    |convergence                                 |          Simulation completed in 0.317 s
INFO    |convergence                                 |          Wake type convergence: not checked
INFO    |convergence                                 |          Wake length convergence:
INFO    |convergence                                 |            cFX_W: 100.0%
INFO    |convergence                                 |            cFY_W: 100.0%
INFO    |convergence                                 |            cFZ_W: 100.0%
INFO    |convergence                                 |            cMX_W_Cg: 100.0%
INFO    |convergence                                 |            cMY_W_Cg: 100.0%
INFO    |convergence                                 |            cMZ_W_Cg: 100.0%
INFO    |convergence                                 |          Panel aspect ratio convergence:
INFO    |convergence                                 |            cFX_W: 47.16%
INFO    |convergence                                 |            cFY_W: 100.0%
INFO    |convergence                                 |            cFZ_W: 51.17%
INFO    |convergence                                 |            cMX_W_Cg: 100.0%
INFO    |convergence                                 |            cMY_W_Cg: 60.38%
INFO    |convergence                                 |            cMZ_W_Cg: 100.0%
INFO    |convergence                                 |          Number of chordwise Panels convergence: not checked
INFO    |convergence                                 |        Chordwise Panels: 4
INFO    |convergence                                 |          Iteration number: 35/96
INFO    |_convergence_meshing                        |          Cached delta_time: 0.0250 s
INFO    |convergence                                 |          Starting simulation
INFO    |unsteady_ring_vortex_lattice_method         |            Unsteady ring vortex lattice method solver completed in 0.814 s
INFO    |convergence                                 |          Simulation completed in 0.816 s
INFO    |convergence                                 |          Wake type convergence: not checked
INFO    |convergence                                 |          Wake length convergence:
INFO    |convergence                                 |            cFX_W: 100.0%
INFO    |convergence                                 |            cFY_W: 100.0%
INFO    |convergence                                 |            cFZ_W: 100.0%
INFO    |convergence                                 |            cMX_W_Cg: 100.0%
INFO    |convergence                                 |            cMY_W_Cg: 100.0%
INFO    |convergence                                 |            cMZ_W_Cg: 100.0%
INFO    |convergence                                 |          Panel aspect ratio convergence:
INFO    |convergence                                 |            cFX_W: 47.28%
INFO    |convergence                                 |            cFY_W: 100.0%
INFO    |convergence                                 |            cFZ_W: 51.51%
INFO    |convergence                                 |            cMX_W_Cg: 100.0%
INFO    |convergence                                 |            cMY_W_Cg: 59.81%
INFO    |convergence                                 |            cMZ_W_Cg: 100.0%
INFO    |convergence                                 |          Number of chordwise Panels convergence:
INFO    |convergence                                 |            cFX_W: 100.0%
INFO    |convergence                                 |            cFY_W: 100.0%
INFO    |convergence                                 |            cFZ_W: 100.0%
INFO    |convergence                                 |            cMX_W_Cg: 100.0%
INFO    |convergence                                 |            cMY_W_Cg: 100.0%
INFO    |convergence                                 |            cMZ_W_Cg: 100.0%
INFO    |convergence                                 |        Chordwise Panels: 5
INFO    |convergence                                 |          Iteration number: 36/96
INFO    |_convergence_meshing                        |          Cached delta_time: 0.0200 s
INFO    |convergence                                 |          Starting simulation
INFO    |unsteady_ring_vortex_lattice_method         |            Unsteady ring vortex lattice method solver completed in 1.75 s
INFO    |convergence                                 |          Simulation completed in 1.75 s
INFO    |convergence                                 |          Wake type convergence: not checked
INFO    |convergence                                 |          Wake length convergence:
INFO    |convergence                                 |            cFX_W: 100.0%
INFO    |convergence                                 |            cFY_W: 100.0%
INFO    |convergence                                 |            cFZ_W: 100.0%
INFO    |convergence                                 |            cMX_W_Cg: 100.0%
INFO    |convergence                                 |            cMY_W_Cg: 100.0%
INFO    |convergence                                 |            cMZ_W_Cg: 100.0%
INFO    |convergence                                 |          Panel aspect ratio convergence:
INFO    |convergence                                 |            cFX_W: 63.64%
INFO    |convergence                                 |            cFY_W: 100.0%
INFO    |convergence                                 |            cFZ_W: 69.56%
INFO    |convergence                                 |            cMX_W_Cg: 100.0%
INFO    |convergence                                 |            cMY_W_Cg: 80.63%
INFO    |convergence                                 |            cMZ_W_Cg: 100.0%
INFO    |convergence                                 |          Number of chordwise Panels convergence:
INFO    |convergence                                 |            cFX_W: 100.0%
INFO    |convergence                                 |            cFY_W: 100.0%
INFO    |convergence                                 |            cFZ_W: 100.0%
INFO    |convergence                                 |            cMX_W_Cg: 100.0%
INFO    |convergence                                 |            cMY_W_Cg: 100.0%
INFO    |convergence                                 |            cMZ_W_Cg: 100.0%
INFO    |convergence                                 |    Cycles: 4
INFO    |convergence                                 |      Panel aspect ratio: 4
INFO    |convergence                                 |        Chordwise Panels: 3
INFO    |convergence                                 |          Iteration number: 37/96
INFO    |_convergence_meshing                        |          Cached delta_time: 0.0333 s
INFO    |convergence                                 |          Starting simulation
INFO    |unsteady_ring_vortex_lattice_method         |            Unsteady ring vortex lattice method solver completed in 0.122 s
INFO    |convergence                                 |          Simulation completed in 0.123 s
INFO    |convergence                                 |          Wake type convergence: not checked
INFO    |convergence                                 |          Wake length convergence:
INFO    |convergence                                 |            cFX_W: 100.0%
INFO    |convergence                                 |            cFY_W: 100.0%
INFO    |convergence                                 |            cFZ_W: 100.0%
INFO    |convergence                                 |            cMX_W_Cg: 100.0%
INFO    |convergence                                 |            cMY_W_Cg: 100.0%
INFO    |convergence                                 |            cMZ_W_Cg: 100.0%
INFO    |convergence                                 |          Panel aspect ratio convergence: not checked
INFO    |convergence                                 |          Number of chordwise Panels convergence: not checked
INFO    |convergence                                 |        Chordwise Panels: 4
INFO    |convergence                                 |          Iteration number: 38/96
INFO    |_convergence_meshing                        |          Cached delta_time: 0.0250 s
INFO    |convergence                                 |          Starting simulation
INFO    |unsteady_ring_vortex_lattice_method         |            Unsteady ring vortex lattice method solver completed in 0.307 s
INFO    |convergence                                 |          Simulation completed in 0.308 s
INFO    |convergence                                 |          Wake type convergence: not checked
INFO    |convergence                                 |          Wake length convergence:
INFO    |convergence                                 |            cFX_W: 100.0%
INFO    |convergence                                 |            cFY_W: 100.0%
INFO    |convergence                                 |            cFZ_W: 100.0%
INFO    |convergence                                 |            cMX_W_Cg: 100.0%
INFO    |convergence                                 |            cMY_W_Cg: 100.0%
INFO    |convergence                                 |            cMZ_W_Cg: 100.0%
INFO    |convergence                                 |          Panel aspect ratio convergence: not checked
INFO    |convergence                                 |          Number of chordwise Panels convergence:
INFO    |convergence                                 |            cFX_W: 61.41%
INFO    |convergence                                 |            cFY_W: 100.0%
INFO    |convergence                                 |            cFZ_W: 52.81%
INFO    |convergence                                 |            cMX_W_Cg: 100.0%
INFO    |convergence                                 |            cMY_W_Cg: 100.0%
INFO    |convergence                                 |            cMZ_W_Cg: 100.0%
INFO    |convergence                                 |        Chordwise Panels: 5
INFO    |convergence                                 |          Iteration number: 39/96
INFO    |_convergence_meshing                        |          Cached delta_time: 0.0200 s
INFO    |convergence                                 |          Starting simulation
INFO    |unsteady_ring_vortex_lattice_method         |            Unsteady ring vortex lattice method solver completed in 0.552 s
INFO    |convergence                                 |          Simulation completed in 0.553 s
INFO    |convergence                                 |          Wake type convergence: not checked
INFO    |convergence                                 |          Wake length convergence:
INFO    |convergence                                 |            cFX_W: 100.0%
INFO    |convergence                                 |            cFY_W: 100.0%
INFO    |convergence                                 |            cFZ_W: 100.0%
INFO    |convergence                                 |            cMX_W_Cg: 100.0%
INFO    |convergence                                 |            cMY_W_Cg: 100.0%
INFO    |convergence                                 |            cMZ_W_Cg: 100.0%
INFO    |convergence                                 |          Panel aspect ratio convergence: not checked
INFO    |convergence                                 |          Number of chordwise Panels convergence:
INFO    |convergence                                 |            cFX_W: 81.16%
INFO    |convergence                                 |            cFY_W: 100.0%
INFO    |convergence                                 |            cFZ_W: 77.79%
INFO    |convergence                                 |            cMX_W_Cg: 100.0%
INFO    |convergence                                 |            cMY_W_Cg: 100.0%
INFO    |convergence                                 |            cMZ_W_Cg: 100.0%
INFO    |convergence                                 |      Panel aspect ratio: 3
INFO    |convergence                                 |        Chordwise Panels: 3
INFO    |convergence                                 |          Iteration number: 40/96
INFO    |_convergence_meshing                        |          Cached delta_time: 0.0333 s
INFO    |convergence                                 |          Starting simulation
INFO    |unsteady_ring_vortex_lattice_method         |            Unsteady ring vortex lattice method solver completed in 0.177 s
INFO    |convergence                                 |          Simulation completed in 0.178 s
INFO    |convergence                                 |          Wake type convergence: not checked
INFO    |convergence                                 |          Wake length convergence:
INFO    |convergence                                 |            cFX_W: 100.0%
INFO    |convergence                                 |            cFY_W: 100.0%
INFO    |convergence                                 |            cFZ_W: 100.0%
INFO    |convergence                                 |            cMX_W_Cg: 100.0%
INFO    |convergence                                 |            cMY_W_Cg: 100.0%
INFO    |convergence                                 |            cMZ_W_Cg: 100.0%
INFO    |convergence                                 |          Panel aspect ratio convergence:
INFO    |convergence                                 |            cFX_W: 46.19%
INFO    |convergence                                 |            cFY_W: 100.0%
INFO    |convergence                                 |            cFZ_W: 46.09%
INFO    |convergence                                 |            cMX_W_Cg: 100.0%
INFO    |convergence                                 |            cMY_W_Cg: 58.20%
INFO    |convergence                                 |            cMZ_W_Cg: 100.0%
INFO    |convergence                                 |          Number of chordwise Panels convergence: not checked
INFO    |convergence                                 |        Chordwise Panels: 4
INFO    |convergence                                 |          Iteration number: 41/96
INFO    |_convergence_meshing                        |          Cached delta_time: 0.0250 s
INFO    |convergence                                 |          Starting simulation
INFO    |unsteady_ring_vortex_lattice_method         |            Unsteady ring vortex lattice method solver completed in 0.370 s
INFO    |convergence                                 |          Simulation completed in 0.371 s
INFO    |convergence                                 |          Wake type convergence: not checked
INFO    |convergence                                 |          Wake length convergence:
INFO    |convergence                                 |            cFX_W: 100.0%
INFO    |convergence                                 |            cFY_W: 100.0%
INFO    |convergence                                 |            cFZ_W: 100.0%
INFO    |convergence                                 |            cMX_W_Cg: 100.0%
INFO    |convergence                                 |            cMY_W_Cg: 100.0%
INFO    |convergence                                 |            cMZ_W_Cg: 100.0%
INFO    |convergence                                 |          Panel aspect ratio convergence:
INFO    |convergence                                 |            cFX_W: 64.31%
INFO    |convergence                                 |            cFY_W: 100.0%
INFO    |convergence                                 |            cFZ_W: 70.86%
INFO    |convergence                                 |            cMX_W_Cg: 100.0%
INFO    |convergence                                 |            cMY_W_Cg: 84.56%
INFO    |convergence                                 |            cMZ_W_Cg: 100.0%
INFO    |convergence                                 |          Number of chordwise Panels convergence:
INFO    |convergence                                 |            cFX_W: 99.04%
INFO    |convergence                                 |            cFY_W: 100.0%
INFO    |convergence                                 |            cFZ_W: 88.52%
INFO    |convergence                                 |            cMX_W_Cg: 100.0%
INFO    |convergence                                 |            cMY_W_Cg: 100.0%
INFO    |convergence                                 |            cMZ_W_Cg: 100.0%
INFO    |convergence                                 |        Chordwise Panels: 5
INFO    |convergence                                 |          Iteration number: 42/96
INFO    |_convergence_meshing                        |          Cached delta_time: 0.0200 s
INFO    |convergence                                 |          Starting simulation
INFO    |unsteady_ring_vortex_lattice_method         |            Unsteady ring vortex lattice method solver completed in 0.661 s
INFO    |convergence                                 |          Simulation completed in 0.663 s
INFO    |convergence                                 |          Wake type convergence: not checked
INFO    |convergence                                 |          Wake length convergence:
INFO    |convergence                                 |            cFX_W: 100.0%
INFO    |convergence                                 |            cFY_W: 100.0%
INFO    |convergence                                 |            cFZ_W: 100.0%
INFO    |convergence                                 |            cMX_W_Cg: 100.0%
INFO    |convergence                                 |            cMY_W_Cg: 100.0%
INFO    |convergence                                 |            cMZ_W_Cg: 100.0%
INFO    |convergence                                 |          Panel aspect ratio convergence:
INFO    |convergence                                 |            cFX_W: 91.85%
INFO    |convergence                                 |            cFY_W: 100.0%
INFO    |convergence                                 |            cFZ_W: 100.0%
INFO    |convergence                                 |            cMX_W_Cg: 100.0%
INFO    |convergence                                 |            cMY_W_Cg: 100.0%
INFO    |convergence                                 |            cMZ_W_Cg: 100.0%
INFO    |convergence                                 |          Number of chordwise Panels convergence:
INFO    |convergence                                 |            cFX_W: 100.0%
INFO    |convergence                                 |            cFY_W: 100.0%
INFO    |convergence                                 |            cFZ_W: 100.0%
INFO    |convergence                                 |            cMX_W_Cg: 100.0%
INFO    |convergence                                 |            cMY_W_Cg: 100.0%
INFO    |convergence                                 |            cMZ_W_Cg: 100.0%
INFO    |convergence                                 |      Panel aspect ratio: 2
INFO    |convergence                                 |        Chordwise Panels: 3
INFO    |convergence                                 |          Iteration number: 43/96
INFO    |_convergence_meshing                        |          Cached delta_time: 0.0333 s
INFO    |convergence                                 |          Starting simulation
INFO    |unsteady_ring_vortex_lattice_method         |            Unsteady ring vortex lattice method solver completed in 0.260 s
INFO    |convergence                                 |          Simulation completed in 0.261 s
INFO    |convergence                                 |          Wake type convergence: not checked
INFO    |convergence                                 |          Wake length convergence:
INFO    |convergence                                 |            cFX_W: 100.0%
INFO    |convergence                                 |            cFY_W: 100.0%
INFO    |convergence                                 |            cFZ_W: 100.0%
INFO    |convergence                                 |            cMX_W_Cg: 100.0%
INFO    |convergence                                 |            cMY_W_Cg: 100.0%
INFO    |convergence                                 |            cMZ_W_Cg: 100.0%
INFO    |convergence                                 |          Panel aspect ratio convergence:
INFO    |convergence                                 |            cFX_W: 39.04%
INFO    |convergence                                 |            cFY_W: 100.0%
INFO    |convergence                                 |            cFZ_W: 42.51%
INFO    |convergence                                 |            cMX_W_Cg: 100.0%
INFO    |convergence                                 |            cMY_W_Cg: 50.91%
INFO    |convergence                                 |            cMZ_W_Cg: 100.0%
INFO    |convergence                                 |          Number of chordwise Panels convergence: not checked
INFO    |convergence                                 |        Chordwise Panels: 4
INFO    |convergence                                 |          Iteration number: 44/96
INFO    |_convergence_meshing                        |          Cached delta_time: 0.0250 s
INFO    |convergence                                 |          Starting simulation
INFO    |unsteady_ring_vortex_lattice_method         |            Unsteady ring vortex lattice method solver completed in 0.498 s
INFO    |convergence                                 |          Simulation completed in 0.500 s
INFO    |convergence                                 |          Wake type convergence: not checked
INFO    |convergence                                 |          Wake length convergence:
INFO    |convergence                                 |            cFX_W: 100.0%
INFO    |convergence                                 |            cFY_W: 100.0%
INFO    |convergence                                 |            cFZ_W: 100.0%
INFO    |convergence                                 |            cMX_W_Cg: 100.0%
INFO    |convergence                                 |            cMY_W_Cg: 100.0%
INFO    |convergence                                 |            cMZ_W_Cg: 100.0%
INFO    |convergence                                 |          Panel aspect ratio convergence:
INFO    |convergence                                 |            cFX_W: 54.33%
INFO    |convergence                                 |            cFY_W: 100.0%
INFO    |convergence                                 |            cFZ_W: 59.99%
INFO    |convergence                                 |            cMX_W_Cg: 100.0%
INFO    |convergence                                 |            cMY_W_Cg: 69.79%
INFO    |convergence                                 |            cMZ_W_Cg: 100.0%
INFO    |convergence                                 |          Number of chordwise Panels convergence:
INFO    |convergence                                 |            cFX_W: 100.0%
INFO    |convergence                                 |            cFY_W: 100.0%
INFO    |convergence                                 |            cFZ_W: 100.0%
INFO    |convergence                                 |            cMX_W_Cg: 100.0%
INFO    |convergence                                 |            cMY_W_Cg: 100.0%
INFO    |convergence                                 |            cMZ_W_Cg: 100.0%
INFO    |convergence                                 |        Chordwise Panels: 5
INFO    |convergence                                 |          Iteration number: 45/96
INFO    |_convergence_meshing                        |          Cached delta_time: 0.0200 s
INFO    |convergence                                 |          Starting simulation
INFO    |unsteady_ring_vortex_lattice_method         |            Unsteady ring vortex lattice method solver completed in 1.11 s
INFO    |convergence                                 |          Simulation completed in 1.11 s
INFO    |convergence                                 |          Wake type convergence: not checked
INFO    |convergence                                 |          Wake length convergence:
INFO    |convergence                                 |            cFX_W: 100.0%
INFO    |convergence                                 |            cFY_W: 100.0%
INFO    |convergence                                 |            cFZ_W: 100.0%
INFO    |convergence                                 |            cMX_W_Cg: 100.0%
INFO    |convergence                                 |            cMY_W_Cg: 100.0%
INFO    |convergence                                 |            cMZ_W_Cg: 100.0%
INFO    |convergence                                 |          Panel aspect ratio convergence:
INFO    |convergence                                 |            cFX_W: 55.19%
INFO    |convergence                                 |            cFY_W: 100.0%
INFO    |convergence                                 |            cFZ_W: 60.98%
INFO    |convergence                                 |            cMX_W_Cg: 100.0%
INFO    |convergence                                 |            cMY_W_Cg: 69.87%
INFO    |convergence                                 |            cMZ_W_Cg: 100.0%
INFO    |convergence                                 |          Number of chordwise Panels convergence:
INFO    |convergence                                 |            cFX_W: 100.0%
INFO    |convergence                                 |            cFY_W: 100.0%
INFO    |convergence                                 |            cFZ_W: 100.0%
INFO    |convergence                                 |            cMX_W_Cg: 100.0%
INFO    |convergence                                 |            cMY_W_Cg: 100.0%
INFO    |convergence                                 |            cMZ_W_Cg: 100.0%
INFO    |convergence                                 |      Panel aspect ratio: 1
INFO    |convergence                                 |        Chordwise Panels: 3
INFO    |convergence                                 |          Iteration number: 46/96
INFO    |_convergence_meshing                        |          Cached delta_time: 0.0333 s
INFO    |convergence                                 |          Starting simulation
INFO    |unsteady_ring_vortex_lattice_method         |            Unsteady ring vortex lattice method solver completed in 0.421 s
INFO    |convergence                                 |          Simulation completed in 0.422 s
INFO    |convergence                                 |          Wake type convergence: not checked
INFO    |convergence                                 |          Wake length convergence:
INFO    |convergence                                 |            cFX_W: 100.0%
INFO    |convergence                                 |            cFY_W: 100.0%
INFO    |convergence                                 |            cFZ_W: 100.0%
INFO    |convergence                                 |            cMX_W_Cg: 100.0%
INFO    |convergence                                 |            cMY_W_Cg: 100.0%
INFO    |convergence                                 |            cMZ_W_Cg: 100.0%
INFO    |convergence                                 |          Panel aspect ratio convergence:
INFO    |convergence                                 |            cFX_W: 47.15%
INFO    |convergence                                 |            cFY_W: 100.0%
INFO    |convergence                                 |            cFZ_W: 51.15%
INFO    |convergence                                 |            cMX_W_Cg: 100.0%
INFO    |convergence                                 |            cMY_W_Cg: 60.36%
INFO    |convergence                                 |            cMZ_W_Cg: 100.0%
INFO    |convergence                                 |          Number of chordwise Panels convergence: not checked
INFO    |convergence                                 |        Chordwise Panels: 4
INFO    |convergence                                 |          Iteration number: 47/96
INFO    |_convergence_meshing                        |          Cached delta_time: 0.0250 s
INFO    |convergence                                 |          Starting simulation
INFO    |unsteady_ring_vortex_lattice_method         |            Unsteady ring vortex lattice method solver completed in 1.25 s
INFO    |convergence                                 |          Simulation completed in 1.25 s
INFO    |convergence                                 |          Wake type convergence: not checked
INFO    |convergence                                 |          Wake length convergence:
INFO    |convergence                                 |            cFX_W: 100.0%
INFO    |convergence                                 |            cFY_W: 100.0%
INFO    |convergence                                 |            cFZ_W: 100.0%
INFO    |convergence                                 |            cMX_W_Cg: 100.0%
INFO    |convergence                                 |            cMY_W_Cg: 100.0%
INFO    |convergence                                 |            cMZ_W_Cg: 100.0%
INFO    |convergence                                 |          Panel aspect ratio convergence:
INFO    |convergence                                 |            cFX_W: 47.27%
INFO    |convergence                                 |            cFY_W: 100.0%
INFO    |convergence                                 |            cFZ_W: 51.49%
INFO    |convergence                                 |            cMX_W_Cg: 100.0%
INFO    |convergence                                 |            cMY_W_Cg: 59.78%
INFO    |convergence                                 |            cMZ_W_Cg: 100.0%
INFO    |convergence                                 |          Number of chordwise Panels convergence:
INFO    |convergence                                 |            cFX_W: 100.0%
INFO    |convergence                                 |            cFY_W: 100.0%
INFO    |convergence                                 |            cFZ_W: 100.0%
INFO    |convergence                                 |            cMX_W_Cg: 100.0%
INFO    |convergence                                 |            cMY_W_Cg: 100.0%
INFO    |convergence                                 |            cMZ_W_Cg: 100.0%
INFO    |convergence                                 |        Chordwise Panels: 5
INFO    |convergence                                 |          Iteration number: 48/96
INFO    |_convergence_meshing                        |          Cached delta_time: 0.0200 s
INFO    |convergence                                 |          Starting simulation
INFO    |unsteady_ring_vortex_lattice_method         |            Unsteady ring vortex lattice method solver completed in 2.48 s
INFO    |convergence                                 |          Simulation completed in 2.48 s
INFO    |convergence                                 |          Wake type convergence: not checked
INFO    |convergence                                 |          Wake length convergence:
INFO    |convergence                                 |            cFX_W: 100.0%
INFO    |convergence                                 |            cFY_W: 100.0%
INFO    |convergence                                 |            cFZ_W: 100.0%
INFO    |convergence                                 |            cMX_W_Cg: 100.0%
INFO    |convergence                                 |            cMY_W_Cg: 100.0%
INFO    |convergence                                 |            cMZ_W_Cg: 100.0%
INFO    |convergence                                 |          Panel aspect ratio convergence:
INFO    |convergence                                 |            cFX_W: 63.63%
INFO    |convergence                                 |            cFY_W: 100.0%
INFO    |convergence                                 |            cFZ_W: 69.53%
INFO    |convergence                                 |            cMX_W_Cg: 100.0%
INFO    |convergence                                 |            cMY_W_Cg: 80.60%
INFO    |convergence                                 |            cMZ_W_Cg: 100.0%
INFO    |convergence                                 |          Number of chordwise Panels convergence:
INFO    |convergence                                 |            cFX_W: 100.0%
INFO    |convergence                                 |            cFY_W: 100.0%
INFO    |convergence                                 |            cFZ_W: 100.0%
INFO    |convergence                                 |            cMX_W_Cg: 100.0%
INFO    |convergence                                 |            cMY_W_Cg: 100.0%
INFO    |convergence                                 |            cMZ_W_Cg: 100.0%
INFO    |convergence                                 |  Wake type: free
INFO    |convergence                                 |    Cycles: 1
INFO    |convergence                                 |      Panel aspect ratio: 4
INFO    |convergence                                 |        Chordwise Panels: 3
INFO    |convergence                                 |          Iteration number: 49/96
INFO    |_convergence_meshing                        |          Cached delta_time: 0.0333 s
INFO    |convergence                                 |          Starting simulation
INFO    |unsteady_ring_vortex_lattice_method         |            Unsteady ring vortex lattice method solver completed in 0.0372 s
INFO    |convergence                                 |          Simulation completed in 0.0374 s
INFO    |convergence                                 |          Wake type convergence:
INFO    |convergence                                 |            cFX_W: 100.0%
INFO    |convergence                                 |            cFY_W: 100.0%
INFO    |convergence                                 |            cFZ_W: 100.0%
INFO    |convergence                                 |            cMX_W_Cg: 100.0%
INFO    |convergence                                 |            cMY_W_Cg: 100.0%
INFO    |convergence                                 |            cMZ_W_Cg: 100.0%
INFO    |convergence                                 |          Wake length convergence: not checked
INFO    |convergence                                 |          Panel aspect ratio convergence: not checked
INFO    |convergence                                 |          Number of chordwise Panels convergence: not checked
INFO    |convergence                                 |        Chordwise Panels: 4
INFO    |convergence                                 |          Iteration number: 50/96
INFO    |_convergence_meshing                        |          Cached delta_time: 0.0250 s
INFO    |convergence                                 |          Starting simulation
INFO    |unsteady_ring_vortex_lattice_method         |            Unsteady ring vortex lattice method solver completed in 0.0893 s
INFO    |convergence                                 |          Simulation completed in 0.0896 s
INFO    |convergence                                 |          Wake type convergence:
INFO    |convergence                                 |            cFX_W: 100.0%
INFO    |convergence                                 |            cFY_W: 100.0%
INFO    |convergence                                 |            cFZ_W: 100.0%
INFO    |convergence                                 |            cMX_W_Cg: 100.0%
INFO    |convergence                                 |            cMY_W_Cg: 100.0%
INFO    |convergence                                 |            cMZ_W_Cg: 100.0%
INFO    |convergence                                 |          Wake length convergence: not checked
INFO    |convergence                                 |          Panel aspect ratio convergence: not checked
INFO    |convergence                                 |          Number of chordwise Panels convergence:
INFO    |convergence                                 |            cFX_W: 100.0%
INFO    |convergence                                 |            cFY_W: 100.0%
INFO    |convergence                                 |            cFZ_W: 39.54%
INFO    |convergence                                 |            cMX_W_Cg: 100.0%
INFO    |convergence                                 |            cMY_W_Cg: 54.15%
INFO    |convergence                                 |            cMZ_W_Cg: 100.0%
INFO    |convergence                                 |        Chordwise Panels: 5
INFO    |convergence                                 |          Iteration number: 51/96
INFO    |_convergence_meshing                        |          Cached delta_time: 0.0200 s
INFO    |convergence                                 |          Starting simulation
INFO    |unsteady_ring_vortex_lattice_method         |            Unsteady ring vortex lattice method solver completed in 0.184 s
INFO    |convergence                                 |          Simulation completed in 0.185 s
INFO    |convergence                                 |          Wake type convergence:
INFO    |convergence                                 |            cFX_W: 100.0%
INFO    |convergence                                 |            cFY_W: 100.0%
INFO    |convergence                                 |            cFZ_W: 100.0%
INFO    |convergence                                 |            cMX_W_Cg: 100.0%
INFO    |convergence                                 |            cMY_W_Cg: 100.0%
INFO    |convergence                                 |            cMZ_W_Cg: 100.0%
INFO    |convergence                                 |          Wake length convergence: not checked
INFO    |convergence                                 |          Panel aspect ratio convergence: not checked
INFO    |convergence                                 |          Number of chordwise Panels convergence:
INFO    |convergence                                 |            cFX_W: 100.0%
INFO    |convergence                                 |            cFY_W: 100.0%
INFO    |convergence                                 |            cFZ_W: 60.62%
INFO    |convergence                                 |            cMX_W_Cg: 100.0%
INFO    |convergence                                 |            cMY_W_Cg: 72.38%
INFO    |convergence                                 |            cMZ_W_Cg: 100.0%
INFO    |convergence                                 |      Panel aspect ratio: 3
INFO    |convergence                                 |        Chordwise Panels: 3
INFO    |convergence                                 |          Iteration number: 52/96
INFO    |_convergence_meshing                        |          Cached delta_time: 0.0333 s
INFO    |convergence                                 |          Starting simulation
INFO    |unsteady_ring_vortex_lattice_method         |            Unsteady ring vortex lattice method solver completed in 0.0518 s
INFO    |convergence                                 |          Simulation completed in 0.0520 s
INFO    |convergence                                 |          Wake type convergence:
INFO    |convergence                                 |            cFX_W: 100.0%
INFO    |convergence                                 |            cFY_W: 100.0%
INFO    |convergence                                 |            cFZ_W: 100.0%
INFO    |convergence                                 |            cMX_W_Cg: 100.0%
INFO    |convergence                                 |            cMY_W_Cg: 100.0%
INFO    |convergence                                 |            cMZ_W_Cg: 100.0%
INFO    |convergence                                 |          Wake length convergence: not checked
INFO    |convergence                                 |          Panel aspect ratio convergence:
INFO    |convergence                                 |            cFX_W: 46.70%
INFO    |convergence                                 |            cFY_W: 100.0%
INFO    |convergence                                 |            cFZ_W: 45.23%
INFO    |convergence                                 |            cMX_W_Cg: 100.0%
INFO    |convergence                                 |            cMY_W_Cg: 57.78%
INFO    |convergence                                 |            cMZ_W_Cg: 100.0%
INFO    |convergence                                 |          Number of chordwise Panels convergence: not checked
INFO    |convergence                                 |        Chordwise Panels: 4
INFO    |convergence                                 |          Iteration number: 53/96
INFO    |_convergence_meshing                        |          Cached delta_time: 0.0250 s
INFO    |convergence                                 |          Starting simulation
INFO    |unsteady_ring_vortex_lattice_method         |            Unsteady ring vortex lattice method solver completed in 0.117 s
INFO    |convergence                                 |          Simulation completed in 0.117 s
INFO    |convergence                                 |          Wake type convergence:
INFO    |convergence                                 |            cFX_W: 100.0%
INFO    |convergence                                 |            cFY_W: 100.0%
INFO    |convergence                                 |            cFZ_W: 100.0%
INFO    |convergence                                 |            cMX_W_Cg: 100.0%
INFO    |convergence                                 |            cMY_W_Cg: 100.0%
INFO    |convergence                                 |            cMZ_W_Cg: 100.0%
INFO    |convergence                                 |          Wake length convergence: not checked
INFO    |convergence                                 |          Panel aspect ratio convergence:
INFO    |convergence                                 |            cFX_W: 66.13%
INFO    |convergence                                 |            cFY_W: 100.0%
INFO    |convergence                                 |            cFZ_W: 70.96%
INFO    |convergence                                 |            cMX_W_Cg: 100.0%
INFO    |convergence                                 |            cMY_W_Cg: 86.97%
INFO    |convergence                                 |            cMZ_W_Cg: 100.0%
INFO    |convergence                                 |          Number of chordwise Panels convergence:
INFO    |convergence                                 |            cFX_W: 100.0%
INFO    |convergence                                 |            cFY_W: 100.0%
INFO    |convergence                                 |            cFZ_W: 57.67%
INFO    |convergence                                 |            cMX_W_Cg: 100.0%
INFO    |convergence                                 |            cMY_W_Cg: 78.90%
INFO    |convergence                                 |            cMZ_W_Cg: 100.0%
INFO    |convergence                                 |        Chordwise Panels: 5
INFO    |convergence                                 |          Iteration number: 54/96
INFO    |_convergence_meshing                        |          Cached delta_time: 0.0200 s
INFO    |convergence                                 |          Starting simulation
INFO    |unsteady_ring_vortex_lattice_method         |            Unsteady ring vortex lattice method solver completed in 0.230 s
INFO    |convergence                                 |          Simulation completed in 0.231 s
INFO    |convergence                                 |          Wake type convergence:
INFO    |convergence                                 |            cFX_W: 100.0%
INFO    |convergence                                 |            cFY_W: 100.0%
INFO    |convergence                                 |            cFZ_W: 100.0%
INFO    |convergence                                 |            cMX_W_Cg: 100.0%
INFO    |convergence                                 |            cMY_W_Cg: 100.0%
INFO    |convergence                                 |            cMZ_W_Cg: 100.0%
INFO    |convergence                                 |          Wake length convergence: not checked
INFO    |convergence                                 |          Panel aspect ratio convergence:
INFO    |convergence                                 |            cFX_W: 94.63%
INFO    |convergence                                 |            cFY_W: 100.0%
INFO    |convergence                                 |            cFZ_W: 100.0%
INFO    |convergence                                 |            cMX_W_Cg: 100.0%
INFO    |convergence                                 |            cMY_W_Cg: 100.0%
INFO    |convergence                                 |            cMZ_W_Cg: 100.0%
INFO    |convergence                                 |          Number of chordwise Panels convergence:
INFO    |convergence                                 |            cFX_W: 100.0%
INFO    |convergence                                 |            cFY_W: 100.0%
INFO    |convergence                                 |            cFZ_W: 83.04%
INFO    |convergence                                 |            cMX_W_Cg: 100.0%
INFO    |convergence                                 |            cMY_W_Cg: 96.92%
INFO    |convergence                                 |            cMZ_W_Cg: 100.0%
INFO    |convergence                                 |      Panel aspect ratio: 2
INFO    |convergence                                 |        Chordwise Panels: 3
INFO    |convergence                                 |          Iteration number: 55/96
INFO    |_convergence_meshing                        |          Cached delta_time: 0.0333 s
INFO    |convergence                                 |          Starting simulation
INFO    |unsteady_ring_vortex_lattice_method         |            Unsteady ring vortex lattice method solver completed in 0.0819 s
INFO    |convergence                                 |          Simulation completed in 0.0821 s
INFO    |convergence                                 |          Wake type convergence:
INFO    |convergence                                 |            cFX_W: 100.0%
INFO    |convergence                                 |            cFY_W: 100.0%
INFO    |convergence                                 |            cFZ_W: 100.0%
INFO    |convergence                                 |            cMX_W_Cg: 100.0%
INFO    |convergence                                 |            cMY_W_Cg: 100.0%
INFO    |convergence                                 |            cMZ_W_Cg: 100.0%
INFO    |convergence                                 |          Wake length convergence: not checked
INFO    |convergence                                 |          Panel aspect ratio convergence:
INFO    |convergence                                 |            cFX_W: 39.93%
INFO    |convergence                                 |            cFY_W: 100.0%
INFO    |convergence                                 |            cFZ_W: 42.73%
INFO    |convergence                                 |            cMX_W_Cg: 100.0%
INFO    |convergence                                 |            cMY_W_Cg: 52.87%
INFO    |convergence                                 |            cMZ_W_Cg: 100.0%
INFO    |convergence                                 |          Number of chordwise Panels convergence: not checked
INFO    |convergence                                 |        Chordwise Panels: 4
INFO    |convergence                                 |          Iteration number: 56/96
INFO    |_convergence_meshing                        |          Cached delta_time: 0.0250 s
INFO    |convergence                                 |          Starting simulation
INFO    |unsteady_ring_vortex_lattice_method         |            Unsteady ring vortex lattice method solver completed in 0.178 s
INFO    |convergence                                 |          Simulation completed in 0.178 s
INFO    |convergence                                 |          Wake type convergence:
INFO    |convergence                                 |            cFX_W: 100.0%
INFO    |convergence                                 |            cFY_W: 100.0%
INFO    |convergence                                 |            cFZ_W: 100.0%
INFO    |convergence                                 |            cMX_W_Cg: 100.0%
INFO    |convergence                                 |            cMY_W_Cg: 100.0%
INFO    |convergence                                 |            cMZ_W_Cg: 100.0%
INFO    |convergence                                 |          Wake length convergence: not checked
INFO    |convergence                                 |          Panel aspect ratio convergence:
INFO    |convergence                                 |            cFX_W: 55.84%
INFO    |convergence                                 |            cFY_W: 100.0%
INFO    |convergence                                 |            cFZ_W: 60.89%
INFO    |convergence                                 |            cMX_W_Cg: 100.0%
INFO    |convergence                                 |            cMY_W_Cg: 73.70%
INFO    |convergence                                 |            cMZ_W_Cg: 100.0%
INFO    |convergence                                 |          Number of chordwise Panels convergence:
INFO    |convergence                                 |            cFX_W: 100.0%
INFO    |convergence                                 |            cFY_W: 100.0%
INFO    |convergence                                 |            cFZ_W: 97.55%
INFO    |convergence                                 |            cMX_W_Cg: 100.0%
INFO    |convergence                                 |            cMY_W_Cg: 100.0%
INFO    |convergence                                 |            cMZ_W_Cg: 100.0%
INFO    |convergence                                 |        Chordwise Panels: 5
INFO    |convergence                                 |          Iteration number: 57/96
INFO    |_convergence_meshing                        |          Cached delta_time: 0.0200 s
INFO    |convergence                                 |          Starting simulation
INFO    |unsteady_ring_vortex_lattice_method         |            Unsteady ring vortex lattice method solver completed in 0.366 s
INFO    |convergence                                 |          Simulation completed in 0.366 s
INFO    |convergence                                 |          Wake type convergence:
INFO    |convergence                                 |            cFX_W: 100.0%
INFO    |convergence                                 |            cFY_W: 100.0%
INFO    |convergence                                 |            cFZ_W: 100.0%
INFO    |convergence                                 |            cMX_W_Cg: 100.0%
INFO    |convergence                                 |            cMY_W_Cg: 100.0%
INFO    |convergence                                 |            cMZ_W_Cg: 100.0%
INFO    |convergence                                 |          Wake length convergence: not checked
INFO    |convergence                                 |          Panel aspect ratio convergence:
INFO    |convergence                                 |            cFX_W: 56.76%
INFO    |convergence                                 |            cFY_W: 100.0%
INFO    |convergence                                 |            cFZ_W: 62.35%
INFO    |convergence                                 |            cMX_W_Cg: 100.0%
INFO    |convergence                                 |            cMY_W_Cg: 74.86%
INFO    |convergence                                 |            cMZ_W_Cg: 100.0%
INFO    |convergence                                 |          Number of chordwise Panels convergence:
INFO    |convergence                                 |            cFX_W: 100.0%
INFO    |convergence                                 |            cFY_W: 100.0%
INFO    |convergence                                 |            cFZ_W: 85.83%
INFO    |convergence                                 |            cMX_W_Cg: 100.0%
INFO    |convergence                                 |            cMY_W_Cg: 98.96%
INFO    |convergence                                 |            cMZ_W_Cg: 100.0%
INFO    |convergence                                 |      Panel aspect ratio: 1
INFO    |convergence                                 |        Chordwise Panels: 3
INFO    |convergence                                 |          Iteration number: 58/96
INFO    |_convergence_meshing                        |          Cached delta_time: 0.0333 s
INFO    |convergence                                 |          Starting simulation
INFO    |unsteady_ring_vortex_lattice_method         |            Unsteady ring vortex lattice method solver completed in 0.148 s
INFO    |convergence                                 |          Simulation completed in 0.148 s
INFO    |convergence                                 |          Wake type convergence:
INFO    |convergence                                 |            cFX_W: 100.0%
INFO    |convergence                                 |            cFY_W: 100.0%
INFO    |convergence                                 |            cFZ_W: 100.0%
INFO    |convergence                                 |            cMX_W_Cg: 100.0%
INFO    |convergence                                 |            cMY_W_Cg: 100.0%
INFO    |convergence                                 |            cMZ_W_Cg: 100.0%
INFO    |convergence                                 |          Wake length convergence: not checked
INFO    |convergence                                 |          Panel aspect ratio convergence:
INFO    |convergence                                 |            cFX_W: 48.26%
INFO    |convergence                                 |            cFY_W: 100.0%
INFO    |convergence                                 |            cFZ_W: 52.06%
INFO    |convergence                                 |            cMX_W_Cg: 100.0%
INFO    |convergence                                 |            cMY_W_Cg: 64.01%
INFO    |convergence                                 |            cMZ_W_Cg: 100.0%
INFO    |convergence                                 |          Number of chordwise Panels convergence: not checked
INFO    |convergence                                 |        Chordwise Panels: 4
INFO    |convergence                                 |          Iteration number: 59/96
INFO    |_convergence_meshing                        |          Cached delta_time: 0.0250 s
INFO    |convergence                                 |          Starting simulation
INFO    |unsteady_ring_vortex_lattice_method         |            Unsteady ring vortex lattice method solver completed in 0.344 s
INFO    |convergence                                 |          Simulation completed in 0.345 s
INFO    |convergence                                 |          Wake type convergence:
INFO    |convergence                                 |            cFX_W: 100.0%
INFO    |convergence                                 |            cFY_W: 100.0%
INFO    |convergence                                 |            cFZ_W: 100.0%
INFO    |convergence                                 |            cMX_W_Cg: 100.0%
INFO    |convergence                                 |            cMY_W_Cg: 100.0%
INFO    |convergence                                 |            cMZ_W_Cg: 100.0%
INFO    |convergence                                 |          Wake length convergence: not checked
INFO    |convergence                                 |          Panel aspect ratio convergence:
INFO    |convergence                                 |            cFX_W: 48.44%
INFO    |convergence                                 |            cFY_W: 100.0%
INFO    |convergence                                 |            cFZ_W: 52.67%
INFO    |convergence                                 |            cMX_W_Cg: 100.0%
INFO    |convergence                                 |            cMY_W_Cg: 64.06%
INFO    |convergence                                 |            cMZ_W_Cg: 100.0%
INFO    |convergence                                 |          Number of chordwise Panels convergence:
INFO    |convergence                                 |            cFX_W: 100.0%
INFO    |convergence                                 |            cFY_W: 100.0%
INFO    |convergence                                 |            cFZ_W: 99.76%
INFO    |convergence                                 |            cMX_W_Cg: 100.0%
INFO    |convergence                                 |            cMY_W_Cg: 100.0%
INFO    |convergence                                 |            cMZ_W_Cg: 100.0%
INFO    |convergence                                 |        Chordwise Panels: 5
INFO    |convergence                                 |          Iteration number: 60/96
INFO    |_convergence_meshing                        |          Cached delta_time: 0.0200 s
INFO    |convergence                                 |          Starting simulation
INFO    |unsteady_ring_vortex_lattice_method         |            Unsteady ring vortex lattice method solver completed in 0.667 s
INFO    |convergence                                 |          Simulation completed in 0.668 s
INFO    |convergence                                 |          Wake type convergence:
INFO    |convergence                                 |            cFX_W: 100.0%
INFO    |convergence                                 |            cFY_W: 100.0%
INFO    |convergence                                 |            cFZ_W: 100.0%
INFO    |convergence                                 |            cMX_W_Cg: 100.0%
INFO    |convergence                                 |            cMY_W_Cg: 100.0%
INFO    |convergence                                 |            cMZ_W_Cg: 100.0%
INFO    |convergence                                 |          Wake length convergence: not checked
INFO    |convergence                                 |          Panel aspect ratio convergence:
INFO    |convergence                                 |            cFX_W: 65.14%
INFO    |convergence                                 |            cFY_W: 100.0%
INFO    |convergence                                 |            cFZ_W: 71.44%
INFO    |convergence                                 |            cMX_W_Cg: 100.0%
INFO    |convergence                                 |            cMY_W_Cg: 87.12%
INFO    |convergence                                 |            cMZ_W_Cg: 100.0%
INFO    |convergence                                 |          Number of chordwise Panels convergence:
INFO    |convergence                                 |            cFX_W: 100.0%
INFO    |convergence                                 |            cFY_W: 100.0%
INFO    |convergence                                 |            cFZ_W: 100.0%
INFO    |convergence                                 |            cMX_W_Cg: 100.0%
INFO    |convergence                                 |            cMY_W_Cg: 100.0%
INFO    |convergence                                 |            cMZ_W_Cg: 100.0%
INFO    |convergence                                 |    Cycles: 2
INFO    |convergence                                 |      Panel aspect ratio: 4
INFO    |convergence                                 |        Chordwise Panels: 3
INFO    |convergence                                 |          Iteration number: 61/96
INFO    |_convergence_meshing                        |          Cached delta_time: 0.0333 s
INFO    |convergence                                 |          Starting simulation
INFO    |unsteady_ring_vortex_lattice_method         |            Unsteady ring vortex lattice method solver completed in 0.0848 s
INFO    |convergence                                 |          Simulation completed in 0.0851 s
INFO    |convergence                                 |          Wake type convergence:
INFO    |convergence                                 |            cFX_W: 100.0%
INFO    |convergence                                 |            cFY_W: 100.0%
INFO    |convergence                                 |            cFZ_W: 100.0%
INFO    |convergence                                 |            cMX_W_Cg: 100.0%
INFO    |convergence                                 |            cMY_W_Cg: 100.0%
INFO    |convergence                                 |            cMZ_W_Cg: 100.0%
INFO    |convergence                                 |          Wake length convergence:
INFO    |convergence                                 |            cFX_W: 42.36%
INFO    |convergence                                 |            cFY_W: 100.0%
INFO    |convergence                                 |            cFZ_W: 100.0%
INFO    |convergence                                 |            cMX_W_Cg: 100.0%
INFO    |convergence                                 |            cMY_W_Cg: 100.0%
INFO    |convergence                                 |            cMZ_W_Cg: 100.0%
INFO    |convergence                                 |          Panel aspect ratio convergence: not checked
INFO    |convergence                                 |          Number of chordwise Panels convergence: not checked
INFO    |convergence                                 |        Chordwise Panels: 4
INFO    |convergence                                 |          Iteration number: 62/96
INFO    |_convergence_meshing                        |          Cached delta_time: 0.0250 s
INFO    |convergence                                 |          Starting simulation
INFO    |unsteady_ring_vortex_lattice_method         |            Unsteady ring vortex lattice method solver completed in 0.201 s
INFO    |convergence                                 |          Simulation completed in 0.202 s
INFO    |convergence                                 |          Wake type convergence:
INFO    |convergence                                 |            cFX_W: 100.0%
INFO    |convergence                                 |            cFY_W: 100.0%
INFO    |convergence                                 |            cFZ_W: 100.0%
INFO    |convergence                                 |            cMX_W_Cg: 100.0%
INFO    |convergence                                 |            cMY_W_Cg: 100.0%
INFO    |convergence                                 |            cMZ_W_Cg: 100.0%
INFO    |convergence                                 |          Wake length convergence:
INFO    |convergence                                 |            cFX_W: 63.34%
INFO    |convergence                                 |            cFY_W: 100.0%
INFO    |convergence                                 |            cFZ_W: 89.28%
INFO    |convergence                                 |            cMX_W_Cg: 100.0%
INFO    |convergence                                 |            cMY_W_Cg: 70.04%
INFO    |convergence                                 |            cMZ_W_Cg: 100.0%
INFO    |convergence                                 |          Panel aspect ratio convergence: not checked
INFO    |convergence                                 |          Number of chordwise Panels convergence:
INFO    |convergence                                 |            cFX_W: 61.74%
INFO    |convergence                                 |            cFY_W: 100.0%
INFO    |convergence                                 |            cFZ_W: 51.77%
INFO    |convergence                                 |            cMX_W_Cg: 100.0%
INFO    |convergence                                 |            cMY_W_Cg: 99.69%
INFO    |convergence                                 |            cMZ_W_Cg: 100.0%
INFO    |convergence                                 |        Chordwise Panels: 5
INFO    |convergence                                 |          Iteration number: 63/96
INFO    |_convergence_meshing                        |          Cached delta_time: 0.0200 s
INFO    |convergence                                 |          Starting simulation
INFO    |unsteady_ring_vortex_lattice_method         |            Unsteady ring vortex lattice method solver completed in 0.449 s
INFO    |convergence                                 |          Simulation completed in 0.450 s
INFO    |convergence                                 |          Wake type convergence:
INFO    |convergence                                 |            cFX_W: 100.0%
INFO    |convergence                                 |            cFY_W: 100.0%
INFO    |convergence                                 |            cFZ_W: 100.0%
INFO    |convergence                                 |            cMX_W_Cg: 100.0%
INFO    |convergence                                 |            cMY_W_Cg: 100.0%
INFO    |convergence                                 |            cMZ_W_Cg: 100.0%
INFO    |convergence                                 |          Wake length convergence:
INFO    |convergence                                 |            cFX_W: 93.83%
INFO    |convergence                                 |            cFY_W: 100.0%
INFO    |convergence                                 |            cFZ_W: 67.45%
INFO    |convergence                                 |            cMX_W_Cg: 100.0%
INFO    |convergence                                 |            cMY_W_Cg: 51.90%
INFO    |convergence                                 |            cMZ_W_Cg: 100.0%
INFO    |convergence                                 |          Panel aspect ratio convergence: not checked
INFO    |convergence                                 |          Number of chordwise Panels convergence:
INFO    |convergence                                 |            cFX_W: 81.82%
INFO    |convergence                                 |            cFY_W: 100.0%
INFO    |convergence                                 |            cFZ_W: 77.61%
INFO    |convergence                                 |            cMX_W_Cg: 100.0%
INFO    |convergence                                 |            cMY_W_Cg: 100.0%
INFO    |convergence                                 |            cMZ_W_Cg: 100.0%
INFO    |convergence                                 |      Panel aspect ratio: 3
INFO    |convergence                                 |        Chordwise Panels: 3
INFO    |convergence                                 |          Iteration number: 64/96
INFO    |_convergence_meshing                        |          Cached delta_time: 0.0333 s
INFO    |convergence                                 |          Starting simulation
INFO    |unsteady_ring_vortex_lattice_method         |            Unsteady ring vortex lattice method solver completed in 0.126 s
INFO    |convergence                                 |          Simulation completed in 0.126 s
INFO    |convergence                                 |          Wake type convergence:
INFO    |convergence                                 |            cFX_W: 100.0%
INFO    |convergence                                 |            cFY_W: 100.0%
INFO    |convergence                                 |            cFZ_W: 100.0%
INFO    |convergence                                 |            cMX_W_Cg: 100.0%
INFO    |convergence                                 |            cMY_W_Cg: 100.0%
INFO    |convergence                                 |            cMZ_W_Cg: 100.0%
INFO    |convergence                                 |          Wake length convergence:
INFO    |convergence                                 |            cFX_W: 42.58%
INFO    |convergence                                 |            cFY_W: 100.0%
INFO    |convergence                                 |            cFZ_W: 100.0%
INFO    |convergence                                 |            cMX_W_Cg: 100.0%
INFO    |convergence                                 |            cMY_W_Cg: 100.0%
INFO    |convergence                                 |            cMZ_W_Cg: 100.0%
INFO    |convergence                                 |          Panel aspect ratio convergence:
INFO    |convergence                                 |            cFX_W: 46.43%
INFO    |convergence                                 |            cFY_W: 100.0%
INFO    |convergence                                 |            cFZ_W: 46.49%
INFO    |convergence                                 |            cMX_W_Cg: 100.0%
INFO    |convergence                                 |            cMY_W_Cg: 59.87%
INFO    |convergence                                 |            cMZ_W_Cg: 100.0%
INFO    |convergence                                 |          Number of chordwise Panels convergence: not checked
INFO    |convergence                                 |        Chordwise Panels: 4
INFO    |convergence                                 |          Iteration number: 65/96
INFO    |_convergence_meshing                        |          Cached delta_time: 0.0250 s
INFO    |convergence                                 |          Starting simulation
INFO    |unsteady_ring_vortex_lattice_method         |            Unsteady ring vortex lattice method solver completed in 0.283 s
INFO    |convergence                                 |          Simulation completed in 0.284 s
INFO    |convergence                                 |          Wake type convergence:
INFO    |convergence                                 |            cFX_W: 100.0%
INFO    |convergence                                 |            cFY_W: 100.0%
INFO    |convergence                                 |            cFZ_W: 100.0%
INFO    |convergence                                 |            cMX_W_Cg: 100.0%
INFO    |convergence                                 |            cMY_W_Cg: 100.0%
INFO    |convergence                                 |            cMZ_W_Cg: 100.0%
INFO    |convergence                                 |          Wake length convergence:
INFO    |convergence                                 |            cFX_W: 64.65%
INFO    |convergence                                 |            cFY_W: 100.0%
INFO    |convergence                                 |            cFZ_W: 86.87%
INFO    |convergence                                 |            cMX_W_Cg: 100.0%
INFO    |convergence                                 |            cMY_W_Cg: 68.38%
INFO    |convergence                                 |            cMZ_W_Cg: 100.0%
INFO    |convergence                                 |          Panel aspect ratio convergence:
INFO    |convergence                                 |            cFX_W: 64.76%
INFO    |convergence                                 |            cFY_W: 100.0%
INFO    |convergence                                 |            cFZ_W: 72.54%
INFO    |convergence                                 |            cMX_W_Cg: 100.0%
INFO    |convergence                                 |            cMY_W_Cg: 89.70%
INFO    |convergence                                 |            cMZ_W_Cg: 100.0%
INFO    |convergence                                 |          Number of chordwise Panels convergence:
INFO    |convergence                                 |            cFX_W: 99.84%
INFO    |convergence                                 |            cFY_W: 100.0%
INFO    |convergence                                 |            cFZ_W: 86.61%
INFO    |convergence                                 |            cMX_W_Cg: 100.0%
INFO    |convergence                                 |            cMY_W_Cg: 100.0%
INFO    |convergence                                 |            cMZ_W_Cg: 100.0%
INFO    |convergence                                 |        Chordwise Panels: 5
INFO    |convergence                                 |          Iteration number: 66/96
INFO    |_convergence_meshing                        |          Cached delta_time: 0.0200 s
INFO    |convergence                                 |          Starting simulation
INFO    |unsteady_ring_vortex_lattice_method         |            Unsteady ring vortex lattice method solver completed in 0.555 s
INFO    |convergence                                 |          Simulation completed in 0.556 s
INFO    |convergence                                 |          Wake type convergence:
INFO    |convergence                                 |            cFX_W: 100.0%
INFO    |convergence                                 |            cFY_W: 100.0%
INFO    |convergence                                 |            cFZ_W: 100.0%
INFO    |convergence                                 |            cMX_W_Cg: 100.0%
INFO    |convergence                                 |            cMY_W_Cg: 100.0%
INFO    |convergence                                 |            cMZ_W_Cg: 100.0%
INFO    |convergence                                 |          Wake length convergence:
INFO    |convergence                                 |            cFX_W: 96.03%
INFO    |convergence                                 |            cFY_W: 100.0%
INFO    |convergence                                 |            cFZ_W: 66.76%
INFO    |convergence                                 |            cMX_W_Cg: 100.0%
INFO    |convergence                                 |            cMY_W_Cg: 51.41%
INFO    |convergence                                 |            cMZ_W_Cg: 100.0%
INFO    |convergence                                 |          Panel aspect ratio convergence:
INFO    |convergence                                 |            cFX_W: 92.50%
INFO    |convergence                                 |            cFY_W: 100.0%
INFO    |convergence                                 |            cFZ_W: 100.0%
INFO    |convergence                                 |            cMX_W_Cg: 100.0%
INFO    |convergence                                 |            cMY_W_Cg: 100.0%
INFO    |convergence                                 |            cMZ_W_Cg: 100.0%
INFO    |convergence                                 |          Number of chordwise Panels convergence:
INFO    |convergence                                 |            cFX_W: 100.0%
INFO    |convergence                                 |            cFY_W: 100.0%
INFO    |convergence                                 |            cFZ_W: 100.0%
INFO    |convergence                                 |            cMX_W_Cg: 100.0%
INFO    |convergence                                 |            cMY_W_Cg: 100.0%
INFO    |convergence                                 |            cMZ_W_Cg: 100.0%
INFO    |convergence                                 |      Panel aspect ratio: 2
INFO    |convergence                                 |        Chordwise Panels: 3
INFO    |convergence                                 |          Iteration number: 67/96
INFO    |_convergence_meshing                        |          Cached delta_time: 0.0333 s
INFO    |convergence                                 |          Starting simulation
INFO    |unsteady_ring_vortex_lattice_method         |            Unsteady ring vortex lattice method solver completed in 0.188 s
INFO    |convergence                                 |          Simulation completed in 0.189 s
INFO    |convergence                                 |          Wake type convergence:
INFO    |convergence                                 |            cFX_W: 100.0%
INFO    |convergence                                 |            cFY_W: 100.0%
INFO    |convergence                                 |            cFZ_W: 100.0%
INFO    |convergence                                 |            cMX_W_Cg: 100.0%
INFO    |convergence                                 |            cMY_W_Cg: 100.0%
INFO    |convergence                                 |            cMZ_W_Cg: 100.0%
INFO    |convergence                                 |          Wake length convergence:
INFO    |convergence                                 |            cFX_W: 43.37%
INFO    |convergence                                 |            cFY_W: 100.0%
INFO    |convergence                                 |            cFZ_W: 100.0%
INFO    |convergence                                 |            cMX_W_Cg: 100.0%
INFO    |convergence                                 |            cMY_W_Cg: 100.0%
INFO    |convergence                                 |            cMZ_W_Cg: 100.0%
INFO    |convergence                                 |          Panel aspect ratio convergence:
INFO    |convergence                                 |            cFX_W: 39.26%
INFO    |convergence                                 |            cFY_W: 100.0%
INFO    |convergence                                 |            cFZ_W: 43.52%
INFO    |convergence                                 |            cMX_W_Cg: 100.0%
INFO    |convergence                                 |            cMY_W_Cg: 54.17%
INFO    |convergence                                 |            cMZ_W_Cg: 100.0%
INFO    |convergence                                 |          Number of chordwise Panels convergence: not checked
INFO    |convergence                                 |        Chordwise Panels: 4
INFO    |convergence                                 |          Iteration number: 68/96
INFO    |_convergence_meshing                        |          Cached delta_time: 0.0250 s
INFO    |convergence                                 |          Starting simulation
INFO    |unsteady_ring_vortex_lattice_method         |            Unsteady ring vortex lattice method solver completed in 0.417 s
INFO    |convergence                                 |          Simulation completed in 0.418 s
INFO    |convergence                                 |          Wake type convergence:
INFO    |convergence                                 |            cFX_W: 100.0%
INFO    |convergence                                 |            cFY_W: 100.0%
INFO    |convergence                                 |            cFZ_W: 100.0%
INFO    |convergence                                 |            cMX_W_Cg: 100.0%
INFO    |convergence                                 |            cMY_W_Cg: 100.0%
INFO    |convergence                                 |            cMZ_W_Cg: 100.0%
INFO    |convergence                                 |          Wake length convergence:
INFO    |convergence                                 |            cFX_W: 66.22%
INFO    |convergence                                 |            cFY_W: 100.0%
INFO    |convergence                                 |            cFZ_W: 85.13%
INFO    |convergence                                 |            cMX_W_Cg: 100.0%
INFO    |convergence                                 |            cMY_W_Cg: 67.12%
INFO    |convergence                                 |            cMZ_W_Cg: 100.0%
INFO    |convergence                                 |          Panel aspect ratio convergence:
INFO    |convergence                                 |            cFX_W: 54.73%
INFO    |convergence                                 |            cFY_W: 100.0%
INFO    |convergence                                 |            cFZ_W: 61.76%
INFO    |convergence                                 |            cMX_W_Cg: 100.0%
INFO    |convergence                                 |            cMY_W_Cg: 75.22%
INFO    |convergence                                 |            cMZ_W_Cg: 100.0%
INFO    |convergence                                 |          Number of chordwise Panels convergence:
INFO    |convergence                                 |            cFX_W: 100.0%
INFO    |convergence                                 |            cFY_W: 100.0%
INFO    |convergence                                 |            cFZ_W: 100.0%
INFO    |convergence                                 |            cMX_W_Cg: 100.0%
INFO    |convergence                                 |            cMY_W_Cg: 100.0%
INFO    |convergence                                 |            cMZ_W_Cg: 100.0%
INFO    |convergence                                 |        Chordwise Panels: 5
INFO    |convergence                                 |          Iteration number: 69/96
INFO    |_convergence_meshing                        |          Cached delta_time: 0.0200 s
INFO    |convergence                                 |          Starting simulation
INFO    |unsteady_ring_vortex_lattice_method         |            Unsteady ring vortex lattice method solver completed in 0.877 s
INFO    |convergence                                 |          Simulation completed in 0.878 s
INFO    |convergence                                 |          Wake type convergence:
INFO    |convergence                                 |            cFX_W: 100.0%
INFO    |convergence                                 |            cFY_W: 100.0%
INFO    |convergence                                 |            cFZ_W: 100.0%
INFO    |convergence                                 |            cMX_W_Cg: 100.0%
INFO    |convergence                                 |            cMY_W_Cg: 100.0%
INFO    |convergence                                 |            cMZ_W_Cg: 100.0%
INFO    |convergence                                 |          Wake length convergence:
INFO    |convergence                                 |            cFX_W: 99.33%
INFO    |convergence                                 |            cFY_W: 100.0%
INFO    |convergence                                 |            cFZ_W: 65.92%
INFO    |convergence                                 |            cMX_W_Cg: 100.0%
INFO    |convergence                                 |            cMY_W_Cg: 50.84%
INFO    |convergence                                 |            cMZ_W_Cg: 100.0%
INFO    |convergence                                 |          Panel aspect ratio convergence:
INFO    |convergence                                 |            cFX_W: 55.69%
INFO    |convergence                                 |            cFY_W: 100.0%
INFO    |convergence                                 |            cFZ_W: 63.10%
INFO    |convergence                                 |            cMX_W_Cg: 100.0%
INFO    |convergence                                 |            cMY_W_Cg: 76.13%
INFO    |convergence                                 |            cMZ_W_Cg: 100.0%
INFO    |convergence                                 |          Number of chordwise Panels convergence:
INFO    |convergence                                 |            cFX_W: 100.0%
INFO    |convergence                                 |            cFY_W: 100.0%
INFO    |convergence                                 |            cFZ_W: 100.0%
INFO    |convergence                                 |            cMX_W_Cg: 100.0%
INFO    |convergence                                 |            cMY_W_Cg: 100.0%
INFO    |convergence                                 |            cMZ_W_Cg: 100.0%
INFO    |convergence                                 |      Panel aspect ratio: 1
INFO    |convergence                                 |        Chordwise Panels: 3
INFO    |convergence                                 |          Iteration number: 70/96
INFO    |_convergence_meshing                        |          Cached delta_time: 0.0333 s
INFO    |convergence                                 |          Starting simulation
INFO    |unsteady_ring_vortex_lattice_method         |            Unsteady ring vortex lattice method solver completed in 0.355 s
INFO    |convergence                                 |          Simulation completed in 0.355 s
INFO    |convergence                                 |          Wake type convergence:
INFO    |convergence                                 |            cFX_W: 100.0%
INFO    |convergence                                 |            cFY_W: 100.0%
INFO    |convergence                                 |            cFZ_W: 100.0%
INFO    |convergence                                 |            cMX_W_Cg: 100.0%
INFO    |convergence                                 |            cMY_W_Cg: 100.0%
INFO    |convergence                                 |            cMZ_W_Cg: 100.0%
INFO    |convergence                                 |          Wake length convergence:
INFO    |convergence                                 |            cFX_W: 44.00%
INFO    |convergence                                 |            cFY_W: 100.0%
INFO    |convergence                                 |            cFZ_W: 100.0%
INFO    |convergence                                 |            cMX_W_Cg: 100.0%
INFO    |convergence                                 |            cMY_W_Cg: 100.0%
INFO    |convergence                                 |            cMZ_W_Cg: 100.0%
INFO    |convergence                                 |          Panel aspect ratio convergence:
INFO    |convergence                                 |            cFX_W: 47.51%
INFO    |convergence                                 |            cFY_W: 100.0%
INFO    |convergence                                 |            cFZ_W: 52.48%
INFO    |convergence                                 |            cMX_W_Cg: 100.0%
INFO    |convergence                                 |            cMY_W_Cg: 64.65%
INFO    |convergence                                 |            cMZ_W_Cg: 100.0%
INFO    |convergence                                 |          Number of chordwise Panels convergence: not checked
INFO    |convergence                                 |        Chordwise Panels: 4
INFO    |convergence                                 |          Iteration number: 71/96
INFO    |_convergence_meshing                        |          Cached delta_time: 0.0250 s
INFO    |convergence                                 |          Starting simulation
INFO    |unsteady_ring_vortex_lattice_method         |            Unsteady ring vortex lattice method solver completed in 0.848 s
INFO    |convergence                                 |          Simulation completed in 0.849 s
INFO    |convergence                                 |          Wake type convergence:
INFO    |convergence                                 |            cFX_W: 100.0%
INFO    |convergence                                 |            cFY_W: 100.0%
INFO    |convergence                                 |            cFZ_W: 100.0%
INFO    |convergence                                 |            cMX_W_Cg: 100.0%
INFO    |convergence                                 |            cMY_W_Cg: 100.0%
INFO    |convergence                                 |            cMZ_W_Cg: 100.0%
INFO    |convergence                                 |          Wake length convergence:
INFO    |convergence                                 |            cFX_W: 67.84%
INFO    |convergence                                 |            cFY_W: 100.0%
INFO    |convergence                                 |            cFZ_W: 84.09%
INFO    |convergence                                 |            cMX_W_Cg: 100.0%
INFO    |convergence                                 |            cMY_W_Cg: 66.48%
INFO    |convergence                                 |            cMZ_W_Cg: 100.0%
INFO    |convergence                                 |          Panel aspect ratio convergence:
INFO    |convergence                                 |            cFX_W: 47.62%
INFO    |convergence                                 |            cFY_W: 100.0%
INFO    |convergence                                 |            cFZ_W: 53.07%
INFO    |convergence                                 |            cMX_W_Cg: 100.0%
INFO    |convergence                                 |            cMY_W_Cg: 64.65%
INFO    |convergence                                 |            cMZ_W_Cg: 100.0%
INFO    |convergence                                 |          Number of chordwise Panels convergence:
INFO    |convergence                                 |            cFX_W: 100.0%
INFO    |convergence                                 |            cFY_W: 100.0%
INFO    |convergence                                 |            cFZ_W: 100.0%
INFO    |convergence                                 |            cMX_W_Cg: 100.0%
INFO    |convergence                                 |            cMY_W_Cg: 100.0%
INFO    |convergence                                 |            cMZ_W_Cg: 100.0%
INFO    |convergence                                 |        Chordwise Panels: 5
INFO    |convergence                                 |          Iteration number: 72/96
INFO    |_convergence_meshing                        |          Cached delta_time: 0.0200 s
INFO    |convergence                                 |          Starting simulation
INFO    |unsteady_ring_vortex_lattice_method         |            Unsteady ring vortex lattice method solver completed in 1.84 s
INFO    |convergence                                 |          Simulation completed in 1.84 s
INFO    |convergence                                 |          Wake type convergence:
INFO    |convergence                                 |            cFX_W: 100.0%
INFO    |convergence                                 |            cFY_W: 100.0%
INFO    |convergence                                 |            cFZ_W: 100.0%
INFO    |convergence                                 |            cMX_W_Cg: 100.0%
INFO    |convergence                                 |            cMY_W_Cg: 100.0%
INFO    |convergence                                 |            cMZ_W_Cg: 100.0%
INFO    |convergence                                 |          Wake length convergence:
INFO    |convergence                                 |            cFX_W: 100.0%
INFO    |convergence                                 |            cFY_W: 100.0%
INFO    |convergence                                 |            cFZ_W: 65.73%
INFO    |convergence                                 |            cMX_W_Cg: 100.0%
INFO    |convergence                                 |            cMY_W_Cg: 50.74%
INFO    |convergence                                 |            cMZ_W_Cg: 100.0%
INFO    |convergence                                 |          Panel aspect ratio convergence:
INFO    |convergence                                 |            cFX_W: 63.98%
INFO    |convergence                                 |            cFY_W: 100.0%
INFO    |convergence                                 |            cFZ_W: 71.67%
INFO    |convergence                                 |            cMX_W_Cg: 100.0%
INFO    |convergence                                 |            cMY_W_Cg: 87.43%
INFO    |convergence                                 |            cMZ_W_Cg: 100.0%
INFO    |convergence                                 |          Number of chordwise Panels convergence:
INFO    |convergence                                 |            cFX_W: 100.0%
INFO    |convergence                                 |            cFY_W: 100.0%
INFO    |convergence                                 |            cFZ_W: 100.0%
INFO    |convergence                                 |            cMX_W_Cg: 100.0%
INFO    |convergence                                 |            cMY_W_Cg: 100.0%
INFO    |convergence                                 |            cMZ_W_Cg: 100.0%
INFO    |convergence                                 |    Cycles: 3
INFO    |convergence                                 |      Panel aspect ratio: 4
INFO    |convergence                                 |        Chordwise Panels: 3
INFO    |convergence                                 |          Iteration number: 73/96
INFO    |_convergence_meshing                        |          Cached delta_time: 0.0333 s
INFO    |convergence                                 |          Starting simulation
INFO    |unsteady_ring_vortex_lattice_method         |            Unsteady ring vortex lattice method solver completed in 0.137 s
INFO    |convergence                                 |          Simulation completed in 0.138 s
INFO    |convergence                                 |          Wake type convergence:
INFO    |convergence                                 |            cFX_W: 100.0%
INFO    |convergence                                 |            cFY_W: 100.0%
INFO    |convergence                                 |            cFZ_W: 100.0%
INFO    |convergence                                 |            cMX_W_Cg: 100.0%
INFO    |convergence                                 |            cMY_W_Cg: 100.0%
INFO    |convergence                                 |            cMZ_W_Cg: 100.0%
INFO    |convergence                                 |          Wake length convergence:
INFO    |convergence                                 |            cFX_W: 100.0%
INFO    |convergence                                 |            cFY_W: 100.0%
INFO    |convergence                                 |            cFZ_W: 100.0%
INFO    |convergence                                 |            cMX_W_Cg: 100.0%
INFO    |convergence                                 |            cMY_W_Cg: 100.0%
INFO    |convergence                                 |            cMZ_W_Cg: 100.0%
INFO    |convergence                                 |          Panel aspect ratio convergence: not checked
INFO    |convergence                                 |          Number of chordwise Panels convergence: not checked
INFO    |convergence                                 |        Chordwise Panels: 4
INFO    |convergence                                 |          Iteration number: 74/96
INFO    |_convergence_meshing                        |          Cached delta_time: 0.0250 s
INFO    |convergence                                 |          Starting simulation
INFO    |unsteady_ring_vortex_lattice_method         |            Unsteady ring vortex lattice method solver completed in 0.381 s
INFO    |convergence                                 |          Simulation completed in 0.381 s
INFO    |convergence                                 |          Wake type convergence:
INFO    |convergence                                 |            cFX_W: 100.0%
INFO    |convergence                                 |            cFY_W: 100.0%
INFO    |convergence                                 |            cFZ_W: 100.0%
INFO    |convergence                                 |            cMX_W_Cg: 100.0%
INFO    |convergence                                 |            cMY_W_Cg: 100.0%
INFO    |convergence                                 |            cMZ_W_Cg: 100.0%
INFO    |convergence                                 |          Wake length convergence:
INFO    |convergence                                 |            cFX_W: 100.0%
INFO    |convergence                                 |            cFY_W: 100.0%
INFO    |convergence                                 |            cFZ_W: 100.0%
INFO    |convergence                                 |            cMX_W_Cg: 100.0%
INFO    |convergence                                 |            cMY_W_Cg: 100.0%
INFO    |convergence                                 |            cMZ_W_Cg: 100.0%
INFO    |convergence                                 |          Panel aspect ratio convergence: not checked
INFO    |convergence                                 |          Number of chordwise Panels convergence:
INFO    |convergence                                 |            cFX_W: 61.74%
INFO    |convergence                                 |            cFY_W: 100.0%
INFO    |convergence                                 |            cFZ_W: 51.80%
INFO    |convergence                                 |            cMX_W_Cg: 100.0%
INFO    |convergence                                 |            cMY_W_Cg: 99.61%
INFO    |convergence                                 |            cMZ_W_Cg: 100.0%
INFO    |convergence                                 |        Chordwise Panels: 5
INFO    |convergence                                 |          Iteration number: 75/96
INFO    |_convergence_meshing                        |          Cached delta_time: 0.0200 s
INFO    |convergence                                 |          Starting simulation
INFO    |unsteady_ring_vortex_lattice_method         |            Unsteady ring vortex lattice method solver completed in 0.783 s
INFO    |convergence                                 |          Simulation completed in 0.784 s
INFO    |convergence                                 |          Wake type convergence:
INFO    |convergence                                 |            cFX_W: 100.0%
INFO    |convergence                                 |            cFY_W: 100.0%
INFO    |convergence                                 |            cFZ_W: 100.0%
INFO    |convergence                                 |            cMX_W_Cg: 100.0%
INFO    |convergence                                 |            cMY_W_Cg: 100.0%
INFO    |convergence                                 |            cMZ_W_Cg: 100.0%
INFO    |convergence                                 |          Wake length convergence:
INFO    |convergence                                 |            cFX_W: 100.0%
INFO    |convergence                                 |            cFY_W: 100.0%
INFO    |convergence                                 |            cFZ_W: 100.0%
INFO    |convergence                                 |            cMX_W_Cg: 100.0%
INFO    |convergence                                 |            cMY_W_Cg: 100.0%
INFO    |convergence                                 |            cMZ_W_Cg: 100.0%
INFO    |convergence                                 |          Panel aspect ratio convergence: not checked
INFO    |convergence                                 |          Number of chordwise Panels convergence:
INFO    |convergence                                 |            cFX_W: 81.78%
INFO    |convergence                                 |            cFY_W: 100.0%
INFO    |convergence                                 |            cFZ_W: 77.42%
INFO    |convergence                                 |            cMX_W_Cg: 100.0%
INFO    |convergence                                 |            cMY_W_Cg: 100.0%
INFO    |convergence                                 |            cMZ_W_Cg: 100.0%
INFO    |convergence                                 |      Panel aspect ratio: 3
INFO    |convergence                                 |        Chordwise Panels: 3
INFO    |convergence                                 |          Iteration number: 76/96
INFO    |_convergence_meshing                        |          Cached delta_time: 0.0333 s
INFO    |convergence                                 |          Starting simulation
INFO    |unsteady_ring_vortex_lattice_method         |            Unsteady ring vortex lattice method solver completed in 0.200 s
INFO    |convergence                                 |          Simulation completed in 0.201 s
INFO    |convergence                                 |          Wake type convergence:
INFO    |convergence                                 |            cFX_W: 100.0%
INFO    |convergence                                 |            cFY_W: 100.0%
INFO    |convergence                                 |            cFZ_W: 100.0%
INFO    |convergence                                 |            cMX_W_Cg: 100.0%
INFO    |convergence                                 |            cMY_W_Cg: 100.0%
INFO    |convergence                                 |            cMZ_W_Cg: 100.0%
INFO    |convergence                                 |          Wake length convergence:
INFO    |convergence                                 |            cFX_W: 100.0%
INFO    |convergence                                 |            cFY_W: 100.0%
INFO    |convergence                                 |            cFZ_W: 100.0%
INFO    |convergence                                 |            cMX_W_Cg: 100.0%
INFO    |convergence                                 |            cMY_W_Cg: 100.0%
INFO    |convergence                                 |            cMZ_W_Cg: 100.0%
INFO    |convergence                                 |          Panel aspect ratio convergence:
INFO    |convergence                                 |            cFX_W: 46.43%
INFO    |convergence                                 |            cFY_W: 100.0%
INFO    |convergence                                 |            cFZ_W: 46.48%
INFO    |convergence                                 |            cMX_W_Cg: 100.0%
INFO    |convergence                                 |            cMY_W_Cg: 59.84%
INFO    |convergence                                 |            cMZ_W_Cg: 100.0%
INFO    |convergence                                 |          Number of chordwise Panels convergence: not checked
INFO    |convergence                                 |        Chordwise Panels: 4
INFO    |convergence                                 |          Iteration number: 77/96
INFO    |_convergence_meshing                        |          Cached delta_time: 0.0250 s
INFO    |convergence                                 |          Starting simulation
INFO    |unsteady_ring_vortex_lattice_method         |            Unsteady ring vortex lattice method solver completed in 0.500 s
INFO    |convergence                                 |          Simulation completed in 0.501 s
INFO    |convergence                                 |          Wake type convergence:
INFO    |convergence                                 |            cFX_W: 100.0%
INFO    |convergence                                 |            cFY_W: 100.0%
INFO    |convergence                                 |            cFZ_W: 100.0%
INFO    |convergence                                 |            cMX_W_Cg: 100.0%
INFO    |convergence                                 |            cMY_W_Cg: 100.0%
INFO    |convergence                                 |            cMZ_W_Cg: 100.0%
INFO    |convergence                                 |          Wake length convergence:
INFO    |convergence                                 |            cFX_W: 100.0%
INFO    |convergence                                 |            cFY_W: 100.0%
INFO    |convergence                                 |            cFZ_W: 100.0%
INFO    |convergence                                 |            cMX_W_Cg: 100.0%
INFO    |convergence                                 |            cMY_W_Cg: 100.0%
INFO    |convergence                                 |            cMZ_W_Cg: 100.0%
INFO    |convergence                                 |          Panel aspect ratio convergence:
INFO    |convergence                                 |            cFX_W: 64.74%
INFO    |convergence                                 |            cFY_W: 100.0%
INFO    |convergence                                 |            cFZ_W: 72.39%
INFO    |convergence                                 |            cMX_W_Cg: 100.0%
INFO    |convergence                                 |            cMY_W_Cg: 89.50%
INFO    |convergence                                 |            cMZ_W_Cg: 100.0%
INFO    |convergence                                 |          Number of chordwise Panels convergence:
INFO    |convergence                                 |            cFX_W: 99.80%
INFO    |convergence                                 |            cFY_W: 100.0%
INFO    |convergence                                 |            cFZ_W: 86.51%
INFO    |convergence                                 |            cMX_W_Cg: 100.0%
INFO    |convergence                                 |            cMY_W_Cg: 100.0%
INFO    |convergence                                 |            cMZ_W_Cg: 100.0%
INFO    |convergence                                 |        Chordwise Panels: 5
INFO    |convergence                                 |          Iteration number: 78/96
INFO    |_convergence_meshing                        |          Cached delta_time: 0.0200 s
INFO    |convergence                                 |          Starting simulation
INFO    |unsteady_ring_vortex_lattice_method         |            Unsteady ring vortex lattice method solver completed in 1.00 s
INFO    |convergence                                 |          Simulation completed in 1.01 s
INFO    |convergence                                 |          Wake type convergence:
INFO    |convergence                                 |            cFX_W: 100.0%
INFO    |convergence                                 |            cFY_W: 100.0%
INFO    |convergence                                 |            cFZ_W: 100.0%
INFO    |convergence                                 |            cMX_W_Cg: 100.0%
INFO    |convergence                                 |            cMY_W_Cg: 100.0%
INFO    |convergence                                 |            cMZ_W_Cg: 100.0%
INFO    |convergence                                 |          Wake length convergence:
INFO    |convergence                                 |            cFX_W: 100.0%
INFO    |convergence                                 |            cFY_W: 100.0%
INFO    |convergence                                 |            cFZ_W: 100.0%
INFO    |convergence                                 |            cMX_W_Cg: 100.0%
INFO    |convergence                                 |            cMY_W_Cg: 100.0%
INFO    |convergence                                 |            cMZ_W_Cg: 100.0%
INFO    |convergence                                 |          Panel aspect ratio convergence:
INFO    |convergence                                 |            cFX_W: 92.48%
INFO    |convergence                                 |            cFY_W: 100.0%
INFO    |convergence                                 |            cFZ_W: 100.0%
INFO    |convergence                                 |            cMX_W_Cg: 100.0%
INFO    |convergence                                 |            cMY_W_Cg: 100.0%
INFO    |convergence                                 |            cMZ_W_Cg: 100.0%
INFO    |convergence                                 |          Number of chordwise Panels convergence:
INFO    |convergence                                 |            cFX_W: 100.0%
INFO    |convergence                                 |            cFY_W: 100.0%
INFO    |convergence                                 |            cFZ_W: 100.0%
INFO    |convergence                                 |            cMX_W_Cg: 100.0%
INFO    |convergence                                 |            cMY_W_Cg: 100.0%
INFO    |convergence                                 |            cMZ_W_Cg: 100.0%
INFO    |convergence                                 |      Panel aspect ratio: 2
INFO    |convergence                                 |        Chordwise Panels: 3
INFO    |convergence                                 |          Iteration number: 79/96
INFO    |_convergence_meshing                        |          Cached delta_time: 0.0333 s
INFO    |convergence                                 |          Starting simulation
INFO    |unsteady_ring_vortex_lattice_method         |            Unsteady ring vortex lattice method solver completed in 0.341 s
INFO    |convergence                                 |          Simulation completed in 0.341 s
INFO    |convergence                                 |          Wake type convergence:
INFO    |convergence                                 |            cFX_W: 100.0%
INFO    |convergence                                 |            cFY_W: 100.0%
INFO    |convergence                                 |            cFZ_W: 100.0%
INFO    |convergence                                 |            cMX_W_Cg: 100.0%
INFO    |convergence                                 |            cMY_W_Cg: 100.0%
INFO    |convergence                                 |            cMZ_W_Cg: 100.0%
INFO    |convergence                                 |          Wake length convergence:
INFO    |convergence                                 |            cFX_W: 100.0%
INFO    |convergence                                 |            cFY_W: 100.0%
INFO    |convergence                                 |            cFZ_W: 100.0%
INFO    |convergence                                 |            cMX_W_Cg: 100.0%
INFO    |convergence                                 |            cMY_W_Cg: 100.0%
INFO    |convergence                                 |            cMZ_W_Cg: 100.0%
INFO    |convergence                                 |          Panel aspect ratio convergence:
INFO    |convergence                                 |            cFX_W: 39.24%
INFO    |convergence                                 |            cFY_W: 100.0%
INFO    |convergence                                 |            cFZ_W: 43.44%
INFO    |convergence                                 |            cMX_W_Cg: 100.0%
INFO    |convergence                                 |            cMY_W_Cg: 54.06%
INFO    |convergence                                 |            cMZ_W_Cg: 100.0%
INFO    |convergence                                 |          Number of chordwise Panels convergence: not checked
INFO    |convergence                                 |        Chordwise Panels: 4
INFO    |convergence                                 |          Iteration number: 80/96
INFO    |_convergence_meshing                        |          Cached delta_time: 0.0250 s
INFO    |convergence                                 |          Starting simulation
INFO    |unsteady_ring_vortex_lattice_method         |            Unsteady ring vortex lattice method solver completed in 0.732 s
INFO    |convergence                                 |          Simulation completed in 0.733 s
INFO    |convergence                                 |          Wake type convergence:
INFO    |convergence                                 |            cFX_W: 100.0%
INFO    |convergence                                 |            cFY_W: 100.0%
INFO    |convergence                                 |            cFZ_W: 100.0%
INFO    |convergence                                 |            cMX_W_Cg: 100.0%
INFO    |convergence                                 |            cMY_W_Cg: 100.0%
INFO    |convergence                                 |            cMZ_W_Cg: 100.0%
INFO    |convergence                                 |          Wake length convergence:
INFO    |convergence                                 |            cFX_W: 100.0%
INFO    |convergence                                 |            cFY_W: 100.0%
INFO    |convergence                                 |            cFZ_W: 100.0%
INFO    |convergence                                 |            cMX_W_Cg: 100.0%
INFO    |convergence                                 |            cMY_W_Cg: 100.0%
INFO    |convergence                                 |            cMZ_W_Cg: 100.0%
INFO    |convergence                                 |          Panel aspect ratio convergence:
INFO    |convergence                                 |            cFX_W: 54.69%
INFO    |convergence                                 |            cFY_W: 100.0%
INFO    |convergence                                 |            cFZ_W: 61.66%
INFO    |convergence                                 |            cMX_W_Cg: 100.0%
INFO    |convergence                                 |            cMY_W_Cg: 75.10%
INFO    |convergence                                 |            cMZ_W_Cg: 100.0%
INFO    |convergence                                 |          Number of chordwise Panels convergence:
INFO    |convergence                                 |            cFX_W: 100.0%
INFO    |convergence                                 |            cFY_W: 100.0%
INFO    |convergence                                 |            cFZ_W: 100.0%
INFO    |convergence                                 |            cMX_W_Cg: 100.0%
INFO    |convergence                                 |            cMY_W_Cg: 100.0%
INFO    |convergence                                 |            cMZ_W_Cg: 100.0%
INFO    |convergence                                 |        Chordwise Panels: 5
INFO    |convergence                                 |          Iteration number: 81/96
INFO    |_convergence_meshing                        |          Cached delta_time: 0.0200 s
INFO    |convergence                                 |          Starting simulation
INFO    |unsteady_ring_vortex_lattice_method         |            Unsteady ring vortex lattice method solver completed in 1.59 s
INFO    |convergence                                 |          Simulation completed in 1.59 s
INFO    |convergence                                 |          Wake type convergence:
INFO    |convergence                                 |            cFX_W: 100.0%
INFO    |convergence                                 |            cFY_W: 100.0%
INFO    |convergence                                 |            cFZ_W: 100.0%
INFO    |convergence                                 |            cMX_W_Cg: 100.0%
INFO    |convergence                                 |            cMY_W_Cg: 100.0%
INFO    |convergence                                 |            cMZ_W_Cg: 100.0%
INFO    |convergence                                 |          Wake length convergence:
INFO    |convergence                                 |            cFX_W: 100.0%
INFO    |convergence                                 |            cFY_W: 100.0%
INFO    |convergence                                 |            cFZ_W: 100.0%
INFO    |convergence                                 |            cMX_W_Cg: 100.0%
INFO    |convergence                                 |            cMY_W_Cg: 100.0%
INFO    |convergence                                 |            cMZ_W_Cg: 100.0%
INFO    |convergence                                 |          Panel aspect ratio convergence:
INFO    |convergence                                 |            cFX_W: 55.67%
INFO    |convergence                                 |            cFY_W: 100.0%
INFO    |convergence                                 |            cFZ_W: 63.05%
INFO    |convergence                                 |            cMX_W_Cg: 100.0%
INFO    |convergence                                 |            cMY_W_Cg: 76.06%
INFO    |convergence                                 |            cMZ_W_Cg: 100.0%
INFO    |convergence                                 |          Number of chordwise Panels convergence:
INFO    |convergence                                 |            cFX_W: 100.0%
INFO    |convergence                                 |            cFY_W: 100.0%
INFO    |convergence                                 |            cFZ_W: 100.0%
INFO    |convergence                                 |            cMX_W_Cg: 100.0%
INFO    |convergence                                 |            cMY_W_Cg: 100.0%
INFO    |convergence                                 |            cMZ_W_Cg: 100.0%
INFO    |convergence                                 |      Panel aspect ratio: 1
INFO    |convergence                                 |        Chordwise Panels: 3
INFO    |convergence                                 |          Iteration number: 82/96
INFO    |_convergence_meshing                        |          Cached delta_time: 0.0333 s
INFO    |convergence                                 |          Starting simulation
INFO    |unsteady_ring_vortex_lattice_method         |            Unsteady ring vortex lattice method solver completed in 0.609 s
INFO    |convergence                                 |          Simulation completed in 0.610 s
INFO    |convergence                                 |          Wake type convergence:
INFO    |convergence                                 |            cFX_W: 100.0%
INFO    |convergence                                 |            cFY_W: 100.0%
INFO    |convergence                                 |            cFZ_W: 100.0%
INFO    |convergence                                 |            cMX_W_Cg: 100.0%
INFO    |convergence                                 |            cMY_W_Cg: 100.0%
INFO    |convergence                                 |            cMZ_W_Cg: 100.0%
INFO    |convergence                                 |          Wake length convergence:
INFO    |convergence                                 |            cFX_W: 100.0%
INFO    |convergence                                 |            cFY_W: 100.0%
INFO    |convergence                                 |            cFZ_W: 100.0%
INFO    |convergence                                 |            cMX_W_Cg: 100.0%
INFO    |convergence                                 |            cMY_W_Cg: 100.0%
INFO    |convergence                                 |            cMZ_W_Cg: 100.0%
INFO    |convergence                                 |          Panel aspect ratio convergence:
INFO    |convergence                                 |            cFX_W: 47.49%
INFO    |convergence                                 |            cFY_W: 100.0%
INFO    |convergence                                 |            cFZ_W: 52.44%
INFO    |convergence                                 |            cMX_W_Cg: 100.0%
INFO    |convergence                                 |            cMY_W_Cg: 64.59%
INFO    |convergence                                 |            cMZ_W_Cg: 100.0%
INFO    |convergence                                 |          Number of chordwise Panels convergence: not checked
INFO    |convergence                                 |        Chordwise Panels: 4
INFO    |convergence                                 |          Iteration number: 83/96
INFO    |_convergence_meshing                        |          Cached delta_time: 0.0250 s
INFO    |convergence                                 |          Starting simulation
INFO    |unsteady_ring_vortex_lattice_method         |            Unsteady ring vortex lattice method solver completed in 1.61 s
INFO    |convergence                                 |          Simulation completed in 1.61 s
INFO    |convergence                                 |          Wake type convergence:
INFO    |convergence                                 |            cFX_W: 100.0%
INFO    |convergence                                 |            cFY_W: 100.0%
INFO    |convergence                                 |            cFZ_W: 100.0%
INFO    |convergence                                 |            cMX_W_Cg: 100.0%
INFO    |convergence                                 |            cMY_W_Cg: 100.0%
INFO    |convergence                                 |            cMZ_W_Cg: 100.0%
INFO    |convergence                                 |          Wake length convergence:
INFO    |convergence                                 |            cFX_W: 100.0%
INFO    |convergence                                 |            cFY_W: 100.0%
INFO    |convergence                                 |            cFZ_W: 100.0%
INFO    |convergence                                 |            cMX_W_Cg: 100.0%
INFO    |convergence                                 |            cMY_W_Cg: 100.0%
INFO    |convergence                                 |            cMZ_W_Cg: 100.0%
INFO    |convergence                                 |          Panel aspect ratio convergence:
INFO    |convergence                                 |            cFX_W: 47.63%
INFO    |convergence                                 |            cFY_W: 100.0%
INFO    |convergence                                 |            cFZ_W: 53.01%
INFO    |convergence                                 |            cMX_W_Cg: 100.0%
INFO    |convergence                                 |            cMY_W_Cg: 64.58%
INFO    |convergence                                 |            cMZ_W_Cg: 100.0%
INFO    |convergence                                 |          Number of chordwise Panels convergence:
INFO    |convergence                                 |            cFX_W: 100.0%
INFO    |convergence                                 |            cFY_W: 100.0%
INFO    |convergence                                 |            cFZ_W: 100.0%
INFO    |convergence                                 |            cMX_W_Cg: 100.0%
INFO    |convergence                                 |            cMY_W_Cg: 100.0%
INFO    |convergence                                 |            cMZ_W_Cg: 100.0%
INFO    |convergence                                 |The analysis found a converged case:
INFO    |convergence                                 |  Wake type: prescribed
INFO    |convergence                                 |  Cycles: 2
INFO    |convergence                                 |  Panel aspect ratio: 1
INFO    |convergence                                 |  Chordwise Panels: 3
INFO    |convergence                                 |  Simulation completed in 0.220 s
INFO    |convergence                                 |  Spanwise Panels:
INFO    |convergence                                 |    Example Airplane:
INFO    |convergence                                 |      Main Wing:
INFO    |convergence                                 |        WingCrossSection 1: 9
INFO    |convergence                                 |        WingCrossSection 2: None
INFO    |convergence                                 |      Reflected Main Wing:
INFO    |convergence                                 |        WingCrossSection 1: 9
INFO    |convergence                                 |        WingCrossSection 2: None
INFO    |convergence                                 |Convergence analysis completed in 57.2 s
