INFO    |movements.movement                          |Starting analytical delta_time optimization
INFO    |movements.movement                          |All motion is static
INFO    |movements.movement                          |Returning the initial delta_time estimate
INFO    |convergence                                 |Beginning convergence analysis
INFO    |convergence                                 |  Converging:
INFO    |convergence                                 |    cFX_W
INFO    |convergence                                 |    cFY_W
INFO    |convergence                                 |    cFZ_W
INFO    |convergence                                 |    cMX_W_Cg
INFO    |convergence                                 |    cMY_W_Cg
INFO    |convergence                                 |    cMZ_W_Cg
INFO    |convergence                                 |  Wake type: prescribed
INFO    |convergence                                 |    Chord lengths: 4
INFO    |convergence                                 |      Panel aspect ratio: 4
INFO    |convergence                                 |        Chordwise Panels: 3
INFO    |convergence                                 |          Iteration number: 1/160
INFO    |movements.movement                          |          Starting analytical delta_time optimization
INFO    |movements.movement                          |          All motion is static
INFO    |movements.movement                          |          Returning the initial delta_time estimate
INFO    |movements.movement                          |          Starting delta_time optimization
INFO    |movements.movement                          |            State: delta_time = 0.0334 s
INFO    |movements.movement                          |              Mismatch: 0.00
INFO    |movements.movement                          |          Acceptable value reached
INFO    |movements.movement                          |          Optimization complete
INFO    |convergence                                 |          Starting simulation
INFO    |unsteady_ring_vortex_lattice_method         |            Solver completed in <time>
INFO    |convergence                                 |          Simulation completed in <time>
INFO    |convergence                                 |          Wake type convergence: not checked
INFO    |convergence                                 |          Wake length convergence: not checked
INFO    |convergence                                 |          Panel aspect ratio convergence: not checked
INFO    |convergence                                 |          Number of chordwise Panels convergence: not checked
INFO    |convergence                                 |        Chordwise Panels: 4
INFO    |convergence                                 |          Iteration number: 2/160
INFO    |movements.movement                          |          Starting analytical delta_time optimization
INFO    |movements.movement                          |          All motion is static
INFO    |movements.movement                          |          Returning the initial delta_time estimate
INFO    |movements.movement                          |          Starting delta_time optimization
INFO    |movements.movement                          |            State: delta_time = 0.0250 s
INFO    |movements.movement                          |              Mismatch: 0.00
INFO    |movements.movement                          |          Acceptable value reached
INFO    |movements.movement                          |          Optimization complete
INFO    |convergence                                 |          Starting simulation
INFO    |unsteady_ring_vortex_lattice_method         |            Solver completed in <time>
INFO    |convergence                                 |          Simulation completed in <time>
INFO    |convergence                                 |          Wake type convergence: not checked
INFO    |convergence                                 |          Wake length convergence: not checked
INFO    |convergence                                 |          Panel aspect ratio convergence: not checked
INFO    |convergence                                 |          Number of chordwise Panels convergence:
INFO    |convergence                                 |            cFX_W: 100.0%
INFO    |convergence                                 |            cFY_W: 100.0%
INFO    |convergence                                 |            cFZ_W: 100.0%
INFO    |convergence                                 |            cMX_W_Cg: 100.0%
INFO    |convergence                                 |            cMY_W_Cg: 100.0%
INFO    |convergence                                 |            cMZ_W_Cg: 100.0%
INFO    |convergence                                 |        Chordwise Panels: 5
INFO    |convergence                                 |          Iteration number: 3/160
INFO    |movements.movement                          |          Starting analytical delta_time optimization
INFO    |movements.movement                          |          All motion is static
INFO    |movements.movement                          |          Returning the initial delta_time estimate
INFO    |movements.movement                          |          Starting delta_time optimization
INFO    |movements.movement                          |            State: delta_time = 0.0200 s
INFO    |movements.movement                          |              Mismatch: 0.00
INFO    |movements.movement                          |          Acceptable value reached
INFO    |movements.movement                          |          Optimization complete
INFO    |convergence                                 |          Starting simulation
INFO    |unsteady_ring_vortex_lattice_method         |            Solver completed in <time>
INFO    |convergence                                 |          Simulation completed in <time>
INFO    |convergence                                 |          Wake type convergence: not checked
INFO    |convergence                                 |          Wake length convergence: not checked
INFO    |convergence                                 |          Panel aspect ratio convergence: not checked
INFO    |convergence                                 |          Number of chordwise Panels convergence:
INFO    |convergence                                 |            cFX_W: 100.0%
INFO    |convergence                                 |            cFY_W: 100.0%
INFO    |convergence                                 |            cFZ_W: 100.0%
INFO    |convergence                                 |            cMX_W_Cg: 100.0%
INFO    |convergence                                 |            cMY_W_Cg: 100.0%
INFO    |convergence                                 |            cMZ_W_Cg: 100.0%
INFO    |convergence                                 |        Chordwise Panels: 6
INFO    |convergence                                 |          Iteration number: 4/160
INFO    |movements.movement                          |          Starting analytical delta_time optimization
INFO    |movements.movement                          |          All motion is static
INFO    |movements.movement                          |          Returning the initial delta_time estimate
INFO    |movements.movement                          |          Starting delta_time optimization
INFO    |movements.movement                          |            State: delta_time = 0.0167 s
INFO    |movements.movement                          |              Mismatch: 0.00
INFO    |movements.movement                          |          Acceptable value reached
INFO    |movements.movement                          |          Optimization complete
INFO    |convergence                                 |          Starting simulation
INFO    |unsteady_ring_vortex_lattice_method         |            Solver completed in <time>
INFO    |convergence                                 |          Simulation completed in <time>
INFO    |convergence                                 |          Wake type convergence: not checked
INFO    |convergence                                 |          Wake length convergence: not checked
INFO    |convergence                                 |          Panel aspect ratio convergence: not checked
INFO    |convergence                                 |          Number of chordwise Panels convergence:
INFO    |convergence                                 |            cFX_W: 100.0%
INFO    |convergence                                 |            cFY_W: 100.0%
INFO    |convergence                                 |            cFZ_W: 100.0%
INFO    |convergence                                 |            cMX_W_Cg: 100.0%
INFO    |convergence                                 |            cMY_W_Cg: 100.0%
INFO    |convergence                                 |            cMZ_W_Cg: 100.0%
INFO    |convergence                                 |      Panel aspect ratio: 3
INFO    |convergence                                 |        Chordwise Panels: 3
INFO    |convergence                                 |          Iteration number: 5/160
INFO    |movements.movement                          |          Starting analytical delta_time optimization
INFO    |movements.movement                          |          All motion is static
INFO    |movements.movement                          |          Returning the initial delta_time estimate
INFO    |movements.movement                          |          Starting delta_time optimization
INFO    |movements.movement                          |            State: delta_time = 0.0334 s
INFO    |movements.movement                          |              Mismatch: 0.00
INFO    |movements.movement                          |          Acceptable value reached
INFO    |movements.movement                          |          Optimization complete
INFO    |convergence                                 |          Starting simulation
INFO    |unsteady_ring_vortex_lattice_method         |            Solver completed in <time>
INFO    |convergence                                 |          Simulation completed in <time>
INFO    |convergence                                 |          Wake type convergence: not checked
INFO    |convergence                                 |          Wake length convergence: not checked
INFO    |convergence                                 |          Panel aspect ratio convergence:
INFO    |convergence                                 |            cFX_W: 100.0%
INFO    |convergence                                 |            cFY_W: 100.0%
INFO    |convergence                                 |            cFZ_W: 47.02%
INFO    |convergence                                 |            cMX_W_Cg: 100.0%
INFO    |convergence                                 |            cMY_W_Cg: 69.67%
INFO    |convergence                                 |            cMZ_W_Cg: 100.0%
INFO    |convergence                                 |          Number of chordwise Panels convergence: not checked
INFO    |convergence                                 |        Chordwise Panels: 4
INFO    |convergence                                 |          Iteration number: 6/160
INFO    |movements.movement                          |          Starting analytical delta_time optimization
INFO    |movements.movement                          |          All motion is static
INFO    |movements.movement                          |          Returning the initial delta_time estimate
INFO    |movements.movement                          |          Starting delta_time optimization
INFO    |movements.movement                          |            State: delta_time = 0.0250 s
INFO    |movements.movement                          |              Mismatch: 0.00
INFO    |movements.movement                          |          Acceptable value reached
INFO    |movements.movement                          |          Optimization complete
INFO    |convergence                                 |          Starting simulation
INFO    |unsteady_ring_vortex_lattice_method         |            Solver completed in <time>
INFO    |convergence                                 |          Simulation completed in <time>
INFO    |convergence                                 |          Wake type convergence: not checked
INFO    |convergence                                 |          Wake length convergence: not checked
INFO    |convergence                                 |          Panel aspect ratio convergence:
INFO    |convergence                                 |            cFX_W: 100.0%
INFO    |convergence                                 |            cFY_W: 100.0%
INFO    |convergence                                 |            cFZ_W: 76.48%
INFO    |convergence                                 |            cMX_W_Cg: 100.0%
INFO    |convergence                                 |            cMY_W_Cg: 100.0%
INFO    |convergence                                 |            cMZ_W_Cg: 100.0%
INFO    |convergence                                 |          Number of chordwise Panels convergence:
INFO    |convergence                                 |            cFX_W: 100.0%
INFO    |convergence                                 |            cFY_W: 100.0%
INFO    |convergence                                 |            cFZ_W: 100.0%
INFO    |convergence                                 |            cMX_W_Cg: 100.0%
INFO    |convergence                                 |            cMY_W_Cg: 100.0%
INFO    |convergence                                 |            cMZ_W_Cg: 100.0%
INFO    |convergence                                 |        Chordwise Panels: 5
INFO    |convergence                                 |          Iteration number: 7/160
INFO    |movements.movement                          |          Starting analytical delta_time optimization
INFO    |movements.movement                          |          All motion is static
INFO    |movements.movement                          |          Returning the initial delta_time estimate
INFO    |movements.movement                          |          Starting delta_time optimization
INFO    |movements.movement                          |            State: delta_time = 0.0200 s
INFO    |movements.movement                          |              Mismatch: 0.00
INFO    |movements.movement                          |          Acceptable value reached
INFO    |movements.movement                          |          Optimization complete
INFO    |convergence                                 |          Starting simulation
INFO    |unsteady_ring_vortex_lattice_method         |            Solver completed in <time>
INFO    |convergence                                 |          Simulation completed in <time>
INFO    |convergence                                 |          Wake type convergence: not checked
INFO    |convergence                                 |          Wake length convergence: not checked
INFO    |convergence                                 |          Panel aspect ratio convergence:
INFO    |convergence                                 |            cFX_W: 100.0%
INFO    |convergence                                 |            cFY_W: 100.0%
INFO    |convergence                                 |            cFZ_W: 100.0%
INFO    |convergence                                 |            cMX_W_Cg: 100.0%
INFO    |convergence                                 |            cMY_W_Cg: 100.0%
INFO    |convergence                                 |            cMZ_W_Cg: 100.0%
INFO    |convergence                                 |          Number of chordwise Panels convergence:
INFO    |convergence                                 |            cFX_W: 100.0%
INFO    |convergence                                 |            cFY_W: 100.0%
INFO    |convergence                                 |            cFZ_W: 100.0%
INFO    |convergence                                 |            cMX_W_Cg: 100.0%
INFO    |convergence                                 |            cMY_W_Cg: 100.0%
INFO    |convergence                                 |            cMZ_W_Cg: 100.0%
INFO    |convergence                                 |        Chordwise Panels: 6
INFO    |convergence                                 |          Iteration number: 8/160
INFO    |movements.movement                          |          Starting analytical delta_time optimization
INFO    |movements.movement                          |          All motion is static
INFO    |movements.movement                          |          Returning the initial delta_time estimate
INFO    |movements.movement                          |          Starting delta_time optimization
INFO    |movements.movement                          |            State: delta_time = 0.0167 s
INFO    |movements.movement                          |              Mismatch: 0.00
INFO    |movements.movement                          |          Acceptable value reached
INFO    |movements.movement                          |          Optimization complete
INFO    |convergence                                 |          Starting simulation
INFO    |unsteady_ring_vortex_lattice_method         |            Solver completed in <time>
INFO    |convergence                                 |          Simulation completed in <time>
INFO    |convergence                                 |          Wake type convergence: not checked
INFO    |convergence                                 |          Wake length convergence: not checked
INFO    |convergence                                 |          Panel aspect ratio convergence:
INFO    |convergence                                 |            cFX_W: 100.0%
INFO    |convergence                                 |            cFY_W: 100.0%
INFO    |convergence                                 |            cFZ_W: 100.0%
INFO    |convergence                                 |            cMX_W_Cg: 100.0%
INFO    |convergence                                 |            cMY_W_Cg: 100.0%
INFO    |convergence                                 |            cMZ_W_Cg: 100.0%
INFO    |convergence                                 |          Number of chordwise Panels convergence:
INFO    |convergence                                 |            cFX_W: 100.0%
INFO    |convergence                                 |            cFY_W: 100.0%
INFO    |convergence                                 |            cFZ_W: 100.0%
INFO    |convergence                                 |            cMX_W_Cg: 100.0%
INFO    |convergence                                 |            cMY_W_Cg: 100.0%
INFO    |convergence                                 |            cMZ_W_Cg: 100.0%
INFO    |convergence                                 |      Panel aspect ratio: 2
INFO    |convergence                                 |        Chordwise Panels: 3
INFO    |convergence                                 |          Iteration number: 9/160
INFO    |movements.movement                          |          Starting analytical delta_time optimization
INFO    |movements.movement                          |          All motion is static
INFO    |movements.movement                          |          Returning the initial delta_time estimate
INFO    |movements.movement                          |          Starting delta_time optimization
INFO    |movements.movement                          |            State: delta_time = 0.0334 s
INFO    |movements.movement                          |              Mismatch: 0.00
INFO    |movements.movement                          |          Acceptable value reached
INFO    |movements.movement                          |          Optimization complete
INFO    |convergence                                 |          Starting simulation
INFO    |unsteady_ring_vortex_lattice_method         |            Solver completed in <time>
INFO    |convergence                                 |          Simulation completed in <time>
INFO    |convergence                                 |          Wake type convergence: not checked
INFO    |convergence                                 |          Wake length convergence: not checked
INFO    |convergence                                 |          Panel aspect ratio convergence:
INFO    |convergence                                 |            cFX_W: 100.0%
INFO    |convergence                                 |            cFY_W: 100.0%
INFO    |convergence                                 |            cFZ_W: 46.04%
INFO    |convergence                                 |            cMX_W_Cg: 100.0%
INFO    |convergence                                 |            cMY_W_Cg: 66.83%
INFO    |convergence                                 |            cMZ_W_Cg: 100.0%
INFO    |convergence                                 |          Number of chordwise Panels convergence: not checked
INFO    |convergence                                 |        Chordwise Panels: 4
INFO    |convergence                                 |          Iteration number: 10/160
INFO    |movements.movement                          |          Starting analytical delta_time optimization
INFO    |movements.movement                          |          All motion is static
INFO    |movements.movement                          |          Returning the initial delta_time estimate
INFO    |movements.movement                          |          Starting delta_time optimization
INFO    |movements.movement                          |            State: delta_time = 0.0250 s
INFO    |movements.movement                          |              Mismatch: 0.00
INFO    |movements.movement                          |          Acceptable value reached
INFO    |movements.movement                          |          Optimization complete
INFO    |convergence                                 |          Starting simulation
INFO    |unsteady_ring_vortex_lattice_method         |            Solver completed in <time>
INFO    |convergence                                 |          Simulation completed in <time>
INFO    |convergence                                 |          Wake type convergence: not checked
INFO    |convergence                                 |          Wake length convergence: not checked
INFO    |convergence                                 |          Panel aspect ratio convergence:
INFO    |convergence                                 |            cFX_W: 100.0%
INFO    |convergence                                 |            cFY_W: 100.0%
INFO    |convergence                                 |            cFZ_W: 66.56%
INFO    |convergence                                 |            cMX_W_Cg: 100.0%
INFO    |convergence                                 |            cMY_W_Cg: 94.70%
INFO    |convergence                                 |            cMZ_W_Cg: 100.0%
INFO    |convergence                                 |          Number of chordwise Panels convergence:
INFO    |convergence                                 |            cFX_W: 100.0%
INFO    |convergence                                 |            cFY_W: 100.0%
INFO    |convergence                                 |            cFZ_W: 68.54%
INFO    |convergence                                 |            cMX_W_Cg: 100.0%
INFO    |convergence                                 |            cMY_W_Cg: 74.01%
INFO    |convergence                                 |            cMZ_W_Cg: 100.0%
INFO    |convergence                                 |        Chordwise Panels: 5
INFO    |convergence                                 |          Iteration number: 11/160
INFO    |movements.movement                          |          Starting analytical delta_time optimization
INFO    |movements.movement                          |          All motion is static
INFO    |movements.movement                          |          Returning the initial delta_time estimate
INFO    |movements.movement                          |          Starting delta_time optimization
INFO    |movements.movement                          |            State: delta_time = 0.0200 s
INFO    |movements.movement                          |              Mismatch: 0.00
INFO    |movements.movement                          |          Acceptable value reached
INFO    |movements.movement                          |          Optimization complete
INFO    |convergence                                 |          Starting simulation
INFO    |unsteady_ring_vortex_lattice_method         |            Solver completed in <time>
INFO    |convergence                                 |          Simulation completed in <time>
INFO    |convergence                                 |          Wake type convergence: not checked
INFO    |convergence                                 |          Wake length convergence: not checked
INFO    |convergence                                 |          Panel aspect ratio convergence:
INFO    |convergence                                 |            cFX_W: 100.0%
INFO    |convergence                                 |            cFY_W: 100.0%
INFO    |convergence                                 |            cFZ_W: 68.44%
INFO    |convergence                                 |            cMX_W_Cg: 100.0%
INFO    |convergence                                 |            cMY_W_Cg: 96.45%
INFO    |convergence                                 |            cMZ_W_Cg: 100.0%
INFO    |convergence                                 |          Number of chordwise Panels convergence:
INFO    |convergence                                 |            cFX_W: 100.0%
INFO    |convergence                                 |            cFY_W: 100.0%
INFO    |convergence                                 |            cFZ_W: 100.0%
INFO    |convergence                                 |            cMX_W_Cg: 100.0%
INFO    |convergence                                 |            cMY_W_Cg: 100.0%
INFO    |convergence                                 |            cMZ_W_Cg: 100.0%
INFO    |convergence                                 |        Chordwise Panels: 6
INFO    |convergence                                 |          Iteration number: 12/160
INFO    |movements.movement                          |          Starting analytical delta_time optimization
INFO    |movements.movement                          |          All motion is static
INFO    |movements.movement                          |          Returning the initial delta_time estimate
INFO    |movements.movement                          |          Starting delta_time optimization
INFO    |movements.movement                          |            State: delta_time = 0.0167 s
INFO    |movements.movement                          |              Mismatch: 0.00
INFO    |movements.movement                          |          Acceptable value reached
INFO    |movements.movement                          |          Optimization complete
INFO    |convergence                                 |          Starting simulation
INFO    |unsteady_ring_vortex_lattice_method         |            Solver completed in <time>
INFO    |convergence                                 |          Simulation completed in <time>
INFO    |convergence                                 |          Wake type convergence: not checked
INFO    |convergence                                 |          Wake length convergence: not checked
INFO    |convergence                                 |          Panel aspect ratio convergence:
INFO    |convergence                                 |            cFX_W: 100.0%
INFO    |convergence                                 |            cFY_W: 100.0%
INFO    |convergence                                 |            cFZ_W: 88.78%
INFO    |convergence                                 |            cMX_W_Cg: 100.0%
INFO    |convergence                                 |            cMY_W_Cg: 100.0%
INFO    |convergence                                 |            cMZ_W_Cg: 100.0%
INFO    |convergence                                 |          Number of chordwise Panels convergence:
INFO    |convergence                                 |            cFX_W: 100.0%
INFO    |convergence                                 |            cFY_W: 100.0%
INFO    |convergence                                 |            cFZ_W: 100.0%
INFO    |convergence                                 |            cMX_W_Cg: 100.0%
INFO    |convergence                                 |            cMY_W_Cg: 100.0%
INFO    |convergence                                 |            cMZ_W_Cg: 100.0%
INFO    |convergence                                 |      Panel aspect ratio: 1
INFO    |convergence                                 |        Chordwise Panels: 3
INFO    |convergence                                 |          Iteration number: 13/160
INFO    |movements.movement                          |          Starting analytical delta_time optimization
INFO    |movements.movement                          |          All motion is static
INFO    |movements.movement                          |          Returning the initial delta_time estimate
INFO    |movements.movement                          |          Starting delta_time optimization
INFO    |movements.movement                          |            State: delta_time = 0.0334 s
INFO    |movements.movement                          |              Mismatch: 0.00
INFO    |movements.movement                          |          Acceptable value reached
INFO    |movements.movement                          |          Optimization complete
INFO    |convergence                                 |          Starting simulation
INFO    |unsteady_ring_vortex_lattice_method         |            Solver completed in <time>
INFO    |convergence                                 |          Simulation completed in <time>
INFO    |convergence                                 |          Wake type convergence: not checked
INFO    |convergence                                 |          Wake length convergence: not checked
INFO    |convergence                                 |          Panel aspect ratio convergence:
INFO    |convergence                                 |            cFX_W: 100.0%
INFO    |convergence                                 |            cFY_W: 100.0%
INFO    |convergence                                 |            cFZ_W: 56.93%
INFO    |convergence                                 |            cMX_W_Cg: 100.0%
INFO    |convergence                                 |            cMY_W_Cg: 81.51%
INFO    |convergence                                 |            cMZ_W_Cg: 100.0%
INFO    |convergence                                 |          Number of chordwise Panels convergence: not checked
INFO    |convergence                                 |        Chordwise Panels: 4
INFO    |convergence                                 |          Iteration number: 14/160
INFO    |movements.movement                          |          Starting analytical delta_time optimization
INFO    |movements.movement                          |          All motion is static
INFO    |movements.movement                          |          Returning the initial delta_time estimate
INFO    |movements.movement                          |          Starting delta_time optimization
INFO    |movements.movement                          |            State: delta_time = 0.0250 s
INFO    |movements.movement                          |              Mismatch: 0.00
INFO    |movements.movement                          |          Acceptable value reached
INFO    |movements.movement                          |          Optimization complete
INFO    |convergence                                 |          Starting simulation
INFO    |unsteady_ring_vortex_lattice_method         |            Solver completed in <time>
INFO    |convergence                                 |          Simulation completed in <time>
INFO    |convergence                                 |          Wake type convergence: not checked
INFO    |convergence                                 |          Wake length convergence: not checked
INFO    |convergence                                 |          Panel aspect ratio convergence:
INFO    |convergence                                 |            cFX_W: 100.0%
INFO    |convergence                                 |            cFY_W: 100.0%
INFO    |convergence                                 |            cFZ_W: 57.77%
INFO    |convergence                                 |            cMX_W_Cg: 100.0%
INFO    |convergence                                 |            cMY_W_Cg: 81.64%
INFO    |convergence                                 |            cMZ_W_Cg: 100.0%
INFO    |convergence                                 |          Number of chordwise Panels convergence:
INFO    |convergence                                 |            cFX_W: 100.0%
INFO    |convergence                                 |            cFY_W: 100.0%
INFO    |convergence                                 |            cFZ_W: 67.36%
INFO    |convergence                                 |            cMX_W_Cg: 100.0%
INFO    |convergence                                 |            cMY_W_Cg: 73.91%
INFO    |convergence                                 |            cMZ_W_Cg: 100.0%
INFO    |convergence                                 |        Chordwise Panels: 5
INFO    |convergence                                 |          Iteration number: 15/160
INFO    |movements.movement                          |          Starting analytical delta_time optimization
INFO    |movements.movement                          |          All motion is static
INFO    |movements.movement                          |          Returning the initial delta_time estimate
INFO    |movements.movement                          |          Starting delta_time optimization
INFO    |movements.movement                          |            State: delta_time = 0.0200 s
INFO    |movements.movement                          |              Mismatch: 0.00
INFO    |movements.movement                          |          Acceptable value reached
INFO    |movements.movement                          |          Optimization complete
INFO    |convergence                                 |          Starting simulation
INFO    |unsteady_ring_vortex_lattice_method         |            Solver completed in <time>
INFO    |convergence                                 |          Simulation completed in <time>
INFO    |convergence                                 |          Wake type convergence: not checked
INFO    |convergence                                 |          Wake length convergence: not checked
INFO    |convergence                                 |          Panel aspect ratio convergence:
INFO    |convergence                                 |            cFX_W: 100.0%
INFO    |convergence                                 |            cFY_W: 100.0%
INFO    |convergence                                 |            cFZ_W: 78.56%
INFO    |convergence                                 |            cMX_W_Cg: 100.0%
INFO    |convergence                                 |            cMY_W_Cg: 100.0%
INFO    |convergence                                 |            cMZ_W_Cg: 100.0%
INFO    |convergence                                 |          Number of chordwise Panels convergence:
INFO    |convergence                                 |            cFX_W: 100.0%
INFO    |convergence                                 |            cFY_W: 100.0%
INFO    |convergence                                 |            cFZ_W: 100.0%
INFO    |convergence                                 |            cMX_W_Cg: 100.0%
INFO    |convergence                                 |            cMY_W_Cg: 100.0%
INFO    |convergence                                 |            cMZ_W_Cg: 100.0%
INFO    |convergence                                 |        Chordwise Panels: 6
INFO    |convergence                                 |          Iteration number: 16/160
INFO    |movements.movement                          |          Starting analytical delta_time optimization
INFO    |movements.movement                          |          All motion is static
INFO    |movements.movement                          |          Returning the initial delta_time estimate
INFO    |movements.movement                          |          Starting delta_time optimization
INFO    |movements.movement                          |            State: delta_time = 0.0167 s
INFO    |movements.movement                          |              Mismatch: 0.00
INFO    |movements.movement                          |          Acceptable value reached
INFO    |movements.movement                          |          Optimization complete
INFO    |convergence                                 |          Starting simulation
INFO    |unsteady_ring_vortex_lattice_method         |            Solver completed in <time>
INFO    |convergence                                 |          Simulation completed in <time>
INFO    |convergence                                 |          Wake type convergence: not checked
INFO    |convergence                                 |          Wake length convergence: not checked
INFO    |convergence                                 |          Panel aspect ratio convergence:
INFO    |convergence                                 |            cFX_W: 100.0%
INFO    |convergence                                 |            cFY_W: 100.0%
INFO    |convergence                                 |            cFZ_W: 80.96%
INFO    |convergence                                 |            cMX_W_Cg: 100.0%
INFO    |convergence                                 |            cMY_W_Cg: 100.0%
INFO    |convergence                                 |            cMZ_W_Cg: 100.0%
INFO    |convergence                                 |          Number of chordwise Panels convergence:
INFO    |convergence                                 |            cFX_W: 100.0%
INFO    |convergence                                 |            cFY_W: 100.0%
INFO    |convergence                                 |            cFZ_W: 100.0%
INFO    |convergence                                 |            cMX_W_Cg: 100.0%
INFO    |convergence                                 |            cMY_W_Cg: 100.0%
INFO    |convergence                                 |            cMZ_W_Cg: 100.0%
INFO    |convergence                                 |    Chord lengths: 5
INFO    |convergence                                 |      Panel aspect ratio: 4
INFO    |convergence                                 |        Chordwise Panels: 3
INFO    |convergence                                 |          Iteration number: 17/160
INFO    |_convergence_meshing                        |          Cached delta_time: 0.0334 s
INFO    |convergence                                 |          Starting simulation
INFO    |unsteady_ring_vortex_lattice_method         |            Solver completed in <time>
INFO    |convergence                                 |          Simulation completed in <time>
INFO    |convergence                                 |          Wake type convergence: not checked
INFO    |convergence                                 |          Wake length convergence:
INFO    |convergence                                 |            cFX_W: 100.0%
INFO    |convergence                                 |            cFY_W: 100.0%
INFO    |convergence                                 |            cFZ_W: 69.78%
INFO    |convergence                                 |            cMX_W_Cg: 100.0%
INFO    |convergence                                 |            cMY_W_Cg: 94.16%
INFO    |convergence                                 |            cMZ_W_Cg: 100.0%
INFO    |convergence                                 |          Panel aspect ratio convergence: not checked
INFO    |convergence                                 |          Number of chordwise Panels convergence: not checked
INFO    |convergence                                 |        Chordwise Panels: 4
INFO    |convergence                                 |          Iteration number: 18/160
INFO    |_convergence_meshing                        |          Cached delta_time: 0.0250 s
INFO    |convergence                                 |          Starting simulation
INFO    |unsteady_ring_vortex_lattice_method         |            Solver completed in <time>
INFO    |convergence                                 |          Simulation completed in <time>
INFO    |convergence                                 |          Wake type convergence: not checked
INFO    |convergence                                 |          Wake length convergence:
INFO    |convergence                                 |            cFX_W: 100.0%
INFO    |convergence                                 |            cFY_W: 100.0%
INFO    |convergence                                 |            cFZ_W: 76.61%
INFO    |convergence                                 |            cMX_W_Cg: 100.0%
INFO    |convergence                                 |            cMY_W_Cg: 100.0%
INFO    |convergence                                 |            cMZ_W_Cg: 100.0%
INFO    |convergence                                 |          Panel aspect ratio convergence: not checked
INFO    |convergence                                 |          Number of chordwise Panels convergence:
INFO    |convergence                                 |            cFX_W: 100.0%
INFO    |convergence                                 |            cFY_W: 100.0%
INFO    |convergence                                 |            cFZ_W: 100.0%
INFO    |convergence                                 |            cMX_W_Cg: 100.0%
INFO    |convergence                                 |            cMY_W_Cg: 100.0%
INFO    |convergence                                 |            cMZ_W_Cg: 100.0%
INFO    |convergence                                 |        Chordwise Panels: 5
INFO    |convergence                                 |          Iteration number: 19/160
INFO    |_convergence_meshing                        |          Cached delta_time: 0.0200 s
INFO    |convergence                                 |          Starting simulation
INFO    |unsteady_ring_vortex_lattice_method         |            Solver completed in <time>
INFO    |convergence                                 |          Simulation completed in <time>
INFO    |convergence                                 |          Wake type convergence: not checked
INFO    |convergence                                 |          Wake length convergence:
INFO    |convergence                                 |            cFX_W: 100.0%
INFO    |convergence                                 |            cFY_W: 100.0%
INFO    |convergence                                 |            cFZ_W: 81.33%
INFO    |convergence                                 |            cMX_W_Cg: 100.0%
INFO    |convergence                                 |            cMY_W_Cg: 100.0%
INFO    |convergence                                 |            cMZ_W_Cg: 100.0%
INFO    |convergence                                 |          Panel aspect ratio convergence: not checked
INFO    |convergence                                 |          Number of chordwise Panels convergence:
INFO    |convergence                                 |            cFX_W: 100.0%
INFO    |convergence                                 |            cFY_W: 100.0%
INFO    |convergence                                 |            cFZ_W: 100.0%
INFO    |convergence                                 |            cMX_W_Cg: 100.0%
INFO    |convergence                                 |            cMY_W_Cg: 100.0%
INFO    |convergence                                 |            cMZ_W_Cg: 100.0%
INFO    |convergence                                 |        Chordwise Panels: 6
INFO    |convergence                                 |          Iteration number: 20/160
INFO    |_convergence_meshing                        |          Cached delta_time: 0.0167 s
INFO    |convergence                                 |          Starting simulation
INFO    |unsteady_ring_vortex_lattice_method         |            Solver completed in <time>
INFO    |convergence                                 |          Simulation completed in <time>
INFO    |convergence                                 |          Wake type convergence: not checked
INFO    |convergence                                 |          Wake length convergence:
INFO    |convergence                                 |            cFX_W: 100.0%
INFO    |convergence                                 |            cFY_W: 100.0%
INFO    |convergence                                 |            cFZ_W: 85.00%
INFO    |convergence                                 |            cMX_W_Cg: 100.0%
INFO    |convergence                                 |            cMY_W_Cg: 100.0%
INFO    |convergence                                 |            cMZ_W_Cg: 100.0%
INFO    |convergence                                 |          Panel aspect ratio convergence: not checked
INFO    |convergence                                 |          Number of chordwise Panels convergence:
INFO    |convergence                                 |            cFX_W: 100.0%
INFO    |convergence                                 |            cFY_W: 100.0%
INFO    |convergence                                 |            cFZ_W: 100.0%
INFO    |convergence                                 |            cMX_W_Cg: 100.0%
INFO    |convergence                                 |            cMY_W_Cg: 100.0%
INFO    |convergence                                 |            cMZ_W_Cg: 100.0%
INFO    |convergence                                 |      Panel aspect ratio: 3
INFO    |convergence                                 |        Chordwise Panels: 3
INFO    |convergence                                 |          Iteration number: 21/160
INFO    |_convergence_meshing                        |          Cached delta_time: 0.0334 s
INFO    |convergence                                 |          Starting simulation
INFO    |unsteady_ring_vortex_lattice_method         |            Solver completed in <time>
INFO    |convergence                                 |          Simulation completed in <time>
INFO    |convergence                                 |          Wake type convergence: not checked
INFO    |convergence                                 |          Wake length convergence:
INFO    |convergence                                 |            cFX_W: 100.0%
INFO    |convergence                                 |            cFY_W: 100.0%
INFO    |convergence                                 |            cFZ_W: 72.54%
INFO    |convergence                                 |            cMX_W_Cg: 100.0%
INFO    |convergence                                 |            cMY_W_Cg: 98.64%
INFO    |convergence                                 |            cMZ_W_Cg: 100.0%
INFO    |convergence                                 |          Panel aspect ratio convergence:
INFO    |convergence                                 |            cFX_W: 100.0%
INFO    |convergence                                 |            cFY_W: 100.0%
INFO    |convergence                                 |            cFZ_W: 45.85%
INFO    |convergence                                 |            cMX_W_Cg: 100.0%
INFO    |convergence                                 |            cMY_W_Cg: 67.41%
INFO    |convergence                                 |            cMZ_W_Cg: 100.0%
INFO    |convergence                                 |          Number of chordwise Panels convergence: not checked
INFO    |convergence                                 |        Chordwise Panels: 4
INFO    |convergence                                 |          Iteration number: 22/160
INFO    |_convergence_meshing                        |          Cached delta_time: 0.0250 s
INFO    |convergence                                 |          Starting simulation
INFO    |unsteady_ring_vortex_lattice_method         |            Solver completed in <time>
INFO    |convergence                                 |          Simulation completed in <time>
INFO    |convergence                                 |          Wake type convergence: not checked
INFO    |convergence                                 |          Wake length convergence:
INFO    |convergence                                 |            cFX_W: 100.0%
INFO    |convergence                                 |            cFY_W: 100.0%
INFO    |convergence                                 |            cFZ_W: 78.18%
INFO    |convergence                                 |            cMX_W_Cg: 100.0%
INFO    |convergence                                 |            cMY_W_Cg: 100.0%
INFO    |convergence                                 |            cMZ_W_Cg: 100.0%
INFO    |convergence                                 |          Panel aspect ratio convergence:
INFO    |convergence                                 |            cFX_W: 100.0%
INFO    |convergence                                 |            cFY_W: 100.0%
INFO    |convergence                                 |            cFZ_W: 74.97%
INFO    |convergence                                 |            cMX_W_Cg: 100.0%
INFO    |convergence                                 |            cMY_W_Cg: 100.0%
INFO    |convergence                                 |            cMZ_W_Cg: 100.0%
INFO    |convergence                                 |          Number of chordwise Panels convergence:
INFO    |convergence                                 |            cFX_W: 100.0%
INFO    |convergence                                 |            cFY_W: 100.0%
INFO    |convergence                                 |            cFZ_W: 100.0%
INFO    |convergence                                 |            cMX_W_Cg: 100.0%
INFO    |convergence                                 |            cMY_W_Cg: 100.0%
INFO    |convergence                                 |            cMZ_W_Cg: 100.0%
INFO    |convergence                                 |        Chordwise Panels: 5
INFO    |convergence                                 |          Iteration number: 23/160
INFO    |_convergence_meshing                        |          Cached delta_time: 0.0200 s
INFO    |convergence                                 |          Starting simulation
INFO    |unsteady_ring_vortex_lattice_method         |            Solver completed in <time>
INFO    |convergence                                 |          Simulation completed in <time>
INFO    |convergence                                 |          Wake type convergence: not checked
INFO    |convergence                                 |          Wake length convergence:
INFO    |convergence                                 |            cFX_W: 100.0%
INFO    |convergence                                 |            cFY_W: 100.0%
INFO    |convergence                                 |            cFZ_W: 82.35%
INFO    |convergence                                 |            cMX_W_Cg: 100.0%
INFO    |convergence                                 |            cMY_W_Cg: 100.0%
INFO    |convergence                                 |            cMZ_W_Cg: 100.0%
INFO    |convergence                                 |          Panel aspect ratio convergence:
INFO    |convergence                                 |            cFX_W: 100.0%
INFO    |convergence                                 |            cFY_W: 100.0%
INFO    |convergence                                 |            cFZ_W: 100.0%
INFO    |convergence                                 |            cMX_W_Cg: 100.0%
INFO    |convergence                                 |            cMY_W_Cg: 100.0%
INFO    |convergence                                 |            cMZ_W_Cg: 100.0%
INFO    |convergence                                 |          Number of chordwise Panels convergence:
INFO    |convergence                                 |            cFX_W: 100.0%
INFO    |convergence                                 |            cFY_W: 100.0%
INFO    |convergence                                 |            cFZ_W: 100.0%
INFO    |convergence                                 |            cMX_W_Cg: 100.0%
INFO    |convergence                                 |            cMY_W_Cg: 100.0%
INFO    |convergence                                 |            cMZ_W_Cg: 100.0%
INFO    |convergence                                 |        Chordwise Panels: 6
INFO    |convergence                                 |          Iteration number: 24/160
INFO    |_convergence_meshing                        |          Cached delta_time: 0.0167 s
INFO    |convergence                                 |          Starting simulation
INFO    |unsteady_ring_vortex_lattice_method         |            Solver completed in <time>
INFO    |convergence                                 |          Simulation completed in <time>
INFO    |convergence                                 |          Wake type convergence: not checked
INFO    |convergence                                 |          Wake length convergence:
INFO    |convergence                                 |            cFX_W: 100.0%
INFO    |convergence                                 |            cFY_W: 100.0%
INFO    |convergence                                 |            cFZ_W: 85.73%
INFO    |convergence                                 |            cMX_W_Cg: 100.0%
INFO    |convergence                                 |            cMY_W_Cg: 100.0%
INFO    |convergence                                 |            cMZ_W_Cg: 100.0%
INFO    |convergence                                 |          Panel aspect ratio convergence:
INFO    |convergence                                 |            cFX_W: 100.0%
INFO    |convergence                                 |            cFY_W: 100.0%
INFO    |convergence                                 |            cFZ_W: 100.0%
INFO    |convergence                                 |            cMX_W_Cg: 100.0%
INFO    |convergence                                 |            cMY_W_Cg: 100.0%
INFO    |convergence                                 |            cMZ_W_Cg: 100.0%
INFO    |convergence                                 |          Number of chordwise Panels convergence:
INFO    |convergence                                 |            cFX_W: 100.0%
INFO    |convergence                                 |            cFY_W: 100.0%
INFO    |convergence                                 |            cFZ_W: 100.0%
INFO    |convergence                                 |            cMX_W_Cg: 100.0%
INFO    |convergence                                 |            cMY_W_Cg: 100.0%
INFO    |convergence                                 |            cMZ_W_Cg: 100.0%
INFO    |convergence                                 |      Panel aspect ratio: 2
INFO    |convergence                                 |        Chordwise Panels: 3
INFO    |convergence                                 |          Iteration number: 25/160
INFO    |_convergence_meshing                        |          Cached delta_time: 0.0334 s
INFO    |convergence                                 |          Starting simulation
INFO    |unsteady_ring_vortex_lattice_method         |            Solver completed in <time>
INFO    |convergence                                 |          Simulation completed in <time>
INFO    |convergence                                 |          Wake type convergence: not checked
INFO    |convergence                                 |          Wake length convergence:
INFO    |convergence                                 |            cFX_W: 100.0%
INFO    |convergence                                 |            cFY_W: 100.0%
INFO    |convergence                                 |            cFZ_W: 74.95%
INFO    |convergence                                 |            cMX_W_Cg: 100.0%
INFO    |convergence                                 |            cMY_W_Cg: 100.0%
INFO    |convergence                                 |            cMZ_W_Cg: 100.0%
INFO    |convergence                                 |          Panel aspect ratio convergence:
INFO    |convergence                                 |            cFX_W: 100.0%
INFO    |convergence                                 |            cFY_W: 100.0%
INFO    |convergence                                 |            cFZ_W: 45.13%
INFO    |convergence                                 |            cMX_W_Cg: 100.0%
INFO    |convergence                                 |            cMY_W_Cg: 65.12%
INFO    |convergence                                 |            cMZ_W_Cg: 100.0%
INFO    |convergence                                 |          Number of chordwise Panels convergence: not checked
INFO    |convergence                                 |        Chordwise Panels: 4
INFO    |convergence                                 |          Iteration number: 26/160
INFO    |_convergence_meshing                        |          Cached delta_time: 0.0250 s
INFO    |convergence                                 |          Starting simulation
INFO    |unsteady_ring_vortex_lattice_method         |            Solver completed in <time>
INFO    |convergence                                 |          Simulation completed in <time>
INFO    |convergence                                 |          Wake type convergence: not checked
INFO    |convergence                                 |          Wake length convergence:
INFO    |convergence                                 |            cFX_W: 100.0%
INFO    |convergence                                 |            cFY_W: 100.0%
INFO    |convergence                                 |            cFZ_W: 79.84%
INFO    |convergence                                 |            cMX_W_Cg: 100.0%
INFO    |convergence                                 |            cMY_W_Cg: 100.0%
INFO    |convergence                                 |            cMZ_W_Cg: 100.0%
INFO    |convergence                                 |          Panel aspect ratio convergence:
INFO    |convergence                                 |            cFX_W: 100.0%
INFO    |convergence                                 |            cFY_W: 100.0%
INFO    |convergence                                 |            cFZ_W: 65.41%
INFO    |convergence                                 |            cMX_W_Cg: 100.0%
INFO    |convergence                                 |            cMY_W_Cg: 92.77%
INFO    |convergence                                 |            cMZ_W_Cg: 100.0%
INFO    |convergence                                 |          Number of chordwise Panels convergence:
INFO    |convergence                                 |            cFX_W: 100.0%
INFO    |convergence                                 |            cFY_W: 100.0%
INFO    |convergence                                 |            cFZ_W: 72.60%
INFO    |convergence                                 |            cMX_W_Cg: 100.0%
INFO    |convergence                                 |            cMY_W_Cg: 82.56%
INFO    |convergence                                 |            cMZ_W_Cg: 100.0%
INFO    |convergence                                 |        Chordwise Panels: 5
INFO    |convergence                                 |          Iteration number: 27/160
INFO    |_convergence_meshing                        |          Cached delta_time: 0.0200 s
INFO    |convergence                                 |          Starting simulation
INFO    |unsteady_ring_vortex_lattice_method         |            Solver completed in <time>
INFO    |convergence                                 |          Simulation completed in <time>
INFO    |convergence                                 |          Wake type convergence: not checked
INFO    |convergence                                 |          Wake length convergence:
INFO    |convergence                                 |            cFX_W: 100.0%
INFO    |convergence                                 |            cFY_W: 100.0%
INFO    |convergence                                 |            cFZ_W: 83.94%
INFO    |convergence                                 |            cMX_W_Cg: 100.0%
INFO    |convergence                                 |            cMY_W_Cg: 100.0%
INFO    |convergence                                 |            cMZ_W_Cg: 100.0%
INFO    |convergence                                 |          Panel aspect ratio convergence:
INFO    |convergence                                 |            cFX_W: 100.0%
INFO    |convergence                                 |            cFY_W: 100.0%
INFO    |convergence                                 |            cFZ_W: 67.38%
INFO    |convergence                                 |            cMX_W_Cg: 100.0%
INFO    |convergence                                 |            cMY_W_Cg: 94.79%
INFO    |convergence                                 |            cMZ_W_Cg: 100.0%
INFO    |convergence                                 |          Number of chordwise Panels convergence:
INFO    |convergence                                 |            cFX_W: 100.0%
INFO    |convergence                                 |            cFY_W: 100.0%
INFO    |convergence                                 |            cFZ_W: 100.0%
INFO    |convergence                                 |            cMX_W_Cg: 100.0%
INFO    |convergence                                 |            cMY_W_Cg: 100.0%
INFO    |convergence                                 |            cMZ_W_Cg: 100.0%
INFO    |convergence                                 |        Chordwise Panels: 6
INFO    |convergence                                 |          Iteration number: 28/160
INFO    |_convergence_meshing                        |          Cached delta_time: 0.0167 s
INFO    |convergence                                 |          Starting simulation
INFO    |unsteady_ring_vortex_lattice_method         |            Solver completed in <time>
INFO    |convergence                                 |          Simulation completed in <time>
INFO    |convergence                                 |          Wake type convergence: not checked
INFO    |convergence                                 |          Wake length convergence:
INFO    |convergence                                 |            cFX_W: 100.0%
INFO    |convergence                                 |            cFY_W: 100.0%
INFO    |convergence                                 |            cFZ_W: 86.96%
INFO    |convergence                                 |            cMX_W_Cg: 100.0%
INFO    |convergence                                 |            cMY_W_Cg: 100.0%
INFO    |convergence                                 |            cMZ_W_Cg: 100.0%
INFO    |convergence                                 |          Panel aspect ratio convergence:
INFO    |convergence                                 |            cFX_W: 100.0%
INFO    |convergence                                 |            cFY_W: 100.0%
INFO    |convergence                                 |            cFZ_W: 87.49%
INFO    |convergence                                 |            cMX_W_Cg: 100.0%
INFO    |convergence                                 |            cMY_W_Cg: 100.0%
INFO    |convergence                                 |            cMZ_W_Cg: 100.0%
INFO    |convergence                                 |          Number of chordwise Panels convergence:
INFO    |convergence                                 |            cFX_W: 100.0%
INFO    |convergence                                 |            cFY_W: 100.0%
INFO    |convergence                                 |            cFZ_W: 100.0%
INFO    |convergence                                 |            cMX_W_Cg: 100.0%
INFO    |convergence                                 |            cMY_W_Cg: 100.0%
INFO    |convergence                                 |            cMZ_W_Cg: 100.0%
INFO    |convergence                                 |      Panel aspect ratio: 1
INFO    |convergence                                 |        Chordwise Panels: 3
INFO    |convergence                                 |          Iteration number: 29/160
INFO    |_convergence_meshing                        |          Cached delta_time: 0.0334 s
INFO    |convergence                                 |          Starting simulation
INFO    |unsteady_ring_vortex_lattice_method         |            Solver completed in <time>
INFO    |convergence                                 |          Simulation completed in <time>
INFO    |convergence                                 |          Wake type convergence: not checked
INFO    |convergence                                 |          Wake length convergence:
INFO    |convergence                                 |            cFX_W: 100.0%
INFO    |convergence                                 |            cFY_W: 100.0%
INFO    |convergence                                 |            cFZ_W: 76.67%
INFO    |convergence                                 |            cMX_W_Cg: 100.0%
INFO    |convergence                                 |            cMY_W_Cg: 100.0%
INFO    |convergence                                 |            cMZ_W_Cg: 100.0%
INFO    |convergence                                 |          Panel aspect ratio convergence:
INFO    |convergence                                 |            cFX_W: 100.0%
INFO    |convergence                                 |            cFY_W: 100.0%
INFO    |convergence                                 |            cFZ_W: 55.98%
INFO    |convergence                                 |            cMX_W_Cg: 100.0%
INFO    |convergence                                 |            cMY_W_Cg: 79.81%
INFO    |convergence                                 |            cMZ_W_Cg: 100.0%
INFO    |convergence                                 |          Number of chordwise Panels convergence: not checked
INFO    |convergence                                 |        Chordwise Panels: 4
INFO    |convergence                                 |          Iteration number: 30/160
INFO    |_convergence_meshing                        |          Cached delta_time: 0.0250 s
INFO    |convergence                                 |          Starting simulation
INFO    |unsteady_ring_vortex_lattice_method         |            Solver completed in <time>
INFO    |convergence                                 |          Simulation completed in <time>
INFO    |convergence                                 |          Wake type convergence: not checked
INFO    |convergence                                 |          Wake length convergence:
INFO    |convergence                                 |            cFX_W: 100.0%
INFO    |convergence                                 |            cFY_W: 100.0%
INFO    |convergence                                 |            cFZ_W: 81.57%
INFO    |convergence                                 |            cMX_W_Cg: 100.0%
INFO    |convergence                                 |            cMY_W_Cg: 100.0%
INFO    |convergence                                 |            cMZ_W_Cg: 100.0%
INFO    |convergence                                 |          Panel aspect ratio convergence:
INFO    |convergence                                 |            cFX_W: 100.0%
INFO    |convergence                                 |            cFY_W: 100.0%
INFO    |convergence                                 |            cFZ_W: 56.90%
INFO    |convergence                                 |            cMX_W_Cg: 100.0%
INFO    |convergence                                 |            cMY_W_Cg: 80.22%
INFO    |convergence                                 |            cMZ_W_Cg: 100.0%
INFO    |convergence                                 |          Number of chordwise Panels convergence:
INFO    |convergence                                 |            cFX_W: 100.0%
INFO    |convergence                                 |            cFY_W: 100.0%
INFO    |convergence                                 |            cFZ_W: 71.11%
INFO    |convergence                                 |            cMX_W_Cg: 100.0%
INFO    |convergence                                 |            cMY_W_Cg: 82.11%
INFO    |convergence                                 |            cMZ_W_Cg: 100.0%
INFO    |convergence                                 |        Chordwise Panels: 5
INFO    |convergence                                 |          Iteration number: 31/160
INFO    |_convergence_meshing                        |          Cached delta_time: 0.0200 s
INFO    |convergence                                 |          Starting simulation
INFO    |unsteady_ring_vortex_lattice_method         |            Solver completed in <time>
INFO    |convergence                                 |          Simulation completed in <time>
INFO    |convergence                                 |          Wake type convergence: not checked
INFO    |convergence                                 |          Wake length convergence:
INFO    |convergence                                 |            cFX_W: 100.0%
INFO    |convergence                                 |            cFY_W: 100.0%
INFO    |convergence                                 |            cFZ_W: 85.23%
INFO    |convergence                                 |            cMX_W_Cg: 100.0%
INFO    |convergence                                 |            cMY_W_Cg: 100.0%
INFO    |convergence                                 |            cMZ_W_Cg: 100.0%
INFO    |convergence                                 |          Panel aspect ratio convergence:
INFO    |convergence                                 |            cFX_W: 100.0%
INFO    |convergence                                 |            cFY_W: 100.0%
INFO    |convergence                                 |            cFZ_W: 77.47%
INFO    |convergence                                 |            cMX_W_Cg: 100.0%
INFO    |convergence                                 |            cMY_W_Cg: 100.0%
INFO    |convergence                                 |            cMZ_W_Cg: 100.0%
INFO    |convergence                                 |          Number of chordwise Panels convergence:
INFO    |convergence                                 |            cFX_W: 100.0%
INFO    |convergence                                 |            cFY_W: 100.0%
INFO    |convergence                                 |            cFZ_W: 100.0%
INFO    |convergence                                 |            cMX_W_Cg: 100.0%
INFO    |convergence                                 |            cMY_W_Cg: 100.0%
INFO    |convergence                                 |            cMZ_W_Cg: 100.0%
INFO    |convergence                                 |        Chordwise Panels: 6
INFO    |convergence                                 |          Iteration number: 32/160
INFO    |_convergence_meshing                        |          Cached delta_time: 0.0167 s
INFO    |convergence                                 |          Starting simulation
INFO    |unsteady_ring_vortex_lattice_method         |            Solver completed in <time>
INFO    |convergence                                 |          Simulation completed in <time>
INFO    |convergence                                 |          Wake type convergence: not checked
INFO    |convergence                                 |          Wake length convergence:
INFO    |convergence                                 |            cFX_W: 100.0%
INFO    |convergence                                 |            cFY_W: 100.0%
INFO    |convergence                                 |            cFZ_W: 88.23%
INFO    |convergence                                 |            cMX_W_Cg: 100.0%
INFO    |convergence                                 |            cMY_W_Cg: 100.0%
INFO    |convergence                                 |            cMZ_W_Cg: 100.0%
INFO    |convergence                                 |          Panel aspect ratio convergence:
INFO    |convergence                                 |            cFX_W: 100.0%
INFO    |convergence                                 |            cFY_W: 100.0%
INFO    |convergence                                 |            cFZ_W: 79.89%
INFO    |convergence                                 |            cMX_W_Cg: 100.0%
INFO    |convergence                                 |            cMY_W_Cg: 100.0%
INFO    |convergence                                 |            cMZ_W_Cg: 100.0%
INFO    |convergence                                 |          Number of chordwise Panels convergence:
INFO    |convergence                                 |            cFX_W: 100.0%
INFO    |convergence                                 |            cFY_W: 100.0%
INFO    |convergence                                 |            cFZ_W: 100.0%
INFO    |convergence                                 |            cMX_W_Cg: 100.0%
INFO    |convergence                                 |            cMY_W_Cg: 100.0%
INFO    |convergence                                 |            cMZ_W_Cg: 100.0%
INFO    |convergence                                 |    Chord lengths: 6
INFO    |convergence                                 |      Panel aspect ratio: 4
INFO    |convergence                                 |        Chordwise Panels: 3
INFO    |convergence                                 |          Iteration number: 33/160
INFO    |_convergence_meshing                        |          Cached delta_time: 0.0334 s
INFO    |convergence                                 |          Starting simulation
INFO    |unsteady_ring_vortex_lattice_method         |            Solver completed in <time>
INFO    |convergence                                 |          Simulation completed in <time>
INFO    |convergence                                 |          Wake type convergence: not checked
INFO    |convergence                                 |          Wake length convergence:
INFO    |convergence                                 |            cFX_W: 100.0%
INFO    |convergence                                 |            cFY_W: 100.0%
INFO    |convergence                                 |            cFZ_W: 100.0%
INFO    |convergence                                 |            cMX_W_Cg: 100.0%
INFO    |convergence                                 |            cMY_W_Cg: 100.0%
INFO    |convergence                                 |            cMZ_W_Cg: 100.0%
INFO    |convergence                                 |          Panel aspect ratio convergence: not checked
INFO    |convergence                                 |          Number of chordwise Panels convergence: not checked
INFO    |convergence                                 |        Chordwise Panels: 4
INFO    |convergence                                 |          Iteration number: 34/160
INFO    |_convergence_meshing                        |          Cached delta_time: 0.0250 s
INFO    |convergence                                 |          Starting simulation
INFO    |unsteady_ring_vortex_lattice_method         |            Solver completed in <time>
INFO    |convergence                                 |          Simulation completed in <time>
INFO    |convergence                                 |          Wake type convergence: not checked
INFO    |convergence                                 |          Wake length convergence:
INFO    |convergence                                 |            cFX_W: 100.0%
INFO    |convergence                                 |            cFY_W: 100.0%
INFO    |convergence                                 |            cFZ_W: 100.0%
INFO    |convergence                                 |            cMX_W_Cg: 100.0%
INFO    |convergence                                 |            cMY_W_Cg: 100.0%
INFO    |convergence                                 |            cMZ_W_Cg: 100.0%
INFO    |convergence                                 |          Panel aspect ratio convergence: not checked
INFO    |convergence                                 |          Number of chordwise Panels convergence:
INFO    |convergence                                 |            cFX_W: 100.0%
INFO    |convergence                                 |            cFY_W: 100.0%
INFO    |convergence                                 |            cFZ_W: 100.0%
INFO    |convergence                                 |            cMX_W_Cg: 100.0%
INFO    |convergence                                 |            cMY_W_Cg: 100.0%
INFO    |convergence                                 |            cMZ_W_Cg: 100.0%
INFO    |convergence                                 |        Chordwise Panels: 5
INFO    |convergence                                 |          Iteration number: 35/160
INFO    |_convergence_meshing                        |          Cached delta_time: 0.0200 s
INFO    |convergence                                 |          Starting simulation
INFO    |unsteady_ring_vortex_lattice_method         |            Solver completed in <time>
INFO    |convergence                                 |          Simulation completed in <time>
INFO    |convergence                                 |          Wake type convergence: not checked
INFO    |convergence                                 |          Wake length convergence:
INFO    |convergence                                 |            cFX_W: 100.0%
INFO    |convergence                                 |            cFY_W: 100.0%
INFO    |convergence                                 |            cFZ_W: 100.0%
INFO    |convergence                                 |            cMX_W_Cg: 100.0%
INFO    |convergence                                 |            cMY_W_Cg: 100.0%
INFO    |convergence                                 |            cMZ_W_Cg: 100.0%
INFO    |convergence                                 |          Panel aspect ratio convergence: not checked
INFO    |convergence                                 |          Number of chordwise Panels convergence:
INFO    |convergence                                 |            cFX_W: 100.0%
INFO    |convergence                                 |            cFY_W: 100.0%
INFO    |convergence                                 |            cFZ_W: 100.0%
INFO    |convergence                                 |            cMX_W_Cg: 100.0%
INFO    |convergence                                 |            cMY_W_Cg: 100.0%
INFO    |convergence                                 |            cMZ_W_Cg: 100.0%
INFO    |convergence                                 |        Chordwise Panels: 6
INFO    |convergence                                 |          Iteration number: 36/160
INFO    |_convergence_meshing                        |          Cached delta_time: 0.0167 s
INFO    |convergence                                 |          Starting simulation
INFO    |unsteady_ring_vortex_lattice_method         |            Solver completed in <time>
INFO    |convergence                                 |          Simulation completed in <time>
INFO    |convergence                                 |          Wake type convergence: not checked
INFO    |convergence                                 |          Wake length convergence:
INFO    |convergence                                 |            cFX_W: 100.0%
INFO    |convergence                                 |            cFY_W: 100.0%
INFO    |convergence                                 |            cFZ_W: 100.0%
INFO    |convergence                                 |            cMX_W_Cg: 100.0%
INFO    |convergence                                 |            cMY_W_Cg: 100.0%
INFO    |convergence                                 |            cMZ_W_Cg: 100.0%
INFO    |convergence                                 |          Panel aspect ratio convergence: not checked
INFO    |convergence                                 |          Number of chordwise Panels convergence:
INFO    |convergence                                 |            cFX_W: 100.0%
INFO    |convergence                                 |            cFY_W: 100.0%
INFO    |convergence                                 |            cFZ_W: 100.0%
INFO    |convergence                                 |            cMX_W_Cg: 100.0%
INFO    |convergence                                 |            cMY_W_Cg: 100.0%
INFO    |convergence                                 |            cMZ_W_Cg: 100.0%
INFO    |convergence                                 |      Panel aspect ratio: 3
INFO    |convergence                                 |        Chordwise Panels: 3
INFO    |convergence                                 |          Iteration number: 37/160
INFO    |_convergence_meshing                        |          Cached delta_time: 0.0334 s
INFO    |convergence                                 |          Starting simulation
INFO    |unsteady_ring_vortex_lattice_method         |            Solver completed in <time>
INFO    |convergence                                 |          Simulation completed in <time>
INFO    |convergence                                 |          Wake type convergence: not checked
INFO    |convergence                                 |          Wake length convergence:
INFO    |convergence                                 |            cFX_W: 100.0%
INFO    |convergence                                 |            cFY_W: 100.0%
INFO    |convergence                                 |            cFZ_W: 100.0%
INFO    |convergence                                 |            cMX_W_Cg: 100.0%
INFO    |convergence                                 |            cMY_W_Cg: 100.0%
INFO    |convergence                                 |            cMZ_W_Cg: 100.0%
INFO    |convergence                                 |          Panel aspect ratio convergence:
INFO    |convergence                                 |            cFX_W: 100.0%
INFO    |convergence                                 |            cFY_W: 100.0%
INFO    |convergence                                 |            cFZ_W: 45.11%
INFO    |convergence                                 |            cMX_W_Cg: 100.0%
INFO    |convergence                                 |            cMY_W_Cg: 66.05%
INFO    |convergence                                 |            cMZ_W_Cg: 100.0%
INFO    |convergence                                 |          Number of chordwise Panels convergence: not checked
INFO    |convergence                                 |        Chordwise Panels: 4
INFO    |convergence                                 |          Iteration number: 38/160
INFO    |_convergence_meshing                        |          Cached delta_time: 0.0250 s
INFO    |convergence                                 |          Starting simulation
INFO    |unsteady_ring_vortex_lattice_method         |            Solver completed in <time>
INFO    |convergence                                 |          Simulation completed in <time>
INFO    |convergence                                 |          Wake type convergence: not checked
INFO    |convergence                                 |          Wake length convergence:
INFO    |convergence                                 |            cFX_W: 100.0%
INFO    |convergence                                 |            cFY_W: 100.0%
INFO    |convergence                                 |            cFZ_W: 100.0%
INFO    |convergence                                 |            cMX_W_Cg: 100.0%
INFO    |convergence                                 |            cMY_W_Cg: 100.0%
INFO    |convergence                                 |            cMZ_W_Cg: 100.0%
INFO    |convergence                                 |          Panel aspect ratio convergence:
INFO    |convergence                                 |            cFX_W: 100.0%
INFO    |convergence                                 |            cFY_W: 100.0%
INFO    |convergence                                 |            cFZ_W: 74.00%
INFO    |convergence                                 |            cMX_W_Cg: 100.0%
INFO    |convergence                                 |            cMY_W_Cg: 100.0%
INFO    |convergence                                 |            cMZ_W_Cg: 100.0%
INFO    |convergence                                 |          Number of chordwise Panels convergence:
INFO    |convergence                                 |            cFX_W: 100.0%
INFO    |convergence                                 |            cFY_W: 100.0%
INFO    |convergence                                 |            cFZ_W: 100.0%
INFO    |convergence                                 |            cMX_W_Cg: 100.0%
INFO    |convergence                                 |            cMY_W_Cg: 100.0%
INFO    |convergence                                 |            cMZ_W_Cg: 100.0%
INFO    |convergence                                 |        Chordwise Panels: 5
INFO    |convergence                                 |          Iteration number: 39/160
INFO    |_convergence_meshing                        |          Cached delta_time: 0.0200 s
INFO    |convergence                                 |          Starting simulation
INFO    |unsteady_ring_vortex_lattice_method         |            Solver completed in <time>
INFO    |convergence                                 |          Simulation completed in <time>
INFO    |convergence                                 |          Wake type convergence: not checked
INFO    |convergence                                 |          Wake length convergence:
INFO    |convergence                                 |            cFX_W: 100.0%
INFO    |convergence                                 |            cFY_W: 100.0%
INFO    |convergence                                 |            cFZ_W: 100.0%
INFO    |convergence                                 |            cMX_W_Cg: 100.0%
INFO    |convergence                                 |            cMY_W_Cg: 100.0%
INFO    |convergence                                 |            cMZ_W_Cg: 100.0%
INFO    |convergence                                 |          Panel aspect ratio convergence:
INFO    |convergence                                 |            cFX_W: 100.0%
INFO    |convergence                                 |            cFY_W: 100.0%
INFO    |convergence                                 |            cFZ_W: 100.0%
INFO    |convergence                                 |            cMX_W_Cg: 100.0%
INFO    |convergence                                 |            cMY_W_Cg: 100.0%
INFO    |convergence                                 |            cMZ_W_Cg: 100.0%
INFO    |convergence                                 |          Number of chordwise Panels convergence:
INFO    |convergence                                 |            cFX_W: 100.0%
INFO    |convergence                                 |            cFY_W: 100.0%
INFO    |convergence                                 |            cFZ_W: 100.0%
INFO    |convergence                                 |            cMX_W_Cg: 100.0%
INFO    |convergence                                 |            cMY_W_Cg: 100.0%
INFO    |convergence                                 |            cMZ_W_Cg: 100.0%
INFO    |convergence                                 |        Chordwise Panels: 6
INFO    |convergence                                 |          Iteration number: 40/160
INFO    |_convergence_meshing                        |          Cached delta_time: 0.0167 s
INFO    |convergence                                 |          Starting simulation
INFO    |unsteady_ring_vortex_lattice_method         |            Solver completed in <time>
INFO    |convergence                                 |          Simulation completed in <time>
INFO    |convergence                                 |          Wake type convergence: not checked
INFO    |convergence                                 |          Wake length convergence:
INFO    |convergence                                 |            cFX_W: 100.0%
INFO    |convergence                                 |            cFY_W: 100.0%
INFO    |convergence                                 |            cFZ_W: 100.0%
INFO    |convergence                                 |            cMX_W_Cg: 100.0%
INFO    |convergence                                 |            cMY_W_Cg: 100.0%
INFO    |convergence                                 |            cMZ_W_Cg: 100.0%
INFO    |convergence                                 |          Panel aspect ratio convergence:
INFO    |convergence                                 |            cFX_W: 100.0%
INFO    |convergence                                 |            cFY_W: 100.0%
INFO    |convergence                                 |            cFZ_W: 100.0%
INFO    |convergence                                 |            cMX_W_Cg: 100.0%
INFO    |convergence                                 |            cMY_W_Cg: 100.0%
INFO    |convergence                                 |            cMZ_W_Cg: 100.0%
INFO    |convergence                                 |          Number of chordwise Panels convergence:
INFO    |convergence                                 |            cFX_W: 100.0%
INFO    |convergence                                 |            cFY_W: 100.0%
INFO    |convergence                                 |            cFZ_W: 100.0%
INFO    |convergence                                 |            cMX_W_Cg: 100.0%
INFO    |convergence                                 |            cMY_W_Cg: 100.0%
INFO    |convergence                                 |            cMZ_W_Cg: 100.0%
INFO    |convergence                                 |      Panel aspect ratio: 2
INFO    |convergence                                 |        Chordwise Panels: 3
INFO    |convergence                                 |          Iteration number: 41/160
INFO    |_convergence_meshing                        |          Cached delta_time: 0.0334 s
INFO    |convergence                                 |          Starting simulation
INFO    |unsteady_ring_vortex_lattice_method         |            Solver completed in <time>
INFO    |convergence                                 |          Simulation completed in <time>
INFO    |convergence                                 |          Wake type convergence: not checked
INFO    |convergence                                 |          Wake length convergence:
INFO    |convergence                                 |            cFX_W: 100.0%
INFO    |convergence                                 |            cFY_W: 100.0%
INFO    |convergence                                 |            cFZ_W: 100.0%
INFO    |convergence                                 |            cMX_W_Cg: 100.0%
INFO    |convergence                                 |            cMY_W_Cg: 100.0%
INFO    |convergence                                 |            cMZ_W_Cg: 100.0%
INFO    |convergence                                 |          Panel aspect ratio convergence:
INFO    |convergence                                 |            cFX_W: 100.0%
INFO    |convergence                                 |            cFY_W: 100.0%
INFO    |convergence                                 |            cFZ_W: 44.54%
INFO    |convergence                                 |            cMX_W_Cg: 100.0%
INFO    |convergence                                 |            cMY_W_Cg: 64.06%
INFO    |convergence                                 |            cMZ_W_Cg: 100.0%
INFO    |convergence                                 |          Number of chordwise Panels convergence: not checked
INFO    |convergence                                 |        Chordwise Panels: 4
INFO    |convergence                                 |          Iteration number: 42/160
INFO    |_convergence_meshing                        |          Cached delta_time: 0.0250 s
INFO    |convergence                                 |          Starting simulation
INFO    |unsteady_ring_vortex_lattice_method         |            Solver completed in <time>
INFO    |convergence                                 |          Simulation completed in <time>
INFO    |convergence                                 |          Wake type convergence: not checked
INFO    |convergence                                 |          Wake length convergence:
INFO    |convergence                                 |            cFX_W: 100.0%
INFO    |convergence                                 |            cFY_W: 100.0%
INFO    |convergence                                 |            cFZ_W: 100.0%
INFO    |convergence                                 |            cMX_W_Cg: 100.0%
INFO    |convergence                                 |            cMY_W_Cg: 100.0%
INFO    |convergence                                 |            cMZ_W_Cg: 100.0%
INFO    |convergence                                 |          Panel aspect ratio convergence:
INFO    |convergence                                 |            cFX_W: 100.0%
INFO    |convergence                                 |            cFY_W: 100.0%
INFO    |convergence                                 |            cFZ_W: 64.65%
INFO    |convergence                                 |            cMX_W_Cg: 100.0%
INFO    |convergence                                 |            cMY_W_Cg: 91.54%
INFO    |convergence                                 |            cMZ_W_Cg: 100.0%
INFO    |convergence                                 |          Number of chordwise Panels convergence:
INFO    |convergence                                 |            cFX_W: 100.0%
INFO    |convergence                                 |            cFY_W: 100.0%
INFO    |convergence                                 |            cFZ_W: 75.19%
INFO    |convergence                                 |            cMX_W_Cg: 100.0%
INFO    |convergence                                 |            cMY_W_Cg: 88.17%
INFO    |convergence                                 |            cMZ_W_Cg: 100.0%
INFO    |convergence                                 |        Chordwise Panels: 5
INFO    |convergence                                 |          Iteration number: 43/160
INFO    |_convergence_meshing                        |          Cached delta_time: 0.0200 s
INFO    |convergence                                 |          Starting simulation
INFO    |unsteady_ring_vortex_lattice_method         |            Solver completed in <time>
INFO    |convergence                                 |          Simulation completed in <time>
INFO    |convergence                                 |          Wake type convergence: not checked
INFO    |convergence                                 |          Wake length convergence:
INFO    |convergence                                 |            cFX_W: 100.0%
INFO    |convergence                                 |            cFY_W: 100.0%
INFO    |convergence                                 |            cFZ_W: 100.0%
INFO    |convergence                                 |            cMX_W_Cg: 100.0%
INFO    |convergence                                 |            cMY_W_Cg: 100.0%
INFO    |convergence                                 |            cMZ_W_Cg: 100.0%
INFO    |convergence                                 |          Panel aspect ratio convergence:
INFO    |convergence                                 |            cFX_W: 100.0%
INFO    |convergence                                 |            cFY_W: 100.0%
INFO    |convergence                                 |            cFZ_W: 66.69%
INFO    |convergence                                 |            cMX_W_Cg: 100.0%
INFO    |convergence                                 |            cMY_W_Cg: 93.72%
INFO    |convergence                                 |            cMZ_W_Cg: 100.0%
INFO    |convergence                                 |          Number of chordwise Panels convergence:
INFO    |convergence                                 |            cFX_W: 100.0%
INFO    |convergence                                 |            cFY_W: 100.0%
INFO    |convergence                                 |            cFZ_W: 100.0%
INFO    |convergence                                 |            cMX_W_Cg: 100.0%
INFO    |convergence                                 |            cMY_W_Cg: 100.0%
INFO    |convergence                                 |            cMZ_W_Cg: 100.0%
INFO    |convergence                                 |        Chordwise Panels: 6
INFO    |convergence                                 |          Iteration number: 44/160
INFO    |_convergence_meshing                        |          Cached delta_time: 0.0167 s
INFO    |convergence                                 |          Starting simulation
INFO    |unsteady_ring_vortex_lattice_method         |            Solver completed in <time>
INFO    |convergence                                 |          Simulation completed in <time>
INFO    |convergence                                 |          Wake type convergence: not checked
INFO    |convergence                                 |          Wake length convergence:
INFO    |convergence                                 |            cFX_W: 100.0%
INFO    |convergence                                 |            cFY_W: 100.0%
INFO    |convergence                                 |            cFZ_W: 100.0%
INFO    |convergence                                 |            cMX_W_Cg: 100.0%
INFO    |convergence                                 |            cMY_W_Cg: 100.0%
INFO    |convergence                                 |            cMZ_W_Cg: 100.0%
INFO    |convergence                                 |          Panel aspect ratio convergence:
INFO    |convergence                                 |            cFX_W: 100.0%
INFO    |convergence                                 |            cFY_W: 100.0%
INFO    |convergence                                 |            cFZ_W: 86.64%
INFO    |convergence                                 |            cMX_W_Cg: 100.0%
INFO    |convergence                                 |            cMY_W_Cg: 100.0%
INFO    |convergence                                 |            cMZ_W_Cg: 100.0%
INFO    |convergence                                 |          Number of chordwise Panels convergence:
INFO    |convergence                                 |            cFX_W: 100.0%
INFO    |convergence                                 |            cFY_W: 100.0%
INFO    |convergence                                 |            cFZ_W: 100.0%
INFO    |convergence                                 |            cMX_W_Cg: 100.0%
INFO    |convergence                                 |            cMY_W_Cg: 100.0%
INFO    |convergence                                 |            cMZ_W_Cg: 100.0%
INFO    |convergence                                 |      Panel aspect ratio: 1
INFO    |convergence                                 |        Chordwise Panels: 3
INFO    |convergence                                 |          Iteration number: 45/160
INFO    |_convergence_meshing                        |          Cached delta_time: 0.0334 s
INFO    |convergence                                 |          Starting simulation
INFO    |unsteady_ring_vortex_lattice_method         |            Solver completed in <time>
INFO    |convergence                                 |          Simulation completed in <time>
INFO    |convergence                                 |          Wake type convergence: not checked
INFO    |convergence                                 |          Wake length convergence:
INFO    |convergence                                 |            cFX_W: 100.0%
INFO    |convergence                                 |            cFY_W: 100.0%
INFO    |convergence                                 |            cFZ_W: 100.0%
INFO    |convergence                                 |            cMX_W_Cg: 100.0%
INFO    |convergence                                 |            cMY_W_Cg: 100.0%
INFO    |convergence                                 |            cMZ_W_Cg: 100.0%
INFO    |convergence                                 |          Panel aspect ratio convergence:
INFO    |convergence                                 |            cFX_W: 100.0%
INFO    |convergence                                 |            cFY_W: 100.0%
INFO    |convergence                                 |            cFZ_W: 55.35%
INFO    |convergence                                 |            cMX_W_Cg: 100.0%
INFO    |convergence                                 |            cMY_W_Cg: 78.72%
INFO    |convergence                                 |            cMZ_W_Cg: 100.0%
INFO    |convergence                                 |          Number of chordwise Panels convergence: not checked
INFO    |convergence                                 |        Chordwise Panels: 4
INFO    |convergence                                 |          Iteration number: 46/160
INFO    |_convergence_meshing                        |          Cached delta_time: 0.0250 s
INFO    |convergence                                 |          Starting simulation
INFO    |unsteady_ring_vortex_lattice_method         |            Solver completed in <time>
INFO    |convergence                                 |          Simulation completed in <time>
INFO    |convergence                                 |          Wake type convergence: not checked
INFO    |convergence                                 |          Wake length convergence:
INFO    |convergence                                 |            cFX_W: 100.0%
INFO    |convergence                                 |            cFY_W: 100.0%
INFO    |convergence                                 |            cFZ_W: 100.0%
INFO    |convergence                                 |            cMX_W_Cg: 100.0%
INFO    |convergence                                 |            cMY_W_Cg: 100.0%
INFO    |convergence                                 |            cMZ_W_Cg: 100.0%
INFO    |convergence                                 |          Panel aspect ratio convergence:
INFO    |convergence                                 |            cFX_W: 100.0%
INFO    |convergence                                 |            cFY_W: 100.0%
INFO    |convergence                                 |            cFZ_W: 56.32%
INFO    |convergence                                 |            cMX_W_Cg: 100.0%
INFO    |convergence                                 |            cMY_W_Cg: 79.31%
INFO    |convergence                                 |            cMZ_W_Cg: 100.0%
INFO    |convergence                                 |          Number of chordwise Panels convergence:
INFO    |convergence                                 |            cFX_W: 100.0%
INFO    |convergence                                 |            cFY_W: 100.0%
INFO    |convergence                                 |            cFZ_W: 73.47%
INFO    |convergence                                 |            cMX_W_Cg: 100.0%
INFO    |convergence                                 |            cMY_W_Cg: 87.45%
INFO    |convergence                                 |            cMZ_W_Cg: 100.0%
INFO    |convergence                                 |        Chordwise Panels: 5
INFO    |convergence                                 |          Iteration number: 47/160
INFO    |_convergence_meshing                        |          Cached delta_time: 0.0200 s
INFO    |convergence                                 |          Starting simulation
INFO    |unsteady_ring_vortex_lattice_method         |            Solver completed in <time>
INFO    |convergence                                 |          Simulation completed in <time>
INFO    |convergence                                 |          Wake type convergence: not checked
INFO    |convergence                                 |          Wake length convergence:
INFO    |convergence                                 |            cFX_W: 100.0%
INFO    |convergence                                 |            cFY_W: 100.0%
INFO    |convergence                                 |            cFZ_W: 100.0%
INFO    |convergence                                 |            cMX_W_Cg: 100.0%
INFO    |convergence                                 |            cMY_W_Cg: 100.0%
INFO    |convergence                                 |            cMZ_W_Cg: 100.0%
INFO    |convergence                                 |          Panel aspect ratio convergence:
INFO    |convergence                                 |            cFX_W: 100.0%
INFO    |convergence                                 |            cFY_W: 100.0%
INFO    |convergence                                 |            cFZ_W: 76.74%
INFO    |convergence                                 |            cMX_W_Cg: 100.0%
INFO    |convergence                                 |            cMY_W_Cg: 100.0%
INFO    |convergence                                 |            cMZ_W_Cg: 100.0%
INFO    |convergence                                 |          Number of chordwise Panels convergence:
INFO    |convergence                                 |            cFX_W: 100.0%
INFO    |convergence                                 |            cFY_W: 100.0%
INFO    |convergence                                 |            cFZ_W: 100.0%
INFO    |convergence                                 |            cMX_W_Cg: 100.0%
INFO    |convergence                                 |            cMY_W_Cg: 100.0%
INFO    |convergence                                 |            cMZ_W_Cg: 100.0%
INFO    |convergence                                 |        Chordwise Panels: 6
INFO    |convergence                                 |          Iteration number: 48/160
INFO    |_convergence_meshing                        |          Cached delta_time: 0.0167 s
INFO    |convergence                                 |          Starting simulation
INFO    |unsteady_ring_vortex_lattice_method         |            Solver completed in <time>
INFO    |convergence                                 |          Simulation completed in <time>
INFO    |convergence                                 |          Wake type convergence: not checked
INFO    |convergence                                 |          Wake length convergence:
INFO    |convergence                                 |            cFX_W: 100.0%
INFO    |convergence                                 |            cFY_W: 100.0%
INFO    |convergence                                 |            cFZ_W: 100.0%
INFO    |convergence                                 |            cMX_W_Cg: 100.0%
INFO    |convergence                                 |            cMY_W_Cg: 100.0%
INFO    |convergence                                 |            cMZ_W_Cg: 100.0%
INFO    |convergence                                 |          Panel aspect ratio convergence:
INFO    |convergence                                 |            cFX_W: 100.0%
INFO    |convergence                                 |            cFY_W: 100.0%
INFO    |convergence                                 |            cFZ_W: 79.17%
INFO    |convergence                                 |            cMX_W_Cg: 100.0%
INFO    |convergence                                 |            cMY_W_Cg: 100.0%
INFO    |convergence                                 |            cMZ_W_Cg: 100.0%
INFO    |convergence                                 |          Number of chordwise Panels convergence:
INFO    |convergence                                 |            cFX_W: 100.0%
INFO    |convergence                                 |            cFY_W: 100.0%
INFO    |convergence                                 |            cFZ_W: 100.0%
INFO    |convergence                                 |            cMX_W_Cg: 100.0%
INFO    |convergence                                 |            cMY_W_Cg: 100.0%
INFO    |convergence                                 |            cMZ_W_Cg: 100.0%
INFO    |convergence                                 |    Chord lengths: 7
INFO    |convergence                                 |      Panel aspect ratio: 4
INFO    |convergence                                 |        Chordwise Panels: 3
INFO    |convergence                                 |          Iteration number: 49/160
INFO    |_convergence_meshing                        |          Cached delta_time: 0.0334 s
INFO    |convergence                                 |          Starting simulation
INFO    |unsteady_ring_vortex_lattice_method         |            Solver completed in <time>
INFO    |convergence                                 |          Simulation completed in <time>
INFO    |convergence                                 |          Wake type convergence: not checked
INFO    |convergence                                 |          Wake length convergence:
INFO    |convergence                                 |            cFX_W: 100.0%
INFO    |convergence                                 |            cFY_W: 100.0%
INFO    |convergence                                 |            cFZ_W: 100.0%
INFO    |convergence                                 |            cMX_W_Cg: 100.0%
INFO    |convergence                                 |            cMY_W_Cg: 100.0%
INFO    |convergence                                 |            cMZ_W_Cg: 100.0%
INFO    |convergence                                 |          Panel aspect ratio convergence: not checked
INFO    |convergence                                 |          Number of chordwise Panels convergence: not checked
INFO    |convergence                                 |        Chordwise Panels: 4
INFO    |convergence                                 |          Iteration number: 50/160
INFO    |_convergence_meshing                        |          Cached delta_time: 0.0250 s
INFO    |convergence                                 |          Starting simulation
INFO    |unsteady_ring_vortex_lattice_method         |            Solver completed in <time>
INFO    |convergence                                 |          Simulation completed in <time>
INFO    |convergence                                 |          Wake type convergence: not checked
INFO    |convergence                                 |          Wake length convergence:
INFO    |convergence                                 |            cFX_W: 100.0%
INFO    |convergence                                 |            cFY_W: 100.0%
INFO    |convergence                                 |            cFZ_W: 100.0%
INFO    |convergence                                 |            cMX_W_Cg: 100.0%
INFO    |convergence                                 |            cMY_W_Cg: 100.0%
INFO    |convergence                                 |            cMZ_W_Cg: 100.0%
INFO    |convergence                                 |          Panel aspect ratio convergence: not checked
INFO    |convergence                                 |          Number of chordwise Panels convergence:
INFO    |convergence                                 |            cFX_W: 100.0%
INFO    |convergence                                 |            cFY_W: 100.0%
INFO    |convergence                                 |            cFZ_W: 100.0%
INFO    |convergence                                 |            cMX_W_Cg: 100.0%
INFO    |convergence                                 |            cMY_W_Cg: 100.0%
INFO    |convergence                                 |            cMZ_W_Cg: 100.0%
INFO    |convergence                                 |        Chordwise Panels: 5
INFO    |convergence                                 |          Iteration number: 51/160
INFO    |_convergence_meshing                        |          Cached delta_time: 0.0200 s
INFO    |convergence                                 |          Starting simulation
INFO    |unsteady_ring_vortex_lattice_method         |            Solver completed in <time>
INFO    |convergence                                 |          Simulation completed in <time>
INFO    |convergence                                 |          Wake type convergence: not checked
INFO    |convergence                                 |          Wake length convergence:
INFO    |convergence                                 |            cFX_W: 100.0%
INFO    |convergence                                 |            cFY_W: 100.0%
INFO    |convergence                                 |            cFZ_W: 100.0%
INFO    |convergence                                 |            cMX_W_Cg: 100.0%
INFO    |convergence                                 |            cMY_W_Cg: 100.0%
INFO    |convergence                                 |            cMZ_W_Cg: 100.0%
INFO    |convergence                                 |          Panel aspect ratio convergence: not checked
INFO    |convergence                                 |          Number of chordwise Panels convergence:
INFO    |convergence                                 |            cFX_W: 100.0%
INFO    |convergence                                 |            cFY_W: 100.0%
INFO    |convergence                                 |            cFZ_W: 100.0%
INFO    |convergence                                 |            cMX_W_Cg: 100.0%
INFO    |convergence                                 |            cMY_W_Cg: 100.0%
INFO    |convergence                                 |            cMZ_W_Cg: 100.0%
INFO    |convergence                                 |        Chordwise Panels: 6
INFO    |convergence                                 |          Iteration number: 52/160
INFO    |_convergence_meshing                        |          Cached delta_time: 0.0167 s
INFO    |convergence                                 |          Starting simulation
INFO    |unsteady_ring_vortex_lattice_method         |            Solver completed in <time>
INFO    |convergence                                 |          Simulation completed in <time>
INFO    |convergence                                 |          Wake type convergence: not checked
INFO    |convergence                                 |          Wake length convergence:
INFO    |convergence                                 |            cFX_W: 100.0%
INFO    |convergence                                 |            cFY_W: 100.0%
INFO    |convergence                                 |            cFZ_W: 100.0%
INFO    |convergence                                 |            cMX_W_Cg: 100.0%
INFO    |convergence                                 |            cMY_W_Cg: 100.0%
INFO    |convergence                                 |            cMZ_W_Cg: 100.0%
INFO    |convergence                                 |          Panel aspect ratio convergence: not checked
INFO    |convergence                                 |          Number of chordwise Panels convergence:
INFO    |convergence                                 |            cFX_W: 100.0%
INFO    |convergence                                 |            cFY_W: 100.0%
INFO    |convergence                                 |            cFZ_W: 100.0%
INFO    |convergence                                 |            cMX_W_Cg: 100.0%
INFO    |convergence                                 |            cMY_W_Cg: 100.0%
INFO    |convergence                                 |            cMZ_W_Cg: 100.0%
INFO    |convergence                                 |      Panel aspect ratio: 3
INFO    |convergence                                 |        Chordwise Panels: 3
INFO    |convergence                                 |          Iteration number: 53/160
INFO    |_convergence_meshing                        |          Cached delta_time: 0.0334 s
INFO    |convergence                                 |          Starting simulation
INFO    |unsteady_ring_vortex_lattice_method         |            Solver completed in <time>
INFO    |convergence                                 |          Simulation completed in <time>
INFO    |convergence                                 |          Wake type convergence: not checked
INFO    |convergence                                 |          Wake length convergence:
INFO    |convergence                                 |            cFX_W: 100.0%
INFO    |convergence                                 |            cFY_W: 100.0%
INFO    |convergence                                 |            cFZ_W: 100.0%
INFO    |convergence                                 |            cMX_W_Cg: 100.0%
INFO    |convergence                                 |            cMY_W_Cg: 100.0%
INFO    |convergence                                 |            cMZ_W_Cg: 100.0%
INFO    |convergence                                 |          Panel aspect ratio convergence:
INFO    |convergence                                 |            cFX_W: 100.0%
INFO    |convergence                                 |            cFY_W: 100.0%
INFO    |convergence                                 |            cFZ_W: 44.63%
INFO    |convergence                                 |            cMX_W_Cg: 100.0%
INFO    |convergence                                 |            cMY_W_Cg: 65.17%
INFO    |convergence                                 |            cMZ_W_Cg: 100.0%
INFO    |convergence                                 |          Number of chordwise Panels convergence: not checked
INFO    |convergence                                 |        Chordwise Panels: 4
INFO    |convergence                                 |          Iteration number: 54/160
INFO    |_convergence_meshing                        |          Cached delta_time: 0.0250 s
INFO    |convergence                                 |          Starting simulation
INFO    |unsteady_ring_vortex_lattice_method         |            Solver completed in <time>
INFO    |convergence                                 |          Simulation completed in <time>
INFO    |convergence                                 |          Wake type convergence: not checked
INFO    |convergence                                 |          Wake length convergence:
INFO    |convergence                                 |            cFX_W: 100.0%
INFO    |convergence                                 |            cFY_W: 100.0%
INFO    |convergence                                 |            cFZ_W: 100.0%
INFO    |convergence                                 |            cMX_W_Cg: 100.0%
INFO    |convergence                                 |            cMY_W_Cg: 100.0%
INFO    |convergence                                 |            cMZ_W_Cg: 100.0%
INFO    |convergence                                 |          Panel aspect ratio convergence:
INFO    |convergence                                 |            cFX_W: 100.0%
INFO    |convergence                                 |            cFY_W: 100.0%
INFO    |convergence                                 |            cFZ_W: 73.35%
INFO    |convergence                                 |            cMX_W_Cg: 100.0%
INFO    |convergence                                 |            cMY_W_Cg: 100.0%
INFO    |convergence                                 |            cMZ_W_Cg: 100.0%
INFO    |convergence                                 |          Number of chordwise Panels convergence:
INFO    |convergence                                 |            cFX_W: 100.0%
INFO    |convergence                                 |            cFY_W: 100.0%
INFO    |convergence                                 |            cFZ_W: 100.0%
INFO    |convergence                                 |            cMX_W_Cg: 100.0%
INFO    |convergence                                 |            cMY_W_Cg: 100.0%
INFO    |convergence                                 |            cMZ_W_Cg: 100.0%
INFO    |convergence                                 |        Chordwise Panels: 5
INFO    |convergence                                 |          Iteration number: 55/160
INFO    |_convergence_meshing                        |          Cached delta_time: 0.0200 s
INFO    |convergence                                 |          Starting simulation
INFO    |unsteady_ring_vortex_lattice_method         |            Solver completed in <time>
INFO    |convergence                                 |          Simulation completed in <time>
INFO    |convergence                                 |          Wake type convergence: not checked
INFO    |convergence                                 |          Wake length convergence:
INFO    |convergence                                 |            cFX_W: 100.0%
INFO    |convergence                                 |            cFY_W: 100.0%
INFO    |convergence                                 |            cFZ_W: 100.0%
INFO    |convergence                                 |            cMX_W_Cg: 100.0%
INFO    |convergence                                 |            cMY_W_Cg: 100.0%
INFO    |convergence                                 |            cMZ_W_Cg: 100.0%
INFO    |convergence                                 |          Panel aspect ratio convergence:
INFO    |convergence                                 |            cFX_W: 100.0%
INFO    |convergence                                 |            cFY_W: 100.0%
INFO    |convergence                                 |            cFZ_W: 100.0%
INFO    |convergence                                 |            cMX_W_Cg: 100.0%
INFO    |convergence                                 |            cMY_W_Cg: 100.0%
INFO    |convergence                                 |            cMZ_W_Cg: 100.0%
INFO    |convergence                                 |          Number of chordwise Panels convergence:
INFO    |convergence                                 |            cFX_W: 100.0%
INFO    |convergence                                 |            cFY_W: 100.0%
INFO    |convergence                                 |            cFZ_W: 100.0%
INFO    |convergence                                 |            cMX_W_Cg: 100.0%
INFO    |convergence                                 |            cMY_W_Cg: 100.0%
INFO    |convergence                                 |            cMZ_W_Cg: 100.0%
INFO    |convergence                                 |        Chordwise Panels: 6
INFO    |convergence                                 |          Iteration number: 56/160
INFO    |_convergence_meshing                        |          Cached delta_time: 0.0167 s
INFO    |convergence                                 |          Starting simulation
INFO    |unsteady_ring_vortex_lattice_method         |            Solver completed in <time>
INFO    |convergence                                 |          Simulation completed in <time>
INFO    |convergence                                 |          Wake type convergence: not checked
INFO    |convergence                                 |          Wake length convergence:
INFO    |convergence                                 |            cFX_W: 100.0%
INFO    |convergence                                 |            cFY_W: 100.0%
INFO    |convergence                                 |            cFZ_W: 100.0%
INFO    |convergence                                 |            cMX_W_Cg: 100.0%
INFO    |convergence                                 |            cMY_W_Cg: 100.0%
INFO    |convergence                                 |            cMZ_W_Cg: 100.0%
INFO    |convergence                                 |          Panel aspect ratio convergence:
INFO    |convergence                                 |            cFX_W: 100.0%
INFO    |convergence                                 |            cFY_W: 100.0%
INFO    |convergence                                 |            cFZ_W: 100.0%
INFO    |convergence                                 |            cMX_W_Cg: 100.0%
INFO    |convergence                                 |            cMY_W_Cg: 100.0%
INFO    |convergence                                 |            cMZ_W_Cg: 100.0%
INFO    |convergence                                 |          Number of chordwise Panels convergence:
INFO    |convergence                                 |            cFX_W: 100.0%
INFO    |convergence                                 |            cFY_W: 100.0%
INFO    |convergence                                 |            cFZ_W: 100.0%
INFO    |convergence                                 |            cMX_W_Cg: 100.0%
INFO    |convergence                                 |            cMY_W_Cg: 100.0%
INFO    |convergence                                 |            cMZ_W_Cg: 100.0%
INFO    |convergence                                 |      Panel aspect ratio: 2
INFO    |convergence                                 |        Chordwise Panels: 3
INFO    |convergence                                 |          Iteration number: 57/160
INFO    |_convergence_meshing                        |          Cached delta_time: 0.0334 s
INFO    |convergence                                 |          Starting simulation
INFO    |unsteady_ring_vortex_lattice_method         |            Solver completed in <time>
INFO    |convergence                                 |          Simulation completed in <time>
INFO    |convergence                                 |          Wake type convergence: not checked
INFO    |convergence                                 |          Wake length convergence:
INFO    |convergence                                 |            cFX_W: 100.0%
INFO    |convergence                                 |            cFY_W: 100.0%
INFO    |convergence                                 |            cFZ_W: 100.0%
INFO    |convergence                                 |            cMX_W_Cg: 100.0%
INFO    |convergence                                 |            cMY_W_Cg: 100.0%
INFO    |convergence                                 |            cMZ_W_Cg: 100.0%
INFO    |convergence                                 |          Panel aspect ratio convergence:
INFO    |convergence                                 |            cFX_W: 100.0%
INFO    |convergence                                 |            cFY_W: 100.0%
INFO    |convergence                                 |            cFZ_W: 44.14%
INFO    |convergence                                 |            cMX_W_Cg: 100.0%
INFO    |convergence                                 |            cMY_W_Cg: 63.36%
INFO    |convergence                                 |            cMZ_W_Cg: 100.0%
INFO    |convergence                                 |          Number of chordwise Panels convergence: not checked
INFO    |convergence                                 |        Chordwise Panels: 4
INFO    |convergence                                 |          Iteration number: 58/160
INFO    |_convergence_meshing                        |          Cached delta_time: 0.0250 s
INFO    |convergence                                 |          Starting simulation
INFO    |unsteady_ring_vortex_lattice_method         |            Solver completed in <time>
INFO    |convergence                                 |          Simulation completed in <time>
INFO    |convergence                                 |          Wake type convergence: not checked
INFO    |convergence                                 |          Wake length convergence:
INFO    |convergence                                 |            cFX_W: 100.0%
INFO    |convergence                                 |            cFY_W: 100.0%
INFO    |convergence                                 |            cFZ_W: 100.0%
INFO    |convergence                                 |            cMX_W_Cg: 100.0%
INFO    |convergence                                 |            cMY_W_Cg: 100.0%
INFO    |convergence                                 |            cMZ_W_Cg: 100.0%
INFO    |convergence                                 |          Panel aspect ratio convergence:
INFO    |convergence                                 |            cFX_W: 100.0%
INFO    |convergence                                 |            cFY_W: 100.0%
INFO    |convergence                                 |            cFZ_W: 64.14%
INFO    |convergence                                 |            cMX_W_Cg: 100.0%
INFO    |convergence                                 |            cMY_W_Cg: 90.73%
INFO    |convergence                                 |            cMZ_W_Cg: 100.0%
INFO    |convergence                                 |          Number of chordwise Panels convergence:
INFO    |convergence                                 |            cFX_W: 100.0%
INFO    |convergence                                 |            cFY_W: 100.0%
INFO    |convergence                                 |            cFZ_W: 76.86%
INFO    |convergence                                 |            cMX_W_Cg: 100.0%
INFO    |convergence                                 |            cMY_W_Cg: 91.83%
INFO    |convergence                                 |            cMZ_W_Cg: 100.0%
INFO    |convergence                                 |        Chordwise Panels: 5
INFO    |convergence                                 |          Iteration number: 59/160
INFO    |_convergence_meshing                        |          Cached delta_time: 0.0200 s
INFO    |convergence                                 |          Starting simulation
INFO    |unsteady_ring_vortex_lattice_method         |            Solver completed in <time>
INFO    |convergence                                 |          Simulation completed in <time>
INFO    |convergence                                 |          Wake type convergence: not checked
INFO    |convergence                                 |          Wake length convergence:
INFO    |convergence                                 |            cFX_W: 100.0%
INFO    |convergence                                 |            cFY_W: 100.0%
INFO    |convergence                                 |            cFZ_W: 100.0%
INFO    |convergence                                 |            cMX_W_Cg: 100.0%
INFO    |convergence                                 |            cMY_W_Cg: 100.0%
INFO    |convergence                                 |            cMZ_W_Cg: 100.0%
INFO    |convergence                                 |          Panel aspect ratio convergence:
INFO    |convergence                                 |            cFX_W: 100.0%
INFO    |convergence                                 |            cFY_W: 100.0%
INFO    |convergence                                 |            cFZ_W: 66.21%
INFO    |convergence                                 |            cMX_W_Cg: 100.0%
INFO    |convergence                                 |            cMY_W_Cg: 93.01%
INFO    |convergence                                 |            cMZ_W_Cg: 100.0%
INFO    |convergence                                 |          Number of chordwise Panels convergence:
INFO    |convergence                                 |            cFX_W: 100.0%
INFO    |convergence                                 |            cFY_W: 100.0%
INFO    |convergence                                 |            cFZ_W: 100.0%
INFO    |convergence                                 |            cMX_W_Cg: 100.0%
INFO    |convergence                                 |            cMY_W_Cg: 100.0%
INFO    |convergence                                 |            cMZ_W_Cg: 100.0%
INFO    |convergence                                 |        Chordwise Panels: 6
INFO    |convergence                                 |          Iteration number: 60/160
INFO    |_convergence_meshing                        |          Cached delta_time: 0.0167 s
INFO    |convergence                                 |          Starting simulation
INFO    |unsteady_ring_vortex_lattice_method         |            Solver completed in <time>
INFO    |convergence                                 |          Simulation completed in <time>
INFO    |convergence                                 |          Wake type convergence: not checked
INFO    |convergence                                 |          Wake length convergence:
INFO    |convergence                                 |            cFX_W: 100.0%
INFO    |convergence                                 |            cFY_W: 100.0%
INFO    |convergence                                 |            cFZ_W: 100.0%
INFO    |convergence                                 |            cMX_W_Cg: 100.0%
INFO    |convergence                                 |            cMY_W_Cg: 100.0%
INFO    |convergence                                 |            cMZ_W_Cg: 100.0%
INFO    |convergence                                 |          Panel aspect ratio convergence:
INFO    |convergence                                 |            cFX_W: 100.0%
INFO    |convergence                                 |            cFY_W: 100.0%
INFO    |convergence                                 |            cFZ_W: 86.06%
INFO    |convergence                                 |            cMX_W_Cg: 100.0%
INFO    |convergence                                 |            cMY_W_Cg: 100.0%
INFO    |convergence                                 |            cMZ_W_Cg: 100.0%
INFO    |convergence                                 |          Number of chordwise Panels convergence:
INFO    |convergence                                 |            cFX_W: 100.0%
INFO    |convergence                                 |            cFY_W: 100.0%
INFO    |convergence                                 |            cFZ_W: 100.0%
INFO    |convergence                                 |            cMX_W_Cg: 100.0%
INFO    |convergence                                 |            cMY_W_Cg: 100.0%
INFO    |convergence                                 |            cMZ_W_Cg: 100.0%
INFO    |convergence                                 |      Panel aspect ratio: 1
INFO    |convergence                                 |        Chordwise Panels: 3
INFO    |convergence                                 |          Iteration number: 61/160
INFO    |_convergence_meshing                        |          Cached delta_time: 0.0334 s
INFO    |convergence                                 |          Starting simulation
INFO    |unsteady_ring_vortex_lattice_method         |            Solver completed in <time>
INFO    |convergence                                 |          Simulation completed in <time>
INFO    |convergence                                 |          Wake type convergence: not checked
INFO    |convergence                                 |          Wake length convergence:
INFO    |convergence                                 |            cFX_W: 100.0%
INFO    |convergence                                 |            cFY_W: 100.0%
INFO    |convergence                                 |            cFZ_W: 100.0%
INFO    |convergence                                 |            cMX_W_Cg: 100.0%
INFO    |convergence                                 |            cMY_W_Cg: 100.0%
INFO    |convergence                                 |            cMZ_W_Cg: 100.0%
INFO    |convergence                                 |          Panel aspect ratio convergence:
INFO    |convergence                                 |            cFX_W: 100.0%
INFO    |convergence                                 |            cFY_W: 100.0%
INFO    |convergence                                 |            cFZ_W: 54.93%
INFO    |convergence                                 |            cMX_W_Cg: 100.0%
INFO    |convergence                                 |            cMY_W_Cg: 78.01%
INFO    |convergence                                 |            cMZ_W_Cg: 100.0%
INFO    |convergence                                 |          Number of chordwise Panels convergence: not checked
INFO    |convergence                                 |        Chordwise Panels: 4
INFO    |convergence                                 |          Iteration number: 62/160
INFO    |_convergence_meshing                        |          Cached delta_time: 0.0250 s
INFO    |convergence                                 |          Starting simulation
INFO    |unsteady_ring_vortex_lattice_method         |            Solver completed in <time>
INFO    |convergence                                 |          Simulation completed in <time>
INFO    |convergence                                 |          Wake type convergence: not checked
INFO    |convergence                                 |          Wake length convergence:
INFO    |convergence                                 |            cFX_W: 100.0%
INFO    |convergence                                 |            cFY_W: 100.0%
INFO    |convergence                                 |            cFZ_W: 100.0%
INFO    |convergence                                 |            cMX_W_Cg: 100.0%
INFO    |convergence                                 |            cMY_W_Cg: 100.0%
INFO    |convergence                                 |            cMZ_W_Cg: 100.0%
INFO    |convergence                                 |          Panel aspect ratio convergence:
INFO    |convergence                                 |            cFX_W: 100.0%
INFO    |convergence                                 |            cFY_W: 100.0%
INFO    |convergence                                 |            cFZ_W: 55.92%
INFO    |convergence                                 |            cMX_W_Cg: 100.0%
INFO    |convergence                                 |            cMY_W_Cg: 78.70%
INFO    |convergence                                 |            cMZ_W_Cg: 100.0%
INFO    |convergence                                 |          Number of chordwise Panels convergence:
INFO    |convergence                                 |            cFX_W: 100.0%
INFO    |convergence                                 |            cFY_W: 100.0%
INFO    |convergence                                 |            cFZ_W: 74.98%
INFO    |convergence                                 |            cMX_W_Cg: 100.0%
INFO    |convergence                                 |            cMY_W_Cg: 90.90%
INFO    |convergence                                 |            cMZ_W_Cg: 100.0%
INFO    |convergence                                 |        Chordwise Panels: 5
INFO    |convergence                                 |          Iteration number: 63/160
INFO    |_convergence_meshing                        |          Cached delta_time: 0.0200 s
INFO    |convergence                                 |          Starting simulation
INFO    |unsteady_ring_vortex_lattice_method         |            Solver completed in <time>
INFO    |convergence                                 |          Simulation completed in <time>
INFO    |convergence                                 |          Wake type convergence: not checked
INFO    |convergence                                 |          Wake length convergence:
INFO    |convergence                                 |            cFX_W: 100.0%
INFO    |convergence                                 |            cFY_W: 100.0%
INFO    |convergence                                 |            cFZ_W: 100.0%
INFO    |convergence                                 |            cMX_W_Cg: 100.0%
INFO    |convergence                                 |            cMY_W_Cg: 100.0%
INFO    |convergence                                 |            cMZ_W_Cg: 100.0%
INFO    |convergence                                 |          Panel aspect ratio convergence:
INFO    |convergence                                 |            cFX_W: 100.0%
INFO    |convergence                                 |            cFY_W: 100.0%
INFO    |convergence                                 |            cFZ_W: 76.24%
INFO    |convergence                                 |            cMX_W_Cg: 100.0%
INFO    |convergence                                 |            cMY_W_Cg: 100.0%
INFO    |convergence                                 |            cMZ_W_Cg: 100.0%
INFO    |convergence                                 |          Number of chordwise Panels convergence:
INFO    |convergence                                 |            cFX_W: 100.0%
INFO    |convergence                                 |            cFY_W: 100.0%
INFO    |convergence                                 |            cFZ_W: 100.0%
INFO    |convergence                                 |            cMX_W_Cg: 100.0%
INFO    |convergence                                 |            cMY_W_Cg: 100.0%
INFO    |convergence                                 |            cMZ_W_Cg: 100.0%
INFO    |convergence                                 |        Chordwise Panels: 6
INFO    |convergence                                 |          Iteration number: 64/160
INFO    |_convergence_meshing                        |          Cached delta_time: 0.0167 s
INFO    |convergence                                 |          Starting simulation
INFO    |unsteady_ring_vortex_lattice_method         |            Solver completed in <time>
INFO    |convergence                                 |          Simulation completed in <time>
INFO    |convergence                                 |          Wake type convergence: not checked
INFO    |convergence                                 |          Wake length convergence:
INFO    |convergence                                 |            cFX_W: 100.0%
INFO    |convergence                                 |            cFY_W: 100.0%
INFO    |convergence                                 |            cFZ_W: 100.0%
INFO    |convergence                                 |            cMX_W_Cg: 100.0%
INFO    |convergence                                 |            cMY_W_Cg: 100.0%
INFO    |convergence                                 |            cMZ_W_Cg: 100.0%
INFO    |convergence                                 |          Panel aspect ratio convergence:
INFO    |convergence                                 |            cFX_W: 100.0%
INFO    |convergence                                 |            cFY_W: 100.0%
INFO    |convergence                                 |            cFZ_W: 78.68%
INFO    |convergence                                 |            cMX_W_Cg: 100.0%
INFO    |convergence                                 |            cMY_W_Cg: 100.0%
INFO    |convergence                                 |            cMZ_W_Cg: 100.0%
INFO    |convergence                                 |          Number of chordwise Panels convergence:
INFO    |convergence                                 |            cFX_W: 100.0%
INFO    |convergence                                 |            cFY_W: 100.0%
INFO    |convergence                                 |            cFZ_W: 100.0%
INFO    |convergence                                 |            cMX_W_Cg: 100.0%
INFO    |convergence                                 |            cMY_W_Cg: 100.0%
INFO    |convergence                                 |            cMZ_W_Cg: 100.0%
INFO    |convergence                                 |    Chord lengths: 8
INFO    |convergence                                 |      Panel aspect ratio: 4
INFO    |convergence                                 |        Chordwise Panels: 3
INFO    |convergence                                 |          Iteration number: 65/160
INFO    |_convergence_meshing                        |          Cached delta_time: 0.0334 s
INFO    |convergence                                 |          Starting simulation
INFO    |unsteady_ring_vortex_lattice_method         |            Solver completed in <time>
INFO    |convergence                                 |          Simulation completed in <time>
INFO    |convergence                                 |          Wake type convergence: not checked
INFO    |convergence                                 |          Wake length convergence:
INFO    |convergence                                 |            cFX_W: 100.0%
INFO    |convergence                                 |            cFY_W: 100.0%
INFO    |convergence                                 |            cFZ_W: 100.0%
INFO    |convergence                                 |            cMX_W_Cg: 100.0%
INFO    |convergence                                 |            cMY_W_Cg: 100.0%
INFO    |convergence                                 |            cMZ_W_Cg: 100.0%
INFO    |convergence                                 |          Panel aspect ratio convergence: not checked
INFO    |convergence                                 |          Number of chordwise Panels convergence: not checked
INFO    |convergence                                 |        Chordwise Panels: 4
INFO    |convergence                                 |          Iteration number: 66/160
INFO    |_convergence_meshing                        |          Cached delta_time: 0.0250 s
INFO    |convergence                                 |          Starting simulation
INFO    |unsteady_ring_vortex_lattice_method         |            Solver completed in <time>
INFO    |convergence                                 |          Simulation completed in <time>
INFO    |convergence                                 |          Wake type convergence: not checked
INFO    |convergence                                 |          Wake length convergence:
INFO    |convergence                                 |            cFX_W: 100.0%
INFO    |convergence                                 |            cFY_W: 100.0%
INFO    |convergence                                 |            cFZ_W: 100.0%
INFO    |convergence                                 |            cMX_W_Cg: 100.0%
INFO    |convergence                                 |            cMY_W_Cg: 100.0%
INFO    |convergence                                 |            cMZ_W_Cg: 100.0%
INFO    |convergence                                 |          Panel aspect ratio convergence: not checked
INFO    |convergence                                 |          Number of chordwise Panels convergence:
INFO    |convergence                                 |            cFX_W: 100.0%
INFO    |convergence                                 |            cFY_W: 100.0%
INFO    |convergence                                 |            cFZ_W: 100.0%
INFO    |convergence                                 |            cMX_W_Cg: 100.0%
INFO    |convergence                                 |            cMY_W_Cg: 100.0%
INFO    |convergence                                 |            cMZ_W_Cg: 100.0%
INFO    |convergence                                 |        Chordwise Panels: 5
INFO    |convergence                                 |          Iteration number: 67/160
INFO    |_convergence_meshing                        |          Cached delta_time: 0.0200 s
INFO    |convergence                                 |          Starting simulation
INFO    |unsteady_ring_vortex_lattice_method         |            Solver completed in <time>
INFO    |convergence                                 |          Simulation completed in <time>
INFO    |convergence                                 |          Wake type convergence: not checked
INFO    |convergence                                 |          Wake length convergence:
INFO    |convergence                                 |            cFX_W: 100.0%
INFO    |convergence                                 |            cFY_W: 100.0%
INFO    |convergence                                 |            cFZ_W: 100.0%
INFO    |convergence                                 |            cMX_W_Cg: 100.0%
INFO    |convergence                                 |            cMY_W_Cg: 100.0%
INFO    |convergence                                 |            cMZ_W_Cg: 100.0%
INFO    |convergence                                 |          Panel aspect ratio convergence: not checked
INFO    |convergence                                 |          Number of chordwise Panels convergence:
INFO    |convergence                                 |            cFX_W: 100.0%
INFO    |convergence                                 |            cFY_W: 100.0%
INFO    |convergence                                 |            cFZ_W: 100.0%
INFO    |convergence                                 |            cMX_W_Cg: 100.0%
INFO    |convergence                                 |            cMY_W_Cg: 100.0%
INFO    |convergence                                 |            cMZ_W_Cg: 100.0%
INFO    |convergence                                 |        Chordwise Panels: 6
INFO    |convergence                                 |          Iteration number: 68/160
INFO    |_convergence_meshing                        |          Cached delta_time: 0.0167 s
INFO    |convergence                                 |          Starting simulation
INFO    |unsteady_ring_vortex_lattice_method         |            Solver completed in <time>
INFO    |convergence                                 |          Simulation completed in <time>
INFO    |convergence                                 |          Wake type convergence: not checked
INFO    |convergence                                 |          Wake length convergence:
INFO    |convergence                                 |            cFX_W: 100.0%
INFO    |convergence                                 |            cFY_W: 100.0%
INFO    |convergence                                 |            cFZ_W: 100.0%
INFO    |convergence                                 |            cMX_W_Cg: 100.0%
INFO    |convergence                                 |            cMY_W_Cg: 100.0%
INFO    |convergence                                 |            cMZ_W_Cg: 100.0%
INFO    |convergence                                 |          Panel aspect ratio convergence: not checked
INFO    |convergence                                 |          Number of chordwise Panels convergence:
INFO    |convergence                                 |            cFX_W: 100.0%
INFO    |convergence                                 |            cFY_W: 100.0%
INFO    |convergence                                 |            cFZ_W: 100.0%
INFO    |convergence                                 |            cMX_W_Cg: 100.0%
INFO    |convergence                                 |            cMY_W_Cg: 100.0%
INFO    |convergence                                 |            cMZ_W_Cg: 100.0%
INFO    |convergence                                 |      Panel aspect ratio: 3
INFO    |convergence                                 |        Chordwise Panels: 3
INFO    |convergence                                 |          Iteration number: 69/160
INFO    |_convergence_meshing                        |          Cached delta_time: 0.0334 s
INFO    |convergence                                 |          Starting simulation
INFO    |unsteady_ring_vortex_lattice_method         |            Solver completed in <time>
INFO    |convergence                                 |          Simulation completed in <time>
INFO    |convergence                                 |          Wake type convergence: not checked
INFO    |convergence                                 |          Wake length convergence:
INFO    |convergence                                 |            cFX_W: 100.0%
INFO    |convergence                                 |            cFY_W: 100.0%
INFO    |convergence                                 |            cFZ_W: 100.0%
INFO    |convergence                                 |            cMX_W_Cg: 100.0%
INFO    |convergence                                 |            cMY_W_Cg: 100.0%
INFO    |convergence                                 |            cMZ_W_Cg: 100.0%
INFO    |convergence                                 |          Panel aspect ratio convergence:
INFO    |convergence                                 |            cFX_W: 100.0%
INFO    |convergence                                 |            cFY_W: 100.0%
INFO    |convergence                                 |            cFZ_W: 44.30%
INFO    |convergence                                 |            cMX_W_Cg: 100.0%
INFO    |convergence                                 |            cMY_W_Cg: 64.58%
INFO    |convergence                                 |            cMZ_W_Cg: 100.0%
INFO    |convergence                                 |          Number of chordwise Panels convergence: not checked
INFO    |convergence                                 |        Chordwise Panels: 4
INFO    |convergence                                 |          Iteration number: 70/160
INFO    |_convergence_meshing                        |          Cached delta_time: 0.0250 s
INFO    |convergence                                 |          Starting simulation
INFO    |unsteady_ring_vortex_lattice_method         |            Solver completed in <time>
INFO    |convergence                                 |          Simulation completed in <time>
INFO    |convergence                                 |          Wake type convergence: not checked
INFO    |convergence                                 |          Wake length convergence:
INFO    |convergence                                 |            cFX_W: 100.0%
INFO    |convergence                                 |            cFY_W: 100.0%
INFO    |convergence                                 |            cFZ_W: 100.0%
INFO    |convergence                                 |            cMX_W_Cg: 100.0%
INFO    |convergence                                 |            cMY_W_Cg: 100.0%
INFO    |convergence                                 |            cMZ_W_Cg: 100.0%
INFO    |convergence                                 |          Panel aspect ratio convergence:
INFO    |convergence                                 |            cFX_W: 100.0%
INFO    |convergence                                 |            cFY_W: 100.0%
INFO    |convergence                                 |            cFZ_W: 72.90%
INFO    |convergence                                 |            cMX_W_Cg: 100.0%
INFO    |convergence                                 |            cMY_W_Cg: 100.0%
INFO    |convergence                                 |            cMZ_W_Cg: 100.0%
INFO    |convergence                                 |          Number of chordwise Panels convergence:
INFO    |convergence                                 |            cFX_W: 100.0%
INFO    |convergence                                 |            cFY_W: 100.0%
INFO    |convergence                                 |            cFZ_W: 100.0%
INFO    |convergence                                 |            cMX_W_Cg: 100.0%
INFO    |convergence                                 |            cMY_W_Cg: 100.0%
INFO    |convergence                                 |            cMZ_W_Cg: 100.0%
INFO    |convergence                                 |        Chordwise Panels: 5
INFO    |convergence                                 |          Iteration number: 71/160
INFO    |_convergence_meshing                        |          Cached delta_time: 0.0200 s
INFO    |convergence                                 |          Starting simulation
INFO    |unsteady_ring_vortex_lattice_method         |            Solver completed in <time>
INFO    |convergence                                 |          Simulation completed in <time>
INFO    |convergence                                 |          Wake type convergence: not checked
INFO    |convergence                                 |          Wake length convergence:
INFO    |convergence                                 |            cFX_W: 100.0%
INFO    |convergence                                 |            cFY_W: 100.0%
INFO    |convergence                                 |            cFZ_W: 100.0%
INFO    |convergence                                 |            cMX_W_Cg: 100.0%
INFO    |convergence                                 |            cMY_W_Cg: 100.0%
INFO    |convergence                                 |            cMZ_W_Cg: 100.0%
INFO    |convergence                                 |          Panel aspect ratio convergence:
INFO    |convergence                                 |            cFX_W: 100.0%
INFO    |convergence                                 |            cFY_W: 100.0%
INFO    |convergence                                 |            cFZ_W: 100.0%
INFO    |convergence                                 |            cMX_W_Cg: 100.0%
INFO    |convergence                                 |            cMY_W_Cg: 100.0%
INFO    |convergence                                 |            cMZ_W_Cg: 100.0%
INFO    |convergence                                 |          Number of chordwise Panels convergence:
INFO    |convergence                                 |            cFX_W: 100.0%
INFO    |convergence                                 |            cFY_W: 100.0%
INFO    |convergence                                 |            cFZ_W: 100.0%
INFO    |convergence                                 |            cMX_W_Cg: 100.0%
INFO    |convergence                                 |            cMY_W_Cg: 100.0%
INFO    |convergence                                 |            cMZ_W_Cg: 100.0%
INFO    |convergence                                 |        Chordwise Panels: 6
INFO    |convergence                                 |          Iteration number: 72/160
INFO    |_convergence_meshing                        |          Cached delta_time: 0.0167 s
INFO    |convergence                                 |          Starting simulation
INFO    |unsteady_ring_vortex_lattice_method         |            Solver completed in <time>
INFO    |convergence                                 |          Simulation completed in <time>
INFO    |convergence                                 |          Wake type convergence: not checked
INFO    |convergence                                 |          Wake length convergence:
INFO    |convergence                                 |            cFX_W: 100.0%
INFO    |convergence                                 |            cFY_W: 100.0%
INFO    |convergence                                 |            cFZ_W: 100.0%
INFO    |convergence                                 |            cMX_W_Cg: 100.0%
INFO    |convergence                                 |            cMY_W_Cg: 100.0%
INFO    |convergence                                 |            cMZ_W_Cg: 100.0%
INFO    |convergence                                 |          Panel aspect ratio convergence:
INFO    |convergence                                 |            cFX_W: 100.0%
INFO    |convergence                                 |            cFY_W: 100.0%
INFO    |convergence                                 |            cFZ_W: 100.0%
INFO    |convergence                                 |            cMX_W_Cg: 100.0%
INFO    |convergence                                 |            cMY_W_Cg: 100.0%
INFO    |convergence                                 |            cMZ_W_Cg: 100.0%
INFO    |convergence                                 |          Number of chordwise Panels convergence:
INFO    |convergence                                 |            cFX_W: 100.0%
INFO    |convergence                                 |            cFY_W: 100.0%
INFO    |convergence                                 |            cFZ_W: 100.0%
INFO    |convergence                                 |            cMX_W_Cg: 100.0%
INFO    |convergence                                 |            cMY_W_Cg: 100.0%
INFO    |convergence                                 |            cMZ_W_Cg: 100.0%
INFO    |convergence                                 |      Panel aspect ratio: 2
INFO    |convergence                                 |        Chordwise Panels: 3
INFO    |convergence                                 |          Iteration number: 73/160
INFO    |_convergence_meshing                        |          Cached delta_time: 0.0334 s
INFO    |convergence                                 |          Starting simulation
INFO    |unsteady_ring_vortex_lattice_method         |            Solver completed in <time>
INFO    |convergence                                 |          Simulation completed in <time>
INFO    |convergence                                 |          Wake type convergence: not checked
INFO    |convergence                                 |          Wake length convergence:
INFO    |convergence                                 |            cFX_W: 100.0%
INFO    |convergence                                 |            cFY_W: 100.0%
INFO    |convergence                                 |            cFZ_W: 100.0%
INFO    |convergence                                 |            cMX_W_Cg: 100.0%
INFO    |convergence                                 |            cMY_W_Cg: 100.0%
INFO    |convergence                                 |            cMZ_W_Cg: 100.0%
INFO    |convergence                                 |          Panel aspect ratio convergence:
INFO    |convergence                                 |            cFX_W: 100.0%
INFO    |convergence                                 |            cFY_W: 100.0%
INFO    |convergence                                 |            cFZ_W: 43.87%
INFO    |convergence                                 |            cMX_W_Cg: 100.0%
INFO    |convergence                                 |            cMY_W_Cg: 62.89%
INFO    |convergence                                 |            cMZ_W_Cg: 100.0%
INFO    |convergence                                 |          Number of chordwise Panels convergence: not checked
INFO    |convergence                                 |        Chordwise Panels: 4
INFO    |convergence                                 |          Iteration number: 74/160
INFO    |_convergence_meshing                        |          Cached delta_time: 0.0250 s
INFO    |convergence                                 |          Starting simulation
INFO    |unsteady_ring_vortex_lattice_method         |            Solver completed in <time>
INFO    |convergence                                 |          Simulation completed in <time>
INFO    |convergence                                 |          Wake type convergence: not checked
INFO    |convergence                                 |          Wake length convergence:
INFO    |convergence                                 |            cFX_W: 100.0%
INFO    |convergence                                 |            cFY_W: 100.0%
INFO    |convergence                                 |            cFZ_W: 100.0%
INFO    |convergence                                 |            cMX_W_Cg: 100.0%
INFO    |convergence                                 |            cMY_W_Cg: 100.0%
INFO    |convergence                                 |            cMZ_W_Cg: 100.0%
INFO    |convergence                                 |          Panel aspect ratio convergence:
INFO    |convergence                                 |            cFX_W: 100.0%
INFO    |convergence                                 |            cFY_W: 100.0%
INFO    |convergence                                 |            cFZ_W: 63.79%
INFO    |convergence                                 |            cMX_W_Cg: 100.0%
INFO    |convergence                                 |            cMY_W_Cg: 90.17%
INFO    |convergence                                 |            cMZ_W_Cg: 100.0%
INFO    |convergence                                 |          Number of chordwise Panels convergence:
INFO    |convergence                                 |            cFX_W: 100.0%
INFO    |convergence                                 |            cFY_W: 100.0%
INFO    |convergence                                 |            cFZ_W: 77.96%
INFO    |convergence                                 |            cMX_W_Cg: 100.0%
INFO    |convergence                                 |            cMY_W_Cg: 94.23%
INFO    |convergence                                 |            cMZ_W_Cg: 100.0%
INFO    |convergence                                 |        Chordwise Panels: 5
INFO    |convergence                                 |          Iteration number: 75/160
INFO    |_convergence_meshing                        |          Cached delta_time: 0.0200 s
INFO    |convergence                                 |          Starting simulation
INFO    |unsteady_ring_vortex_lattice_method         |            Solver completed in <time>
INFO    |convergence                                 |          Simulation completed in <time>
INFO    |convergence                                 |          Wake type convergence: not checked
INFO    |convergence                                 |          Wake length convergence:
INFO    |convergence                                 |            cFX_W: 100.0%
INFO    |convergence                                 |            cFY_W: 100.0%
INFO    |convergence                                 |            cFZ_W: 100.0%
INFO    |convergence                                 |            cMX_W_Cg: 100.0%
INFO    |convergence                                 |            cMY_W_Cg: 100.0%
INFO    |convergence                                 |            cMZ_W_Cg: 100.0%
INFO    |convergence                                 |          Panel aspect ratio convergence:
INFO    |convergence                                 |            cFX_W: 100.0%
INFO    |convergence                                 |            cFY_W: 100.0%
INFO    |convergence                                 |            cFZ_W: 65.87%
INFO    |convergence                                 |            cMX_W_Cg: 100.0%
INFO    |convergence                                 |            cMY_W_Cg: 92.51%
INFO    |convergence                                 |            cMZ_W_Cg: 100.0%
INFO    |convergence                                 |          Number of chordwise Panels convergence:
INFO    |convergence                                 |            cFX_W: 100.0%
INFO    |convergence                                 |            cFY_W: 100.0%
INFO    |convergence                                 |            cFZ_W: 100.0%
INFO    |convergence                                 |            cMX_W_Cg: 100.0%
INFO    |convergence                                 |            cMY_W_Cg: 100.0%
INFO    |convergence                                 |            cMZ_W_Cg: 100.0%
INFO    |convergence                                 |        Chordwise Panels: 6
INFO    |convergence                                 |          Iteration number: 76/160
INFO    |_convergence_meshing                        |          Cached delta_time: 0.0167 s
INFO    |convergence                                 |          Starting simulation
INFO    |unsteady_ring_vortex_lattice_method         |            Solver completed in <time>
INFO    |convergence                                 |          Simulation completed in <time>
INFO    |convergence                                 |          Wake type convergence: not checked
INFO    |convergence                                 |          Wake length convergence:
INFO    |convergence                                 |            cFX_W: 100.0%
INFO    |convergence                                 |            cFY_W: 100.0%
INFO    |convergence                                 |            cFZ_W: 100.0%
INFO    |convergence                                 |            cMX_W_Cg: 100.0%
INFO    |convergence                                 |            cMY_W_Cg: 100.0%
INFO    |convergence                                 |            cMZ_W_Cg: 100.0%
INFO    |convergence                                 |          Panel aspect ratio convergence:
INFO    |convergence                                 |            cFX_W: 100.0%
INFO    |convergence                                 |            cFY_W: 100.0%
INFO    |convergence                                 |            cFZ_W: 85.64%
INFO    |convergence                                 |            cMX_W_Cg: 100.0%
INFO    |convergence                                 |            cMY_W_Cg: 100.0%
INFO    |convergence                                 |            cMZ_W_Cg: 100.0%
INFO    |convergence                                 |          Number of chordwise Panels convergence:
INFO    |convergence                                 |            cFX_W: 100.0%
INFO    |convergence                                 |            cFY_W: 100.0%
INFO    |convergence                                 |            cFZ_W: 100.0%
INFO    |convergence                                 |            cMX_W_Cg: 100.0%
INFO    |convergence                                 |            cMY_W_Cg: 100.0%
INFO    |convergence                                 |            cMZ_W_Cg: 100.0%
INFO    |convergence                                 |      Panel aspect ratio: 1
INFO    |convergence                                 |        Chordwise Panels: 3
INFO    |convergence                                 |          Iteration number: 77/160
INFO    |_convergence_meshing                        |          Cached delta_time: 0.0334 s
INFO    |convergence                                 |          Starting simulation
INFO    |unsteady_ring_vortex_lattice_method         |            Solver completed in <time>
INFO    |convergence                                 |          Simulation completed in <time>
INFO    |convergence                                 |          Wake type convergence: not checked
INFO    |convergence                                 |          Wake length convergence:
INFO    |convergence                                 |            cFX_W: 100.0%
INFO    |convergence                                 |            cFY_W: 100.0%
INFO    |convergence                                 |            cFZ_W: 100.0%
INFO    |convergence                                 |            cMX_W_Cg: 100.0%
INFO    |convergence                                 |            cMY_W_Cg: 100.0%
INFO    |convergence                                 |            cMZ_W_Cg: 100.0%
INFO    |convergence                                 |          Panel aspect ratio convergence:
INFO    |convergence                                 |            cFX_W: 100.0%
INFO    |convergence                                 |            cFY_W: 100.0%
INFO    |convergence                                 |            cFZ_W: 54.63%
INFO    |convergence                                 |            cMX_W_Cg: 100.0%
INFO    |convergence                                 |            cMY_W_Cg: 77.52%
INFO    |convergence                                 |            cMZ_W_Cg: 100.0%
INFO    |convergence                                 |          Number of chordwise Panels convergence: not checked
INFO    |convergence                                 |        Chordwise Panels: 4
INFO    |convergence                                 |          Iteration number: 78/160
INFO    |_convergence_meshing                        |          Cached delta_time: 0.0250 s
INFO    |convergence                                 |          Starting simulation
INFO    |unsteady_ring_vortex_lattice_method         |            Solver completed in <time>
INFO    |convergence                                 |          Simulation completed in <time>
INFO    |convergence                                 |          Wake type convergence: not checked
INFO    |convergence                                 |          Wake length convergence:
INFO    |convergence                                 |            cFX_W: 100.0%
INFO    |convergence                                 |            cFY_W: 100.0%
INFO    |convergence                                 |            cFZ_W: 100.0%
INFO    |convergence                                 |            cMX_W_Cg: 100.0%
INFO    |convergence                                 |            cMY_W_Cg: 100.0%
INFO    |convergence                                 |            cMZ_W_Cg: 100.0%
INFO    |convergence                                 |          Panel aspect ratio convergence:
INFO    |convergence                                 |            cFX_W: 100.0%
INFO    |convergence                                 |            cFY_W: 100.0%
INFO    |convergence                                 |            cFZ_W: 55.64%
INFO    |convergence                                 |            cMX_W_Cg: 100.0%
INFO    |convergence                                 |            cMY_W_Cg: 78.27%
INFO    |convergence                                 |            cMZ_W_Cg: 100.0%
INFO    |convergence                                 |          Number of chordwise Panels convergence:
INFO    |convergence                                 |            cFX_W: 100.0%
INFO    |convergence                                 |            cFY_W: 100.0%
INFO    |convergence                                 |            cFZ_W: 75.98%
INFO    |convergence                                 |            cMX_W_Cg: 100.0%
INFO    |convergence                                 |            cMY_W_Cg: 93.14%
INFO    |convergence                                 |            cMZ_W_Cg: 100.0%
INFO    |convergence                                 |        Chordwise Panels: 5
INFO    |convergence                                 |          Iteration number: 79/160
INFO    |_convergence_meshing                        |          Cached delta_time: 0.0200 s
INFO    |convergence                                 |          Starting simulation
INFO    |unsteady_ring_vortex_lattice_method         |            Solver completed in <time>
INFO    |convergence                                 |          Simulation completed in <time>
INFO    |convergence                                 |          Wake type convergence: not checked
INFO    |convergence                                 |          Wake length convergence:
INFO    |convergence                                 |            cFX_W: 100.0%
INFO    |convergence                                 |            cFY_W: 100.0%
INFO    |convergence                                 |            cFZ_W: 100.0%
INFO    |convergence                                 |            cMX_W_Cg: 100.0%
INFO    |convergence                                 |            cMY_W_Cg: 100.0%
INFO    |convergence                                 |            cMZ_W_Cg: 100.0%
INFO    |convergence                                 |          Panel aspect ratio convergence:
INFO    |convergence                                 |            cFX_W: 100.0%
INFO    |convergence                                 |            cFY_W: 100.0%
INFO    |convergence                                 |            cFZ_W: 75.88%
INFO    |convergence                                 |            cMX_W_Cg: 100.0%
INFO    |convergence                                 |            cMY_W_Cg: 100.0%
INFO    |convergence                                 |            cMZ_W_Cg: 100.0%
INFO    |convergence                                 |          Number of chordwise Panels convergence:
INFO    |convergence                                 |            cFX_W: 100.0%
INFO    |convergence                                 |            cFY_W: 100.0%
INFO    |convergence                                 |            cFZ_W: 100.0%
INFO    |convergence                                 |            cMX_W_Cg: 100.0%
INFO    |convergence                                 |            cMY_W_Cg: 100.0%
INFO    |convergence                                 |            cMZ_W_Cg: 100.0%
INFO    |convergence                                 |        Chordwise Panels: 6
INFO    |convergence                                 |          Iteration number: 80/160
INFO    |_convergence_meshing                        |          Cached delta_time: 0.0167 s
INFO    |convergence                                 |          Starting simulation
INFO    |unsteady_ring_vortex_lattice_method         |            Solver completed in <time>
INFO    |convergence                                 |          Simulation completed in <time>
INFO    |convergence                                 |          Wake type convergence: not checked
INFO    |convergence                                 |          Wake length convergence:
INFO    |convergence                                 |            cFX_W: 100.0%
INFO    |convergence                                 |            cFY_W: 100.0%
INFO    |convergence                                 |            cFZ_W: 100.0%
INFO    |convergence                                 |            cMX_W_Cg: 100.0%
INFO    |convergence                                 |            cMY_W_Cg: 100.0%
INFO    |convergence                                 |            cMZ_W_Cg: 100.0%
INFO    |convergence                                 |          Panel aspect ratio convergence:
INFO    |convergence                                 |            cFX_W: 100.0%
INFO    |convergence                                 |            cFY_W: 100.0%
INFO    |convergence                                 |            cFZ_W: 78.33%
INFO    |convergence                                 |            cMX_W_Cg: 100.0%
INFO    |convergence                                 |            cMY_W_Cg: 100.0%
INFO    |convergence                                 |            cMZ_W_Cg: 100.0%
INFO    |convergence                                 |          Number of chordwise Panels convergence:
INFO    |convergence                                 |            cFX_W: 100.0%
INFO    |convergence                                 |            cFY_W: 100.0%
INFO    |convergence                                 |            cFZ_W: 100.0%
INFO    |convergence                                 |            cMX_W_Cg: 100.0%
INFO    |convergence                                 |            cMY_W_Cg: 100.0%
INFO    |convergence                                 |            cMZ_W_Cg: 100.0%
INFO    |convergence                                 |  Wake type: free
INFO    |convergence                                 |    Chord lengths: 4
INFO    |convergence                                 |      Panel aspect ratio: 4
INFO    |convergence                                 |        Chordwise Panels: 3
INFO    |convergence                                 |          Iteration number: 81/160
INFO    |_convergence_meshing                        |          Cached delta_time: 0.0334 s
INFO    |convergence                                 |          Starting simulation
INFO    |unsteady_ring_vortex_lattice_method         |            Solver completed in <time>
INFO    |convergence                                 |          Simulation completed in <time>
INFO    |convergence                                 |          Wake type convergence:
INFO    |convergence                                 |            cFX_W: 100.0%
INFO    |convergence                                 |            cFY_W: 100.0%
INFO    |convergence                                 |            cFZ_W: 100.0%
INFO    |convergence                                 |            cMX_W_Cg: 100.0%
INFO    |convergence                                 |            cMY_W_Cg: 100.0%
INFO    |convergence                                 |            cMZ_W_Cg: 100.0%
INFO    |convergence                                 |          Wake length convergence: not checked
INFO    |convergence                                 |          Panel aspect ratio convergence: not checked
INFO    |convergence                                 |          Number of chordwise Panels convergence: not checked
INFO    |convergence                                 |        Chordwise Panels: 4
INFO    |convergence                                 |          Iteration number: 82/160
INFO    |_convergence_meshing                        |          Cached delta_time: 0.0250 s
INFO    |convergence                                 |          Starting simulation
INFO    |unsteady_ring_vortex_lattice_method         |            Solver completed in <time>
INFO    |convergence                                 |          Simulation completed in <time>
INFO    |convergence                                 |          Wake type convergence:
INFO    |convergence                                 |            cFX_W: 100.0%
INFO    |convergence                                 |            cFY_W: 100.0%
INFO    |convergence                                 |            cFZ_W: 100.0%
INFO    |convergence                                 |            cMX_W_Cg: 100.0%
INFO    |convergence                                 |            cMY_W_Cg: 100.0%
INFO    |convergence                                 |            cMZ_W_Cg: 100.0%
INFO    |convergence                                 |          Wake length convergence: not checked
INFO    |convergence                                 |          Panel aspect ratio convergence: not checked
INFO    |convergence                                 |          Number of chordwise Panels convergence:
INFO    |convergence                                 |            cFX_W: 100.0%
INFO    |convergence                                 |            cFY_W: 100.0%
INFO    |convergence                                 |            cFZ_W: 100.0%
INFO    |convergence                                 |            cMX_W_Cg: 100.0%
INFO    |convergence                                 |            cMY_W_Cg: 100.0%
INFO    |convergence                                 |            cMZ_W_Cg: 100.0%
INFO    |convergence                                 |        Chordwise Panels: 5
INFO    |convergence                                 |          Iteration number: 83/160
INFO    |_convergence_meshing                        |          Cached delta_time: 0.0200 s
INFO    |convergence                                 |          Starting simulation
INFO    |unsteady_ring_vortex_lattice_method         |            Solver completed in <time>
INFO    |convergence                                 |          Simulation completed in <time>
INFO    |convergence                                 |          Wake type convergence:
INFO    |convergence                                 |            cFX_W: 100.0%
INFO    |convergence                                 |            cFY_W: 100.0%
INFO    |convergence                                 |            cFZ_W: 100.0%
INFO    |convergence                                 |            cMX_W_Cg: 100.0%
INFO    |convergence                                 |            cMY_W_Cg: 100.0%
INFO    |convergence                                 |            cMZ_W_Cg: 100.0%
INFO    |convergence                                 |          Wake length convergence: not checked
INFO    |convergence                                 |          Panel aspect ratio convergence: not checked
INFO    |convergence                                 |          Number of chordwise Panels convergence:
INFO    |convergence                                 |            cFX_W: 100.0%
INFO    |convergence                                 |            cFY_W: 100.0%
INFO    |convergence                                 |            cFZ_W: 100.0%
INFO    |convergence                                 |            cMX_W_Cg: 100.0%
INFO    |convergence                                 |            cMY_W_Cg: 100.0%
INFO    |convergence                                 |            cMZ_W_Cg: 100.0%
INFO    |convergence                                 |        Chordwise Panels: 6
INFO    |convergence                                 |          Iteration number: 84/160
INFO    |_convergence_meshing                        |          Cached delta_time: 0.0167 s
INFO    |convergence                                 |          Starting simulation
INFO    |unsteady_ring_vortex_lattice_method         |            Solver completed in <time>
INFO    |convergence                                 |          Simulation completed in <time>
INFO    |convergence                                 |          Wake type convergence:
INFO    |convergence                                 |            cFX_W: 100.0%
INFO    |convergence                                 |            cFY_W: 100.0%
INFO    |convergence                                 |            cFZ_W: 100.0%
INFO    |convergence                                 |            cMX_W_Cg: 100.0%
INFO    |convergence                                 |            cMY_W_Cg: 100.0%
INFO    |convergence                                 |            cMZ_W_Cg: 100.0%
INFO    |convergence                                 |          Wake length convergence: not checked
INFO    |convergence                                 |          Panel aspect ratio convergence: not checked
INFO    |convergence                                 |          Number of chordwise Panels convergence:
INFO    |convergence                                 |            cFX_W: 100.0%
INFO    |convergence                                 |            cFY_W: 100.0%
INFO    |convergence                                 |            cFZ_W: 100.0%
INFO    |convergence                                 |            cMX_W_Cg: 100.0%
INFO    |convergence                                 |            cMY_W_Cg: 100.0%
INFO    |convergence                                 |            cMZ_W_Cg: 100.0%
INFO    |convergence                                 |      Panel aspect ratio: 3
INFO    |convergence                                 |        Chordwise Panels: 3
INFO    |convergence                                 |          Iteration number: 85/160
INFO    |_convergence_meshing                        |          Cached delta_time: 0.0334 s
INFO    |convergence                                 |          Starting simulation
INFO    |unsteady_ring_vortex_lattice_method         |            Solver completed in <time>
INFO    |convergence                                 |          Simulation completed in <time>
INFO    |convergence                                 |          Wake type convergence:
INFO    |convergence                                 |            cFX_W: 100.0%
INFO    |convergence                                 |            cFY_W: 100.0%
INFO    |convergence                                 |            cFZ_W: 100.0%
INFO    |convergence                                 |            cMX_W_Cg: 100.0%
INFO    |convergence                                 |            cMY_W_Cg: 100.0%
INFO    |convergence                                 |            cMZ_W_Cg: 100.0%
INFO    |convergence                                 |          Wake length convergence: not checked
INFO    |convergence                                 |          Panel aspect ratio convergence:
INFO    |convergence                                 |            cFX_W: 100.0%
INFO    |convergence                                 |            cFY_W: 100.0%
INFO    |convergence                                 |            cFZ_W: 47.09%
INFO    |convergence                                 |            cMX_W_Cg: 100.0%
INFO    |convergence                                 |            cMY_W_Cg: 69.92%
INFO    |convergence                                 |            cMZ_W_Cg: 100.0%
INFO    |convergence                                 |          Number of chordwise Panels convergence: not checked
INFO    |convergence                                 |        Chordwise Panels: 4
INFO    |convergence                                 |          Iteration number: 86/160
INFO    |_convergence_meshing                        |          Cached delta_time: 0.0250 s
INFO    |convergence                                 |          Starting simulation
INFO    |unsteady_ring_vortex_lattice_method         |            Solver completed in <time>
INFO    |convergence                                 |          Simulation completed in <time>
INFO    |convergence                                 |          Wake type convergence:
INFO    |convergence                                 |            cFX_W: 100.0%
INFO    |convergence                                 |            cFY_W: 100.0%
INFO    |convergence                                 |            cFZ_W: 100.0%
INFO    |convergence                                 |            cMX_W_Cg: 100.0%
INFO    |convergence                                 |            cMY_W_Cg: 100.0%
INFO    |convergence                                 |            cMZ_W_Cg: 100.0%
INFO    |convergence                                 |          Wake length convergence: not checked
INFO    |convergence                                 |          Panel aspect ratio convergence:
INFO    |convergence                                 |            cFX_W: 100.0%
INFO    |convergence                                 |            cFY_W: 100.0%
INFO    |convergence                                 |            cFZ_W: 76.67%
INFO    |convergence                                 |            cMX_W_Cg: 100.0%
INFO    |convergence                                 |            cMY_W_Cg: 100.0%
INFO    |convergence                                 |            cMZ_W_Cg: 100.0%
INFO    |convergence                                 |          Number of chordwise Panels convergence:
INFO    |convergence                                 |            cFX_W: 100.0%
INFO    |convergence                                 |            cFY_W: 100.0%
INFO    |convergence                                 |            cFZ_W: 100.0%
INFO    |convergence                                 |            cMX_W_Cg: 100.0%
INFO    |convergence                                 |            cMY_W_Cg: 100.0%
INFO    |convergence                                 |            cMZ_W_Cg: 100.0%
INFO    |convergence                                 |        Chordwise Panels: 5
INFO    |convergence                                 |          Iteration number: 87/160
INFO    |_convergence_meshing                        |          Cached delta_time: 0.0200 s
INFO    |convergence                                 |          Starting simulation
INFO    |unsteady_ring_vortex_lattice_method         |            Solver completed in <time>
INFO    |convergence                                 |          Simulation completed in <time>
INFO    |convergence                                 |          Wake type convergence:
INFO    |convergence                                 |            cFX_W: 100.0%
INFO    |convergence                                 |            cFY_W: 100.0%
INFO    |convergence                                 |            cFZ_W: 100.0%
INFO    |convergence                                 |            cMX_W_Cg: 100.0%
INFO    |convergence                                 |            cMY_W_Cg: 100.0%
INFO    |convergence                                 |            cMZ_W_Cg: 100.0%
INFO    |convergence                                 |          Wake length convergence: not checked
INFO    |convergence                                 |          Panel aspect ratio convergence:
INFO    |convergence                                 |            cFX_W: 100.0%
INFO    |convergence                                 |            cFY_W: 100.0%
INFO    |convergence                                 |            cFZ_W: 100.0%
INFO    |convergence                                 |            cMX_W_Cg: 100.0%
INFO    |convergence                                 |            cMY_W_Cg: 100.0%
INFO    |convergence                                 |            cMZ_W_Cg: 100.0%
INFO    |convergence                                 |          Number of chordwise Panels convergence:
INFO    |convergence                                 |            cFX_W: 100.0%
INFO    |convergence                                 |            cFY_W: 100.0%
INFO    |convergence                                 |            cFZ_W: 100.0%
INFO    |convergence                                 |            cMX_W_Cg: 100.0%
INFO    |convergence                                 |            cMY_W_Cg: 100.0%
INFO    |convergence                                 |            cMZ_W_Cg: 100.0%
INFO    |convergence                                 |        Chordwise Panels: 6
INFO    |convergence                                 |          Iteration number: 88/160
INFO    |_convergence_meshing                        |          Cached delta_time: 0.0167 s
INFO    |convergence                                 |          Starting simulation
INFO    |unsteady_ring_vortex_lattice_method         |            Solver completed in <time>
INFO    |convergence                                 |          Simulation completed in <time>
INFO    |convergence                                 |          Wake type convergence:
INFO    |convergence                                 |            cFX_W: 100.0%
INFO    |convergence                                 |            cFY_W: 100.0%
INFO    |convergence                                 |            cFZ_W: 100.0%
INFO    |convergence                                 |            cMX_W_Cg: 100.0%
INFO    |convergence                                 |            cMY_W_Cg: 100.0%
INFO    |convergence                                 |            cMZ_W_Cg: 100.0%
INFO    |convergence                                 |          Wake length convergence: not checked
INFO    |convergence                                 |          Panel aspect ratio convergence:
INFO    |convergence                                 |            cFX_W: 100.0%
INFO    |convergence                                 |            cFY_W: 100.0%
INFO    |convergence                                 |            cFZ_W: 100.0%
INFO    |convergence                                 |            cMX_W_Cg: 100.0%
INFO    |convergence                                 |            cMY_W_Cg: 100.0%
INFO    |convergence                                 |            cMZ_W_Cg: 100.0%
INFO    |convergence                                 |          Number of chordwise Panels convergence:
INFO    |convergence                                 |            cFX_W: 100.0%
INFO    |convergence                                 |            cFY_W: 100.0%
INFO    |convergence                                 |            cFZ_W: 100.0%
INFO    |convergence                                 |            cMX_W_Cg: 100.0%
INFO    |convergence                                 |            cMY_W_Cg: 100.0%
INFO    |convergence                                 |            cMZ_W_Cg: 100.0%
INFO    |convergence                                 |      Panel aspect ratio: 2
INFO    |convergence                                 |        Chordwise Panels: 3
INFO    |convergence                                 |          Iteration number: 89/160
INFO    |_convergence_meshing                        |          Cached delta_time: 0.0334 s
INFO    |convergence                                 |          Starting simulation
INFO    |unsteady_ring_vortex_lattice_method         |            Solver completed in <time>
INFO    |convergence                                 |          Simulation completed in <time>
INFO    |convergence                                 |          Wake type convergence:
INFO    |convergence                                 |            cFX_W: 100.0%
INFO    |convergence                                 |            cFY_W: 100.0%
INFO    |convergence                                 |            cFZ_W: 100.0%
INFO    |convergence                                 |            cMX_W_Cg: 100.0%
INFO    |convergence                                 |            cMY_W_Cg: 100.0%
INFO    |convergence                                 |            cMZ_W_Cg: 100.0%
INFO    |convergence                                 |          Wake length convergence: not checked
INFO    |convergence                                 |          Panel aspect ratio convergence:
INFO    |convergence                                 |            cFX_W: 100.0%
INFO    |convergence                                 |            cFY_W: 100.0%
INFO    |convergence                                 |            cFZ_W: 46.15%
INFO    |convergence                                 |            cMX_W_Cg: 100.0%
INFO    |convergence                                 |            cMY_W_Cg: 67.15%
INFO    |convergence                                 |            cMZ_W_Cg: 100.0%
INFO    |convergence                                 |          Number of chordwise Panels convergence: not checked
INFO    |convergence                                 |        Chordwise Panels: 4
INFO    |convergence                                 |          Iteration number: 90/160
INFO    |_convergence_meshing                        |          Cached delta_time: 0.0250 s
INFO    |convergence                                 |          Starting simulation
INFO    |unsteady_ring_vortex_lattice_method         |            Solver completed in <time>
INFO    |convergence                                 |          Simulation completed in <time>
INFO    |convergence                                 |          Wake type convergence:
INFO    |convergence                                 |            cFX_W: 100.0%
INFO    |convergence                                 |            cFY_W: 100.0%
INFO    |convergence                                 |            cFZ_W: 100.0%
INFO    |convergence                                 |            cMX_W_Cg: 100.0%
INFO    |convergence                                 |            cMY_W_Cg: 100.0%
INFO    |convergence                                 |            cMZ_W_Cg: 100.0%
INFO    |convergence                                 |          Wake length convergence: not checked
INFO    |convergence                                 |          Panel aspect ratio convergence:
INFO    |convergence                                 |            cFX_W: 100.0%
INFO    |convergence                                 |            cFY_W: 100.0%
INFO    |convergence                                 |            cFZ_W: 66.76%
INFO    |convergence                                 |            cMX_W_Cg: 100.0%
INFO    |convergence                                 |            cMY_W_Cg: 95.25%
INFO    |convergence                                 |            cMZ_W_Cg: 100.0%
INFO    |convergence                                 |          Number of chordwise Panels convergence:
INFO    |convergence                                 |            cFX_W: 100.0%
INFO    |convergence                                 |            cFY_W: 100.0%
INFO    |convergence                                 |            cFZ_W: 68.78%
INFO    |convergence                                 |            cMX_W_Cg: 100.0%
INFO    |convergence                                 |            cMY_W_Cg: 74.32%
INFO    |convergence                                 |            cMZ_W_Cg: 100.0%
INFO    |convergence                                 |        Chordwise Panels: 5
INFO    |convergence                                 |          Iteration number: 91/160
INFO    |_convergence_meshing                        |          Cached delta_time: 0.0200 s
INFO    |convergence                                 |          Starting simulation
INFO    |unsteady_ring_vortex_lattice_method         |            Solver completed in <time>
INFO    |convergence                                 |          Simulation completed in <time>
INFO    |convergence                                 |          Wake type convergence:
INFO    |convergence                                 |            cFX_W: 100.0%
INFO    |convergence                                 |            cFY_W: 100.0%
INFO    |convergence                                 |            cFZ_W: 100.0%
INFO    |convergence                                 |            cMX_W_Cg: 100.0%
INFO    |convergence                                 |            cMY_W_Cg: 100.0%
INFO    |convergence                                 |            cMZ_W_Cg: 100.0%
INFO    |convergence                                 |          Wake length convergence: not checked
INFO    |convergence                                 |          Panel aspect ratio convergence:
INFO    |convergence                                 |            cFX_W: 100.0%
INFO    |convergence                                 |            cFY_W: 100.0%
INFO    |convergence                                 |            cFZ_W: 68.72%
INFO    |convergence                                 |            cMX_W_Cg: 100.0%
INFO    |convergence                                 |            cMY_W_Cg: 97.13%
INFO    |convergence                                 |            cMZ_W_Cg: 100.0%
INFO    |convergence                                 |          Number of chordwise Panels convergence:
INFO    |convergence                                 |            cFX_W: 100.0%
INFO    |convergence                                 |            cFY_W: 100.0%
INFO    |convergence                                 |            cFZ_W: 100.0%
INFO    |convergence                                 |            cMX_W_Cg: 100.0%
INFO    |convergence                                 |            cMY_W_Cg: 100.0%
INFO    |convergence                                 |            cMZ_W_Cg: 100.0%
INFO    |convergence                                 |        Chordwise Panels: 6
INFO    |convergence                                 |          Iteration number: 92/160
INFO    |_convergence_meshing                        |          Cached delta_time: 0.0167 s
INFO    |convergence                                 |          Starting simulation
INFO    |unsteady_ring_vortex_lattice_method         |            Solver completed in <time>
INFO    |convergence                                 |          Simulation completed in <time>
INFO    |convergence                                 |          Wake type convergence:
INFO    |convergence                                 |            cFX_W: 100.0%
INFO    |convergence                                 |            cFY_W: 100.0%
INFO    |convergence                                 |            cFZ_W: 100.0%
INFO    |convergence                                 |            cMX_W_Cg: 100.0%
INFO    |convergence                                 |            cMY_W_Cg: 100.0%
INFO    |convergence                                 |            cMZ_W_Cg: 100.0%
INFO    |convergence                                 |          Wake length convergence: not checked
INFO    |convergence                                 |          Panel aspect ratio convergence:
INFO    |convergence                                 |            cFX_W: 100.0%
INFO    |convergence                                 |            cFY_W: 100.0%
INFO    |convergence                                 |            cFZ_W: 89.23%
INFO    |convergence                                 |            cMX_W_Cg: 100.0%
INFO    |convergence                                 |            cMY_W_Cg: 100.0%
INFO    |convergence                                 |            cMZ_W_Cg: 100.0%
INFO    |convergence                                 |          Number of chordwise Panels convergence:
INFO    |convergence                                 |            cFX_W: 100.0%
INFO    |convergence                                 |            cFY_W: 100.0%
INFO    |convergence                                 |            cFZ_W: 100.0%
INFO    |convergence                                 |            cMX_W_Cg: 100.0%
INFO    |convergence                                 |            cMY_W_Cg: 100.0%
INFO    |convergence                                 |            cMZ_W_Cg: 100.0%
INFO    |convergence                                 |      Panel aspect ratio: 1
INFO    |convergence                                 |        Chordwise Panels: 3
INFO    |convergence                                 |          Iteration number: 93/160
INFO    |_convergence_meshing                        |          Cached delta_time: 0.0334 s
INFO    |convergence                                 |          Starting simulation
INFO    |unsteady_ring_vortex_lattice_method         |            Solver completed in <time>
INFO    |convergence                                 |          Simulation completed in <time>
INFO    |convergence                                 |          Wake type convergence:
INFO    |convergence                                 |            cFX_W: 100.0%
INFO    |convergence                                 |            cFY_W: 100.0%
INFO    |convergence                                 |            cFZ_W: 100.0%
INFO    |convergence                                 |            cMX_W_Cg: 100.0%
INFO    |convergence                                 |            cMY_W_Cg: 100.0%
INFO    |convergence                                 |            cMZ_W_Cg: 100.0%
INFO    |convergence                                 |          Wake length convergence: not checked
INFO    |convergence                                 |          Panel aspect ratio convergence:
INFO    |convergence                                 |            cFX_W: 100.0%
INFO    |convergence                                 |            cFY_W: 100.0%
INFO    |convergence                                 |            cFZ_W: 57.08%
INFO    |convergence                                 |            cMX_W_Cg: 100.0%
INFO    |convergence                                 |            cMY_W_Cg: 81.89%
INFO    |convergence                                 |            cMZ_W_Cg: 100.0%
INFO    |convergence                                 |          Number of chordwise Panels convergence: not checked
INFO    |convergence                                 |        Chordwise Panels: 4
INFO    |convergence                                 |          Iteration number: 94/160
INFO    |_convergence_meshing                        |          Cached delta_time: 0.0250 s
INFO    |convergence                                 |          Starting simulation
INFO    |unsteady_ring_vortex_lattice_method         |            Solver completed in <time>
INFO    |convergence                                 |          Simulation completed in <time>
INFO    |convergence                                 |          Wake type convergence:
INFO    |convergence                                 |            cFX_W: 100.0%
INFO    |convergence                                 |            cFY_W: 100.0%
INFO    |convergence                                 |            cFZ_W: 100.0%
INFO    |convergence                                 |            cMX_W_Cg: 100.0%
INFO    |convergence                                 |            cMY_W_Cg: 100.0%
INFO    |convergence                                 |            cMZ_W_Cg: 100.0%
INFO    |convergence                                 |          Wake length convergence: not checked
INFO    |convergence                                 |          Panel aspect ratio convergence:
INFO    |convergence                                 |            cFX_W: 100.0%
INFO    |convergence                                 |            cFY_W: 100.0%
INFO    |convergence                                 |            cFZ_W: 58.00%
INFO    |convergence                                 |            cMX_W_Cg: 100.0%
INFO    |convergence                                 |            cMY_W_Cg: 82.15%
INFO    |convergence                                 |            cMZ_W_Cg: 100.0%
INFO    |convergence                                 |          Number of chordwise Panels convergence:
INFO    |convergence                                 |            cFX_W: 100.0%
INFO    |convergence                                 |            cFY_W: 100.0%
INFO    |convergence                                 |            cFZ_W: 67.49%
INFO    |convergence                                 |            cMX_W_Cg: 100.0%
INFO    |convergence                                 |            cMY_W_Cg: 74.12%
INFO    |convergence                                 |            cMZ_W_Cg: 100.0%
INFO    |convergence                                 |        Chordwise Panels: 5
INFO    |convergence                                 |          Iteration number: 95/160
INFO    |_convergence_meshing                        |          Cached delta_time: 0.0200 s
INFO    |convergence                                 |          Starting simulation
INFO    |unsteady_ring_vortex_lattice_method         |            Solver completed in <time>
INFO    |convergence                                 |          Simulation completed in <time>
INFO    |convergence                                 |          Wake type convergence:
INFO    |convergence                                 |            cFX_W: 100.0%
INFO    |convergence                                 |            cFY_W: 100.0%
INFO    |convergence                                 |            cFZ_W: 100.0%
INFO    |convergence                                 |            cMX_W_Cg: 100.0%
INFO    |convergence                                 |            cMY_W_Cg: 100.0%
INFO    |convergence                                 |            cMZ_W_Cg: 100.0%
INFO    |convergence                                 |          Wake length convergence: not checked
INFO    |convergence                                 |          Panel aspect ratio convergence:
INFO    |convergence                                 |            cFX_W: 100.0%
INFO    |convergence                                 |            cFY_W: 100.0%
INFO    |convergence                                 |            cFZ_W: 78.99%
INFO    |convergence                                 |            cMX_W_Cg: 100.0%
INFO    |convergence                                 |            cMY_W_Cg: 100.0%
INFO    |convergence                                 |            cMZ_W_Cg: 100.0%
INFO    |convergence                                 |          Number of chordwise Panels convergence:
INFO    |convergence                                 |            cFX_W: 100.0%
INFO    |convergence                                 |            cFY_W: 100.0%
INFO    |convergence                                 |            cFZ_W: 100.0%
INFO    |convergence                                 |            cMX_W_Cg: 100.0%
INFO    |convergence                                 |            cMY_W_Cg: 100.0%
INFO    |convergence                                 |            cMZ_W_Cg: 100.0%
INFO    |convergence                                 |        Chordwise Panels: 6
INFO    |convergence                                 |          Iteration number: 96/160
INFO    |_convergence_meshing                        |          Cached delta_time: 0.0167 s
INFO    |convergence                                 |          Starting simulation
INFO    |unsteady_ring_vortex_lattice_method         |            Solver completed in <time>
INFO    |convergence                                 |          Simulation completed in <time>
INFO    |convergence                                 |          Wake type convergence:
INFO    |convergence                                 |            cFX_W: 100.0%
INFO    |convergence                                 |            cFY_W: 100.0%
INFO    |convergence                                 |            cFZ_W: 100.0%
INFO    |convergence                                 |            cMX_W_Cg: 100.0%
INFO    |convergence                                 |            cMY_W_Cg: 100.0%
INFO    |convergence                                 |            cMZ_W_Cg: 100.0%
INFO    |convergence                                 |          Wake length convergence: not checked
INFO    |convergence                                 |          Panel aspect ratio convergence:
INFO    |convergence                                 |            cFX_W: 100.0%
INFO    |convergence                                 |            cFY_W: 100.0%
INFO    |convergence                                 |            cFZ_W: 81.48%
INFO    |convergence                                 |            cMX_W_Cg: 100.0%
INFO    |convergence                                 |            cMY_W_Cg: 100.0%
INFO    |convergence                                 |            cMZ_W_Cg: 100.0%
INFO    |convergence                                 |          Number of chordwise Panels convergence:
INFO    |convergence                                 |            cFX_W: 100.0%
INFO    |convergence                                 |            cFY_W: 100.0%
INFO    |convergence                                 |            cFZ_W: 100.0%
INFO    |convergence                                 |            cMX_W_Cg: 100.0%
INFO    |convergence                                 |            cMY_W_Cg: 100.0%
INFO    |convergence                                 |            cMZ_W_Cg: 100.0%
INFO    |convergence                                 |    Chord lengths: 5
INFO    |convergence                                 |      Panel aspect ratio: 4
INFO    |convergence                                 |        Chordwise Panels: 3
INFO    |convergence                                 |          Iteration number: 97/160
INFO    |_convergence_meshing                        |          Cached delta_time: 0.0334 s
INFO    |convergence                                 |          Starting simulation
INFO    |unsteady_ring_vortex_lattice_method         |            Solver completed in <time>
INFO    |convergence                                 |          Simulation completed in <time>
INFO    |convergence                                 |          Wake type convergence:
INFO    |convergence                                 |            cFX_W: 100.0%
INFO    |convergence                                 |            cFY_W: 100.0%
INFO    |convergence                                 |            cFZ_W: 100.0%
INFO    |convergence                                 |            cMX_W_Cg: 100.0%
INFO    |convergence                                 |            cMY_W_Cg: 100.0%
INFO    |convergence                                 |            cMZ_W_Cg: 100.0%
INFO    |convergence                                 |          Wake length convergence:
INFO    |convergence                                 |            cFX_W: 100.0%
INFO    |convergence                                 |            cFY_W: 100.0%
INFO    |convergence                                 |            cFZ_W: 69.44%
INFO    |convergence                                 |            cMX_W_Cg: 100.0%
INFO    |convergence                                 |            cMY_W_Cg: 93.52%
INFO    |convergence                                 |            cMZ_W_Cg: 100.0%
INFO    |convergence                                 |          Panel aspect ratio convergence: not checked
INFO    |convergence                                 |          Number of chordwise Panels convergence: not checked
INFO    |convergence                                 |        Chordwise Panels: 4
INFO    |convergence                                 |          Iteration number: 98/160
INFO    |_convergence_meshing                        |          Cached delta_time: 0.0250 s
INFO    |convergence                                 |          Starting simulation
INFO    |unsteady_ring_vortex_lattice_method         |            Solver completed in <time>
INFO    |convergence                                 |          Simulation completed in <time>
INFO    |convergence                                 |          Wake type convergence:
INFO    |convergence                                 |            cFX_W: 100.0%
INFO    |convergence                                 |            cFY_W: 100.0%
INFO    |convergence                                 |            cFZ_W: 100.0%
INFO    |convergence                                 |            cMX_W_Cg: 100.0%
INFO    |convergence                                 |            cMY_W_Cg: 100.0%
INFO    |convergence                                 |            cMZ_W_Cg: 100.0%
INFO    |convergence                                 |          Wake length convergence:
INFO    |convergence                                 |            cFX_W: 100.0%
INFO    |convergence                                 |            cFY_W: 100.0%
INFO    |convergence                                 |            cFZ_W: 76.14%
INFO    |convergence                                 |            cMX_W_Cg: 100.0%
INFO    |convergence                                 |            cMY_W_Cg: 100.0%
INFO    |convergence                                 |            cMZ_W_Cg: 100.0%
INFO    |convergence                                 |          Panel aspect ratio convergence: not checked
INFO    |convergence                                 |          Number of chordwise Panels convergence:
INFO    |convergence                                 |            cFX_W: 100.0%
INFO    |convergence                                 |            cFY_W: 100.0%
INFO    |convergence                                 |            cFZ_W: 100.0%
INFO    |convergence                                 |            cMX_W_Cg: 100.0%
INFO    |convergence                                 |            cMY_W_Cg: 100.0%
INFO    |convergence                                 |            cMZ_W_Cg: 100.0%
INFO    |convergence                                 |        Chordwise Panels: 5
INFO    |convergence                                 |          Iteration number: 99/160
INFO    |_convergence_meshing                        |          Cached delta_time: 0.0200 s
INFO    |convergence                                 |          Starting simulation
INFO    |unsteady_ring_vortex_lattice_method         |            Solver completed in <time>
INFO    |convergence                                 |          Simulation completed in <time>
INFO    |convergence                                 |          Wake type convergence:
INFO    |convergence                                 |            cFX_W: 100.0%
INFO    |convergence                                 |            cFY_W: 100.0%
INFO    |convergence                                 |            cFZ_W: 100.0%
INFO    |convergence                                 |            cMX_W_Cg: 100.0%
INFO    |convergence                                 |            cMY_W_Cg: 100.0%
INFO    |convergence                                 |            cMZ_W_Cg: 100.0%
INFO    |convergence                                 |          Wake length convergence:
INFO    |convergence                                 |            cFX_W: 100.0%
INFO    |convergence                                 |            cFY_W: 100.0%
INFO    |convergence                                 |            cFZ_W: 80.75%
INFO    |convergence                                 |            cMX_W_Cg: 100.0%
INFO    |convergence                                 |            cMY_W_Cg: 100.0%
INFO    |convergence                                 |            cMZ_W_Cg: 100.0%
INFO    |convergence                                 |          Panel aspect ratio convergence: not checked
INFO    |convergence                                 |          Number of chordwise Panels convergence:
INFO    |convergence                                 |            cFX_W: 100.0%
INFO    |convergence                                 |            cFY_W: 100.0%
INFO    |convergence                                 |            cFZ_W: 100.0%
INFO    |convergence                                 |            cMX_W_Cg: 100.0%
INFO    |convergence                                 |            cMY_W_Cg: 100.0%
INFO    |convergence                                 |            cMZ_W_Cg: 100.0%
INFO    |convergence                                 |        Chordwise Panels: 6
INFO    |convergence                                 |          Iteration number: 100/160
INFO    |_convergence_meshing                        |          Cached delta_time: 0.0167 s
INFO    |convergence                                 |          Starting simulation
INFO    |unsteady_ring_vortex_lattice_method         |            Solver completed in <time>
INFO    |convergence                                 |          Simulation completed in <time>
INFO    |convergence                                 |          Wake type convergence:
INFO    |convergence                                 |            cFX_W: 100.0%
INFO    |convergence                                 |            cFY_W: 100.0%
INFO    |convergence                                 |            cFZ_W: 100.0%
INFO    |convergence                                 |            cMX_W_Cg: 100.0%
INFO    |convergence                                 |            cMY_W_Cg: 100.0%
INFO    |convergence                                 |            cMZ_W_Cg: 100.0%
INFO    |convergence                                 |          Wake length convergence:
INFO    |convergence                                 |            cFX_W: 100.0%
INFO    |convergence                                 |            cFY_W: 100.0%
INFO    |convergence                                 |            cFZ_W: 84.29%
INFO    |convergence                                 |            cMX_W_Cg: 100.0%
INFO    |convergence                                 |            cMY_W_Cg: 100.0%
INFO    |convergence                                 |            cMZ_W_Cg: 100.0%
INFO    |convergence                                 |          Panel aspect ratio convergence: not checked
INFO    |convergence                                 |          Number of chordwise Panels convergence:
INFO    |convergence                                 |            cFX_W: 100.0%
INFO    |convergence                                 |            cFY_W: 100.0%
INFO    |convergence                                 |            cFZ_W: 100.0%
INFO    |convergence                                 |            cMX_W_Cg: 100.0%
INFO    |convergence                                 |            cMY_W_Cg: 100.0%
INFO    |convergence                                 |            cMZ_W_Cg: 100.0%
INFO    |convergence                                 |      Panel aspect ratio: 3
INFO    |convergence                                 |        Chordwise Panels: 3
INFO    |convergence                                 |          Iteration number: 101/160
INFO    |_convergence_meshing                        |          Cached delta_time: 0.0334 s
INFO    |convergence                                 |          Starting simulation
INFO    |unsteady_ring_vortex_lattice_method         |            Solver completed in <time>
INFO    |convergence                                 |          Simulation completed in <time>
INFO    |convergence                                 |          Wake type convergence:
INFO    |convergence                                 |            cFX_W: 100.0%
INFO    |convergence                                 |            cFY_W: 100.0%
INFO    |convergence                                 |            cFZ_W: 100.0%
INFO    |convergence                                 |            cMX_W_Cg: 100.0%
INFO    |convergence                                 |            cMY_W_Cg: 100.0%
INFO    |convergence                                 |            cMZ_W_Cg: 100.0%
INFO    |convergence                                 |          Wake length convergence:
INFO    |convergence                                 |            cFX_W: 100.0%
INFO    |convergence                                 |            cFY_W: 100.0%
INFO    |convergence                                 |            cFZ_W: 72.13%
INFO    |convergence                                 |            cMX_W_Cg: 100.0%
INFO    |convergence                                 |            cMY_W_Cg: 97.85%
INFO    |convergence                                 |            cMZ_W_Cg: 100.0%
INFO    |convergence                                 |          Panel aspect ratio convergence:
INFO    |convergence                                 |            cFX_W: 100.0%
INFO    |convergence                                 |            cFY_W: 100.0%
INFO    |convergence                                 |            cFZ_W: 45.94%
INFO    |convergence                                 |            cMX_W_Cg: 100.0%
INFO    |convergence                                 |            cMY_W_Cg: 67.69%
INFO    |convergence                                 |            cMZ_W_Cg: 100.0%
INFO    |convergence                                 |          Number of chordwise Panels convergence: not checked
INFO    |convergence                                 |        Chordwise Panels: 4
INFO    |convergence                                 |          Iteration number: 102/160
INFO    |_convergence_meshing                        |          Cached delta_time: 0.0250 s
INFO    |convergence                                 |          Starting simulation
INFO    |unsteady_ring_vortex_lattice_method         |            Solver completed in <time>
INFO    |convergence                                 |          Simulation completed in <time>
INFO    |convergence                                 |          Wake type convergence:
INFO    |convergence                                 |            cFX_W: 100.0%
INFO    |convergence                                 |            cFY_W: 100.0%
INFO    |convergence                                 |            cFZ_W: 100.0%
INFO    |convergence                                 |            cMX_W_Cg: 100.0%
INFO    |convergence                                 |            cMY_W_Cg: 100.0%
INFO    |convergence                                 |            cMZ_W_Cg: 100.0%
INFO    |convergence                                 |          Wake length convergence:
INFO    |convergence                                 |            cFX_W: 100.0%
INFO    |convergence                                 |            cFY_W: 100.0%
INFO    |convergence                                 |            cFZ_W: 77.66%
INFO    |convergence                                 |            cMX_W_Cg: 100.0%
INFO    |convergence                                 |            cMY_W_Cg: 100.0%
INFO    |convergence                                 |            cMZ_W_Cg: 100.0%
INFO    |convergence                                 |          Panel aspect ratio convergence:
INFO    |convergence                                 |            cFX_W: 100.0%
INFO    |convergence                                 |            cFY_W: 100.0%
INFO    |convergence                                 |            cFZ_W: 75.19%
INFO    |convergence                                 |            cMX_W_Cg: 100.0%
INFO    |convergence                                 |            cMY_W_Cg: 100.0%
INFO    |convergence                                 |            cMZ_W_Cg: 100.0%
INFO    |convergence                                 |          Number of chordwise Panels convergence:
INFO    |convergence                                 |            cFX_W: 100.0%
INFO    |convergence                                 |            cFY_W: 100.0%
INFO    |convergence                                 |            cFZ_W: 100.0%
INFO    |convergence                                 |            cMX_W_Cg: 100.0%
INFO    |convergence                                 |            cMY_W_Cg: 100.0%
INFO    |convergence                                 |            cMZ_W_Cg: 100.0%
INFO    |convergence                                 |        Chordwise Panels: 5
INFO    |convergence                                 |          Iteration number: 103/160
INFO    |_convergence_meshing                        |          Cached delta_time: 0.0200 s
INFO    |convergence                                 |          Starting simulation
INFO    |unsteady_ring_vortex_lattice_method         |            Solver completed in <time>
INFO    |convergence                                 |          Simulation completed in <time>
INFO    |convergence                                 |          Wake type convergence:
INFO    |convergence                                 |            cFX_W: 100.0%
INFO    |convergence                                 |            cFY_W: 100.0%
INFO    |convergence                                 |            cFZ_W: 100.0%
INFO    |convergence                                 |            cMX_W_Cg: 100.0%
INFO    |convergence                                 |            cMY_W_Cg: 100.0%
INFO    |convergence                                 |            cMZ_W_Cg: 100.0%
INFO    |convergence                                 |          Wake length convergence:
INFO    |convergence                                 |            cFX_W: 100.0%
INFO    |convergence                                 |            cFY_W: 100.0%
INFO    |convergence                                 |            cFZ_W: 81.73%
INFO    |convergence                                 |            cMX_W_Cg: 100.0%
INFO    |convergence                                 |            cMY_W_Cg: 100.0%
INFO    |convergence                                 |            cMZ_W_Cg: 100.0%
INFO    |convergence                                 |          Panel aspect ratio convergence:
INFO    |convergence                                 |            cFX_W: 100.0%
INFO    |convergence                                 |            cFY_W: 100.0%
INFO    |convergence                                 |            cFZ_W: 100.0%
INFO    |convergence                                 |            cMX_W_Cg: 100.0%
INFO    |convergence                                 |            cMY_W_Cg: 100.0%
INFO    |convergence                                 |            cMZ_W_Cg: 100.0%
INFO    |convergence                                 |          Number of chordwise Panels convergence:
INFO    |convergence                                 |            cFX_W: 100.0%
INFO    |convergence                                 |            cFY_W: 100.0%
INFO    |convergence                                 |            cFZ_W: 100.0%
INFO    |convergence                                 |            cMX_W_Cg: 100.0%
INFO    |convergence                                 |            cMY_W_Cg: 100.0%
INFO    |convergence                                 |            cMZ_W_Cg: 100.0%
INFO    |convergence                                 |        Chordwise Panels: 6
INFO    |convergence                                 |          Iteration number: 104/160
INFO    |_convergence_meshing                        |          Cached delta_time: 0.0167 s
INFO    |convergence                                 |          Starting simulation
INFO    |unsteady_ring_vortex_lattice_method         |            Solver completed in <time>
INFO    |convergence                                 |          Simulation completed in <time>
INFO    |convergence                                 |          Wake type convergence:
INFO    |convergence                                 |            cFX_W: 100.0%
INFO    |convergence                                 |            cFY_W: 100.0%
INFO    |convergence                                 |            cFZ_W: 100.0%
INFO    |convergence                                 |            cMX_W_Cg: 100.0%
INFO    |convergence                                 |            cMY_W_Cg: 100.0%
INFO    |convergence                                 |            cMZ_W_Cg: 100.0%
INFO    |convergence                                 |          Wake length convergence:
INFO    |convergence                                 |            cFX_W: 100.0%
INFO    |convergence                                 |            cFY_W: 100.0%
INFO    |convergence                                 |            cFZ_W: 84.96%
INFO    |convergence                                 |            cMX_W_Cg: 100.0%
INFO    |convergence                                 |            cMY_W_Cg: 100.0%
INFO    |convergence                                 |            cMZ_W_Cg: 100.0%
INFO    |convergence                                 |          Panel aspect ratio convergence:
INFO    |convergence                                 |            cFX_W: 100.0%
INFO    |convergence                                 |            cFY_W: 100.0%
INFO    |convergence                                 |            cFZ_W: 100.0%
INFO    |convergence                                 |            cMX_W_Cg: 100.0%
INFO    |convergence                                 |            cMY_W_Cg: 100.0%
INFO    |convergence                                 |            cMZ_W_Cg: 100.0%
INFO    |convergence                                 |          Number of chordwise Panels convergence:
INFO    |convergence                                 |            cFX_W: 100.0%
INFO    |convergence                                 |            cFY_W: 100.0%
INFO    |convergence                                 |            cFZ_W: 100.0%
INFO    |convergence                                 |            cMX_W_Cg: 100.0%
INFO    |convergence                                 |            cMY_W_Cg: 100.0%
INFO    |convergence                                 |            cMZ_W_Cg: 100.0%
INFO    |convergence                                 |      Panel aspect ratio: 2
INFO    |convergence                                 |        Chordwise Panels: 3
INFO    |convergence                                 |          Iteration number: 105/160
INFO    |_convergence_meshing                        |          Cached delta_time: 0.0334 s
INFO    |convergence                                 |          Starting simulation
INFO    |unsteady_ring_vortex_lattice_method         |            Solver completed in <time>
INFO    |convergence                                 |          Simulation completed in <time>
INFO    |convergence                                 |          Wake type convergence:
INFO    |convergence                                 |            cFX_W: 100.0%
INFO    |convergence                                 |            cFY_W: 100.0%
INFO    |convergence                                 |            cFZ_W: 100.0%
INFO    |convergence                                 |            cMX_W_Cg: 100.0%
INFO    |convergence                                 |            cMY_W_Cg: 100.0%
INFO    |convergence                                 |            cMZ_W_Cg: 100.0%
INFO    |convergence                                 |          Wake length convergence:
INFO    |convergence                                 |            cFX_W: 100.0%
INFO    |convergence                                 |            cFY_W: 100.0%
INFO    |convergence                                 |            cFZ_W: 74.47%
INFO    |convergence                                 |            cMX_W_Cg: 100.0%
INFO    |convergence                                 |            cMY_W_Cg: 100.0%
INFO    |convergence                                 |            cMZ_W_Cg: 100.0%
INFO    |convergence                                 |          Panel aspect ratio convergence:
INFO    |convergence                                 |            cFX_W: 100.0%
INFO    |convergence                                 |            cFY_W: 100.0%
INFO    |convergence                                 |            cFZ_W: 45.25%
INFO    |convergence                                 |            cMX_W_Cg: 100.0%
INFO    |convergence                                 |            cMY_W_Cg: 65.47%
INFO    |convergence                                 |            cMZ_W_Cg: 100.0%
INFO    |convergence                                 |          Number of chordwise Panels convergence: not checked
INFO    |convergence                                 |        Chordwise Panels: 4
INFO    |convergence                                 |          Iteration number: 106/160
INFO    |_convergence_meshing                        |          Cached delta_time: 0.0250 s
INFO    |convergence                                 |          Starting simulation
INFO    |unsteady_ring_vortex_lattice_method         |            Solver completed in <time>
INFO    |convergence                                 |          Simulation completed in <time>
INFO    |convergence                                 |          Wake type convergence:
INFO    |convergence                                 |            cFX_W: 100.0%
INFO    |convergence                                 |            cFY_W: 100.0%
INFO    |convergence                                 |            cFZ_W: 100.0%
INFO    |convergence                                 |            cMX_W_Cg: 100.0%
INFO    |convergence                                 |            cMY_W_Cg: 100.0%
INFO    |convergence                                 |            cMZ_W_Cg: 100.0%
INFO    |convergence                                 |          Wake length convergence:
INFO    |convergence                                 |            cFX_W: 100.0%
INFO    |convergence                                 |            cFY_W: 100.0%
INFO    |convergence                                 |            cFZ_W: 79.23%
INFO    |convergence                                 |            cMX_W_Cg: 100.0%
INFO    |convergence                                 |            cMY_W_Cg: 100.0%
INFO    |convergence                                 |            cMZ_W_Cg: 100.0%
INFO    |convergence                                 |          Panel aspect ratio convergence:
INFO    |convergence                                 |            cFX_W: 100.0%
INFO    |convergence                                 |            cFY_W: 100.0%
INFO    |convergence                                 |            cFZ_W: 65.64%
INFO    |convergence                                 |            cMX_W_Cg: 100.0%
INFO    |convergence                                 |            cMY_W_Cg: 93.37%
INFO    |convergence                                 |            cMZ_W_Cg: 100.0%
INFO    |convergence                                 |          Number of chordwise Panels convergence:
INFO    |convergence                                 |            cFX_W: 100.0%
INFO    |convergence                                 |            cFY_W: 100.0%
INFO    |convergence                                 |            cFZ_W: 72.82%
INFO    |convergence                                 |            cMX_W_Cg: 100.0%
INFO    |convergence                                 |            cMY_W_Cg: 82.84%
INFO    |convergence                                 |            cMZ_W_Cg: 100.0%
INFO    |convergence                                 |        Chordwise Panels: 5
INFO    |convergence                                 |          Iteration number: 107/160
INFO    |_convergence_meshing                        |          Cached delta_time: 0.0200 s
INFO    |convergence                                 |          Starting simulation
INFO    |unsteady_ring_vortex_lattice_method         |            Solver completed in <time>
INFO    |convergence                                 |          Simulation completed in <time>
INFO    |convergence                                 |          Wake type convergence:
INFO    |convergence                                 |            cFX_W: 100.0%
INFO    |convergence                                 |            cFY_W: 100.0%
INFO    |convergence                                 |            cFZ_W: 100.0%
INFO    |convergence                                 |            cMX_W_Cg: 100.0%
INFO    |convergence                                 |            cMY_W_Cg: 100.0%
INFO    |convergence                                 |            cMZ_W_Cg: 100.0%
INFO    |convergence                                 |          Wake length convergence:
INFO    |convergence                                 |            cFX_W: 100.0%
INFO    |convergence                                 |            cFY_W: 100.0%
INFO    |convergence                                 |            cFZ_W: 83.21%
INFO    |convergence                                 |            cMX_W_Cg: 100.0%
INFO    |convergence                                 |            cMY_W_Cg: 100.0%
INFO    |convergence                                 |            cMZ_W_Cg: 100.0%
INFO    |convergence                                 |          Panel aspect ratio convergence:
INFO    |convergence                                 |            cFX_W: 100.0%
INFO    |convergence                                 |            cFY_W: 100.0%
INFO    |convergence                                 |            cFZ_W: 67.71%
INFO    |convergence                                 |            cMX_W_Cg: 100.0%
INFO    |convergence                                 |            cMY_W_Cg: 95.54%
INFO    |convergence                                 |            cMZ_W_Cg: 100.0%
INFO    |convergence                                 |          Number of chordwise Panels convergence:
INFO    |convergence                                 |            cFX_W: 100.0%
INFO    |convergence                                 |            cFY_W: 100.0%
INFO    |convergence                                 |            cFZ_W: 100.0%
INFO    |convergence                                 |            cMX_W_Cg: 100.0%
INFO    |convergence                                 |            cMY_W_Cg: 100.0%
INFO    |convergence                                 |            cMZ_W_Cg: 100.0%
INFO    |convergence                                 |        Chordwise Panels: 6
INFO    |convergence                                 |          Iteration number: 108/160
INFO    |_convergence_meshing                        |          Cached delta_time: 0.0167 s
INFO    |convergence                                 |          Starting simulation
INFO    |unsteady_ring_vortex_lattice_method         |            Solver completed in <time>
INFO    |convergence                                 |          Simulation completed in <time>
INFO    |convergence                                 |          Wake type convergence:
INFO    |convergence                                 |            cFX_W: 100.0%
INFO    |convergence                                 |            cFY_W: 100.0%
INFO    |convergence                                 |            cFZ_W: 100.0%
INFO    |convergence                                 |            cMX_W_Cg: 100.0%
INFO    |convergence                                 |            cMY_W_Cg: 100.0%
INFO    |convergence                                 |            cMZ_W_Cg: 100.0%
INFO    |convergence                                 |          Wake length convergence:
INFO    |convergence                                 |            cFX_W: 100.0%
INFO    |convergence                                 |            cFY_W: 100.0%
INFO    |convergence                                 |            cFZ_W: 86.10%
INFO    |convergence                                 |            cMX_W_Cg: 100.0%
INFO    |convergence                                 |            cMY_W_Cg: 100.0%
INFO    |convergence                                 |            cMZ_W_Cg: 100.0%
INFO    |convergence                                 |          Panel aspect ratio convergence:
INFO    |convergence                                 |            cFX_W: 100.0%
INFO    |convergence                                 |            cFY_W: 100.0%
INFO    |convergence                                 |            cFZ_W: 88.01%
INFO    |convergence                                 |            cMX_W_Cg: 100.0%
INFO    |convergence                                 |            cMY_W_Cg: 100.0%
INFO    |convergence                                 |            cMZ_W_Cg: 100.0%
INFO    |convergence                                 |          Number of chordwise Panels convergence:
INFO    |convergence                                 |            cFX_W: 100.0%
INFO    |convergence                                 |            cFY_W: 100.0%
INFO    |convergence                                 |            cFZ_W: 100.0%
INFO    |convergence                                 |            cMX_W_Cg: 100.0%
INFO    |convergence                                 |            cMY_W_Cg: 100.0%
INFO    |convergence                                 |            cMZ_W_Cg: 100.0%
INFO    |convergence                                 |      Panel aspect ratio: 1
INFO    |convergence                                 |        Chordwise Panels: 3
INFO    |convergence                                 |          Iteration number: 109/160
INFO    |_convergence_meshing                        |          Cached delta_time: 0.0334 s
INFO    |convergence                                 |          Starting simulation
INFO    |unsteady_ring_vortex_lattice_method         |            Solver completed in <time>
INFO    |convergence                                 |          Simulation completed in <time>
INFO    |convergence                                 |          Wake type convergence:
INFO    |convergence                                 |            cFX_W: 100.0%
INFO    |convergence                                 |            cFY_W: 100.0%
INFO    |convergence                                 |            cFZ_W: 100.0%
INFO    |convergence                                 |            cMX_W_Cg: 100.0%
INFO    |convergence                                 |            cMY_W_Cg: 100.0%
INFO    |convergence                                 |            cMZ_W_Cg: 100.0%
INFO    |convergence                                 |          Wake length convergence:
INFO    |convergence                                 |            cFX_W: 100.0%
INFO    |convergence                                 |            cFY_W: 100.0%
INFO    |convergence                                 |            cFZ_W: 76.09%
INFO    |convergence                                 |            cMX_W_Cg: 100.0%
INFO    |convergence                                 |            cMY_W_Cg: 100.0%
INFO    |convergence                                 |            cMZ_W_Cg: 100.0%
INFO    |convergence                                 |          Panel aspect ratio convergence:
INFO    |convergence                                 |            cFX_W: 100.0%
INFO    |convergence                                 |            cFY_W: 100.0%
INFO    |convergence                                 |            cFZ_W: 56.17%
INFO    |convergence                                 |            cMX_W_Cg: 100.0%
INFO    |convergence                                 |            cMY_W_Cg: 80.24%
INFO    |convergence                                 |            cMZ_W_Cg: 100.0%
INFO    |convergence                                 |          Number of chordwise Panels convergence: not checked
INFO    |convergence                                 |        Chordwise Panels: 4
INFO    |convergence                                 |          Iteration number: 110/160
INFO    |_convergence_meshing                        |          Cached delta_time: 0.0250 s
INFO    |convergence                                 |          Starting simulation
INFO    |unsteady_ring_vortex_lattice_method         |            Solver completed in <time>
INFO    |convergence                                 |          Simulation completed in <time>
INFO    |convergence                                 |          Wake type convergence:
INFO    |convergence                                 |            cFX_W: 100.0%
INFO    |convergence                                 |            cFY_W: 100.0%
INFO    |convergence                                 |            cFZ_W: 100.0%
INFO    |convergence                                 |            cMX_W_Cg: 100.0%
INFO    |convergence                                 |            cMY_W_Cg: 100.0%
INFO    |convergence                                 |            cMZ_W_Cg: 100.0%
INFO    |convergence                                 |          Wake length convergence:
INFO    |convergence                                 |            cFX_W: 100.0%
INFO    |convergence                                 |            cFY_W: 100.0%
INFO    |convergence                                 |            cFZ_W: 80.84%
INFO    |convergence                                 |            cMX_W_Cg: 100.0%
INFO    |convergence                                 |            cMY_W_Cg: 100.0%
INFO    |convergence                                 |            cMZ_W_Cg: 100.0%
INFO    |convergence                                 |          Panel aspect ratio convergence:
INFO    |convergence                                 |            cFX_W: 100.0%
INFO    |convergence                                 |            cFY_W: 100.0%
INFO    |convergence                                 |            cFZ_W: 57.17%
INFO    |convergence                                 |            cMX_W_Cg: 100.0%
INFO    |convergence                                 |            cMY_W_Cg: 80.80%
INFO    |convergence                                 |            cMZ_W_Cg: 100.0%
INFO    |convergence                                 |          Number of chordwise Panels convergence:
INFO    |convergence                                 |            cFX_W: 100.0%
INFO    |convergence                                 |            cFY_W: 100.0%
INFO    |convergence                                 |            cFZ_W: 71.19%
INFO    |convergence                                 |            cMX_W_Cg: 100.0%
INFO    |convergence                                 |            cMY_W_Cg: 82.25%
INFO    |convergence                                 |            cMZ_W_Cg: 100.0%
INFO    |convergence                                 |        Chordwise Panels: 5
INFO    |convergence                                 |          Iteration number: 111/160
INFO    |_convergence_meshing                        |          Cached delta_time: 0.0200 s
INFO    |convergence                                 |          Starting simulation
INFO    |unsteady_ring_vortex_lattice_method         |            Solver completed in <time>
INFO    |convergence                                 |          Simulation completed in <time>
INFO    |convergence                                 |          Wake type convergence:
INFO    |convergence                                 |            cFX_W: 100.0%
INFO    |convergence                                 |            cFY_W: 100.0%
INFO    |convergence                                 |            cFZ_W: 100.0%
INFO    |convergence                                 |            cMX_W_Cg: 100.0%
INFO    |convergence                                 |            cMY_W_Cg: 100.0%
INFO    |convergence                                 |            cMZ_W_Cg: 100.0%
INFO    |convergence                                 |          Wake length convergence:
INFO    |convergence                                 |            cFX_W: 100.0%
INFO    |convergence                                 |            cFY_W: 100.0%
INFO    |convergence                                 |            cFZ_W: 84.40%
INFO    |convergence                                 |            cMX_W_Cg: 100.0%
INFO    |convergence                                 |            cMY_W_Cg: 100.0%
INFO    |convergence                                 |            cMZ_W_Cg: 100.0%
INFO    |convergence                                 |          Panel aspect ratio convergence:
INFO    |convergence                                 |            cFX_W: 100.0%
INFO    |convergence                                 |            cFY_W: 100.0%
INFO    |convergence                                 |            cFZ_W: 77.95%
INFO    |convergence                                 |            cMX_W_Cg: 100.0%
INFO    |convergence                                 |            cMY_W_Cg: 100.0%
INFO    |convergence                                 |            cMZ_W_Cg: 100.0%
INFO    |convergence                                 |          Number of chordwise Panels convergence:
INFO    |convergence                                 |            cFX_W: 100.0%
INFO    |convergence                                 |            cFY_W: 100.0%
INFO    |convergence                                 |            cFZ_W: 100.0%
INFO    |convergence                                 |            cMX_W_Cg: 100.0%
INFO    |convergence                                 |            cMY_W_Cg: 100.0%
INFO    |convergence                                 |            cMZ_W_Cg: 100.0%
INFO    |convergence                                 |        Chordwise Panels: 6
INFO    |convergence                                 |          Iteration number: 112/160
INFO    |_convergence_meshing                        |          Cached delta_time: 0.0167 s
INFO    |convergence                                 |          Starting simulation
INFO    |unsteady_ring_vortex_lattice_method         |            Solver completed in <time>
INFO    |convergence                                 |          Simulation completed in <time>
INFO    |convergence                                 |          Wake type convergence:
INFO    |convergence                                 |            cFX_W: 100.0%
INFO    |convergence                                 |            cFY_W: 100.0%
INFO    |convergence                                 |            cFZ_W: 100.0%
INFO    |convergence                                 |            cMX_W_Cg: 100.0%
INFO    |convergence                                 |            cMY_W_Cg: 100.0%
INFO    |convergence                                 |            cMZ_W_Cg: 100.0%
INFO    |convergence                                 |          Wake length convergence:
INFO    |convergence                                 |            cFX_W: 100.0%
INFO    |convergence                                 |            cFY_W: 100.0%
INFO    |convergence                                 |            cFZ_W: 87.29%
INFO    |convergence                                 |            cMX_W_Cg: 100.0%
INFO    |convergence                                 |            cMY_W_Cg: 100.0%
INFO    |convergence                                 |            cMZ_W_Cg: 100.0%
INFO    |convergence                                 |          Panel aspect ratio convergence:
INFO    |convergence                                 |            cFX_W: 100.0%
INFO    |convergence                                 |            cFY_W: 100.0%
INFO    |convergence                                 |            cFZ_W: 80.44%
INFO    |convergence                                 |            cMX_W_Cg: 100.0%
INFO    |convergence                                 |            cMY_W_Cg: 100.0%
INFO    |convergence                                 |            cMZ_W_Cg: 100.0%
INFO    |convergence                                 |          Number of chordwise Panels convergence:
INFO    |convergence                                 |            cFX_W: 100.0%
INFO    |convergence                                 |            cFY_W: 100.0%
INFO    |convergence                                 |            cFZ_W: 100.0%
INFO    |convergence                                 |            cMX_W_Cg: 100.0%
INFO    |convergence                                 |            cMY_W_Cg: 100.0%
INFO    |convergence                                 |            cMZ_W_Cg: 100.0%
INFO    |convergence                                 |    Chord lengths: 6
INFO    |convergence                                 |      Panel aspect ratio: 4
INFO    |convergence                                 |        Chordwise Panels: 3
INFO    |convergence                                 |          Iteration number: 113/160
INFO    |_convergence_meshing                        |          Cached delta_time: 0.0334 s
INFO    |convergence                                 |          Starting simulation
INFO    |unsteady_ring_vortex_lattice_method         |            Solver completed in <time>
INFO    |convergence                                 |          Simulation completed in <time>
INFO    |convergence                                 |          Wake type convergence:
INFO    |convergence                                 |            cFX_W: 100.0%
INFO    |convergence                                 |            cFY_W: 100.0%
INFO    |convergence                                 |            cFZ_W: 100.0%
INFO    |convergence                                 |            cMX_W_Cg: 100.0%
INFO    |convergence                                 |            cMY_W_Cg: 100.0%
INFO    |convergence                                 |            cMZ_W_Cg: 100.0%
INFO    |convergence                                 |          Wake length convergence:
INFO    |convergence                                 |            cFX_W: 100.0%
INFO    |convergence                                 |            cFY_W: 100.0%
INFO    |convergence                                 |            cFZ_W: 100.0%
INFO    |convergence                                 |            cMX_W_Cg: 100.0%
INFO    |convergence                                 |            cMY_W_Cg: 100.0%
INFO    |convergence                                 |            cMZ_W_Cg: 100.0%
INFO    |convergence                                 |          Panel aspect ratio convergence: not checked
INFO    |convergence                                 |          Number of chordwise Panels convergence: not checked
INFO    |convergence                                 |        Chordwise Panels: 4
INFO    |convergence                                 |          Iteration number: 114/160
INFO    |_convergence_meshing                        |          Cached delta_time: 0.0250 s
INFO    |convergence                                 |          Starting simulation
INFO    |unsteady_ring_vortex_lattice_method         |            Solver completed in <time>
INFO    |convergence                                 |          Simulation completed in <time>
INFO    |convergence                                 |          Wake type convergence:
INFO    |convergence                                 |            cFX_W: 100.0%
INFO    |convergence                                 |            cFY_W: 100.0%
INFO    |convergence                                 |            cFZ_W: 100.0%
INFO    |convergence                                 |            cMX_W_Cg: 100.0%
INFO    |convergence                                 |            cMY_W_Cg: 100.0%
INFO    |convergence                                 |            cMZ_W_Cg: 100.0%
INFO    |convergence                                 |          Wake length convergence:
INFO    |convergence                                 |            cFX_W: 100.0%
INFO    |convergence                                 |            cFY_W: 100.0%
INFO    |convergence                                 |            cFZ_W: 100.0%
INFO    |convergence                                 |            cMX_W_Cg: 100.0%
INFO    |convergence                                 |            cMY_W_Cg: 100.0%
INFO    |convergence                                 |            cMZ_W_Cg: 100.0%
INFO    |convergence                                 |          Panel aspect ratio convergence: not checked
INFO    |convergence                                 |          Number of chordwise Panels convergence:
INFO    |convergence                                 |            cFX_W: 100.0%
INFO    |convergence                                 |            cFY_W: 100.0%
INFO    |convergence                                 |            cFZ_W: 100.0%
INFO    |convergence                                 |            cMX_W_Cg: 100.0%
INFO    |convergence                                 |            cMY_W_Cg: 100.0%
INFO    |convergence                                 |            cMZ_W_Cg: 100.0%
INFO    |convergence                                 |        Chordwise Panels: 5
INFO    |convergence                                 |          Iteration number: 115/160
INFO    |_convergence_meshing                        |          Cached delta_time: 0.0200 s
INFO    |convergence                                 |          Starting simulation
INFO    |unsteady_ring_vortex_lattice_method         |            Solver completed in <time>
INFO    |convergence                                 |          Simulation completed in <time>
INFO    |convergence                                 |          Wake type convergence:
INFO    |convergence                                 |            cFX_W: 100.0%
INFO    |convergence                                 |            cFY_W: 100.0%
INFO    |convergence                                 |            cFZ_W: 100.0%
INFO    |convergence                                 |            cMX_W_Cg: 100.0%
INFO    |convergence                                 |            cMY_W_Cg: 100.0%
INFO    |convergence                                 |            cMZ_W_Cg: 100.0%
INFO    |convergence                                 |          Wake length convergence:
INFO    |convergence                                 |            cFX_W: 100.0%
INFO    |convergence                                 |            cFY_W: 100.0%
INFO    |convergence                                 |            cFZ_W: 100.0%
INFO    |convergence                                 |            cMX_W_Cg: 100.0%
INFO    |convergence                                 |            cMY_W_Cg: 100.0%
INFO    |convergence                                 |            cMZ_W_Cg: 100.0%
INFO    |convergence                                 |          Panel aspect ratio convergence: not checked
INFO    |convergence                                 |          Number of chordwise Panels convergence:
INFO    |convergence                                 |            cFX_W: 100.0%
INFO    |convergence                                 |            cFY_W: 100.0%
INFO    |convergence                                 |            cFZ_W: 100.0%
INFO    |convergence                                 |            cMX_W_Cg: 100.0%
INFO    |convergence                                 |            cMY_W_Cg: 100.0%
INFO    |convergence                                 |            cMZ_W_Cg: 100.0%
INFO    |convergence                                 |        Chordwise Panels: 6
INFO    |convergence                                 |          Iteration number: 116/160
INFO    |_convergence_meshing                        |          Cached delta_time: 0.0167 s
INFO    |convergence                                 |          Starting simulation
INFO    |unsteady_ring_vortex_lattice_method         |            Solver completed in <time>
INFO    |convergence                                 |          Simulation completed in <time>
INFO    |convergence                                 |          Wake type convergence:
INFO    |convergence                                 |            cFX_W: 100.0%
INFO    |convergence                                 |            cFY_W: 100.0%
INFO    |convergence                                 |            cFZ_W: 100.0%
INFO    |convergence                                 |            cMX_W_Cg: 100.0%
INFO    |convergence                                 |            cMY_W_Cg: 100.0%
INFO    |convergence                                 |            cMZ_W_Cg: 100.0%
INFO    |convergence                                 |          Wake length convergence:
INFO    |convergence                                 |            cFX_W: 100.0%
INFO    |convergence                                 |            cFY_W: 100.0%
INFO    |convergence                                 |            cFZ_W: 100.0%
INFO    |convergence                                 |            cMX_W_Cg: 100.0%
INFO    |convergence                                 |            cMY_W_Cg: 100.0%
INFO    |convergence                                 |            cMZ_W_Cg: 100.0%
INFO    |convergence                                 |          Panel aspect ratio convergence: not checked
INFO    |convergence                                 |          Number of chordwise Panels convergence:
INFO    |convergence                                 |            cFX_W: 100.0%
INFO    |convergence                                 |            cFY_W: 100.0%
INFO    |convergence                                 |            cFZ_W: 100.0%
INFO    |convergence                                 |            cMX_W_Cg: 100.0%
INFO    |convergence                                 |            cMY_W_Cg: 100.0%
INFO    |convergence                                 |            cMZ_W_Cg: 100.0%
INFO    |convergence                                 |      Panel aspect ratio: 3
INFO    |convergence                                 |        Chordwise Panels: 3
INFO    |convergence                                 |          Iteration number: 117/160
INFO    |_convergence_meshing                        |          Cached delta_time: 0.0334 s
INFO    |convergence                                 |          Starting simulation
INFO    |unsteady_ring_vortex_lattice_method         |            Solver completed in <time>
INFO    |convergence                                 |          Simulation completed in <time>
INFO    |convergence                                 |          Wake type convergence:
INFO    |convergence                                 |            cFX_W: 100.0%
INFO    |convergence                                 |            cFY_W: 100.0%
INFO    |convergence                                 |            cFZ_W: 100.0%
INFO    |convergence                                 |            cMX_W_Cg: 100.0%
INFO    |convergence                                 |            cMY_W_Cg: 100.0%
INFO    |convergence                                 |            cMZ_W_Cg: 100.0%
INFO    |convergence                                 |          Wake length convergence:
INFO    |convergence                                 |            cFX_W: 100.0%
INFO    |convergence                                 |            cFY_W: 100.0%
INFO    |convergence                                 |            cFZ_W: 100.0%
INFO    |convergence                                 |            cMX_W_Cg: 100.0%
INFO    |convergence                                 |            cMY_W_Cg: 100.0%
INFO    |convergence                                 |            cMZ_W_Cg: 100.0%
INFO    |convergence                                 |          Panel aspect ratio convergence:
INFO    |convergence                                 |            cFX_W: 100.0%
INFO    |convergence                                 |            cFY_W: 100.0%
INFO    |convergence                                 |            cFZ_W: 45.21%
INFO    |convergence                                 |            cMX_W_Cg: 100.0%
INFO    |convergence                                 |            cMY_W_Cg: 66.34%
INFO    |convergence                                 |            cMZ_W_Cg: 100.0%
INFO    |convergence                                 |          Number of chordwise Panels convergence: not checked
INFO    |convergence                                 |        Chordwise Panels: 4
INFO    |convergence                                 |          Iteration number: 118/160
INFO    |_convergence_meshing                        |          Cached delta_time: 0.0250 s
INFO    |convergence                                 |          Starting simulation
INFO    |unsteady_ring_vortex_lattice_method         |            Solver completed in <time>
INFO    |convergence                                 |          Simulation completed in <time>
INFO    |convergence                                 |          Wake type convergence:
INFO    |convergence                                 |            cFX_W: 100.0%
INFO    |convergence                                 |            cFY_W: 100.0%
INFO    |convergence                                 |            cFZ_W: 100.0%
INFO    |convergence                                 |            cMX_W_Cg: 100.0%
INFO    |convergence                                 |            cMY_W_Cg: 100.0%
INFO    |convergence                                 |            cMZ_W_Cg: 100.0%
INFO    |convergence                                 |          Wake length convergence:
INFO    |convergence                                 |            cFX_W: 100.0%
INFO    |convergence                                 |            cFY_W: 100.0%
INFO    |convergence                                 |            cFZ_W: 100.0%
INFO    |convergence                                 |            cMX_W_Cg: 100.0%
INFO    |convergence                                 |            cMY_W_Cg: 100.0%
INFO    |convergence                                 |            cMZ_W_Cg: 100.0%
INFO    |convergence                                 |          Panel aspect ratio convergence:
INFO    |convergence                                 |            cFX_W: 100.0%
INFO    |convergence                                 |            cFY_W: 100.0%
INFO    |convergence                                 |            cFZ_W: 74.24%
INFO    |convergence                                 |            cMX_W_Cg: 100.0%
INFO    |convergence                                 |            cMY_W_Cg: 100.0%
INFO    |convergence                                 |            cMZ_W_Cg: 100.0%
INFO    |convergence                                 |          Number of chordwise Panels convergence:
INFO    |convergence                                 |            cFX_W: 100.0%
INFO    |convergence                                 |            cFY_W: 100.0%
INFO    |convergence                                 |            cFZ_W: 100.0%
INFO    |convergence                                 |            cMX_W_Cg: 100.0%
INFO    |convergence                                 |            cMY_W_Cg: 100.0%
INFO    |convergence                                 |            cMZ_W_Cg: 100.0%
INFO    |convergence                                 |        Chordwise Panels: 5
INFO    |convergence                                 |          Iteration number: 119/160
INFO    |_convergence_meshing                        |          Cached delta_time: 0.0200 s
INFO    |convergence                                 |          Starting simulation
INFO    |unsteady_ring_vortex_lattice_method         |            Solver completed in <time>
INFO    |convergence                                 |          Simulation completed in <time>
INFO    |convergence                                 |          Wake type convergence:
INFO    |convergence                                 |            cFX_W: 100.0%
INFO    |convergence                                 |            cFY_W: 100.0%
INFO    |convergence                                 |            cFZ_W: 100.0%
INFO    |convergence                                 |            cMX_W_Cg: 100.0%
INFO    |convergence                                 |            cMY_W_Cg: 100.0%
INFO    |convergence                                 |            cMZ_W_Cg: 100.0%
INFO    |convergence                                 |          Wake length convergence:
INFO    |convergence                                 |            cFX_W: 100.0%
INFO    |convergence                                 |            cFY_W: 100.0%
INFO    |convergence                                 |            cFZ_W: 100.0%
INFO    |convergence                                 |            cMX_W_Cg: 100.0%
INFO    |convergence                                 |            cMY_W_Cg: 100.0%
INFO    |convergence                                 |            cMZ_W_Cg: 100.0%
INFO    |convergence                                 |          Panel aspect ratio convergence:
INFO    |convergence                                 |            cFX_W: 100.0%
INFO    |convergence                                 |            cFY_W: 100.0%
INFO    |convergence                                 |            cFZ_W: 100.0%
INFO    |convergence                                 |            cMX_W_Cg: 100.0%
INFO    |convergence                                 |            cMY_W_Cg: 100.0%
INFO    |convergence                                 |            cMZ_W_Cg: 100.0%
INFO    |convergence                                 |          Number of chordwise Panels convergence:
INFO    |convergence                                 |            cFX_W: 100.0%
INFO    |convergence                                 |            cFY_W: 100.0%
INFO    |convergence                                 |            cFZ_W: 100.0%
INFO    |convergence                                 |            cMX_W_Cg: 100.0%
INFO    |convergence                                 |            cMY_W_Cg: 100.0%
INFO    |convergence                                 |            cMZ_W_Cg: 100.0%
INFO    |convergence                                 |The analysis found a converged case:
INFO    |convergence                                 |  Wake type: prescribed
INFO    |convergence                                 |  Chord lengths: 5
INFO    |convergence                                 |  Panel aspect ratio: 4
INFO    |convergence                                 |  Chordwise Panels: 4
INFO    |convergence                                 |  Simulation completed in <time>
INFO    |convergence                                 |  Spanwise Panels:
INFO    |convergence                                 |    Example Airplane:
INFO    |convergence                                 |      Main Wing:
INFO    |convergence                                 |        WingCrossSection 1: 3
INFO    |convergence                                 |        WingCrossSection 2: None
INFO    |convergence                                 |Convergence analysis completed in <time>
