INFO    |trim                                        |Beginning trim analysis
INFO    |trim                                        |  Searching:
INFO    |trim                                        |    vCg__E: 5.00 to 15.0 m/s
INFO    |trim                                        |    alpha: -10.0 to 10.0 deg
INFO    |trim                                        |    beta: -1.00 to 1.00 deg
INFO    |trim                                        |    externalFX_W: 0.00 to 10.0 N
INFO    |trim                                        |Starting local search
INFO    |steady_horseshoe_vortex_lattice_method      |Steady horseshoe vortex lattice method solver completed in 0.0271 s
INFO    |trim                                        |  State:
INFO    |trim                                        |    vCg__E: 10.0 m/s
INFO    |trim                                        |    alpha: 5.00 deg
INFO    |trim                                        |    beta: 0.00 deg
INFO    |trim                                        |    externalFX_W: 5.00 N
INFO    |trim                                        |  Objective: 0.162
INFO    |steady_horseshoe_vortex_lattice_method      |Steady horseshoe vortex lattice method solver completed in 0.0156 s
INFO    |trim                                        |  State:
INFO    |trim                                        |    vCg__E: 10.0 m/s
INFO    |trim                                        |    alpha: 5.00 deg
INFO    |trim                                        |    beta: 0.00 deg
INFO    |trim                                        |    externalFX_W: 5.00 N
INFO    |trim                                        |  Objective: 0.162
INFO    |steady_horseshoe_vortex_lattice_method      |Steady horseshoe vortex lattice method solver completed in 0.0156 s
INFO    |trim                                        |  State:
INFO    |trim                                        |    vCg__E: 10.0 m/s
INFO    |trim                                        |    alpha: 5.01 deg
INFO    |trim                                        |    beta: 0.00 deg
INFO    |trim                                        |    externalFX_W: 5.00 N
INFO    |trim                                        |  Objective: 0.162
INFO    |steady_horseshoe_vortex_lattice_method      |Steady horseshoe vortex lattice method solver completed in 0.0156 s
INFO    |trim                                        |  State:
INFO    |trim                                        |    vCg__E: 10.0 m/s
INFO    |trim                                        |    alpha: 5.00 deg
INFO    |trim                                        |    beta: 0.0100 deg
INFO    |trim                                        |    externalFX_W: 5.00 N
INFO    |trim                                        |  Objective: 0.162
INFO    |steady_horseshoe_vortex_lattice_method      |Steady horseshoe vortex lattice method solver completed in 0.0155 s
INFO    |trim                                        |  State:
INFO    |trim                                        |    vCg__E: 10.0 m/s
INFO    |trim                                        |    alpha: 5.00 deg
INFO    |trim                                        |    beta: 0.00 deg
INFO    |trim                                        |    externalFX_W: 5.01 N
INFO    |trim                                        |  Objective: 0.162
INFO    |steady_horseshoe_vortex_lattice_method      |Steady horseshoe vortex lattice method solver completed in 0.0157 s
INFO    |trim                                        |  State:
INFO    |trim                                        |    vCg__E: 9.96 m/s
INFO    |trim                                        |    alpha: 4.93 deg
INFO    |trim                                        |    beta: 4.08E-07 deg
INFO    |trim                                        |    externalFX_W: 5.00 N
INFO    |trim                                        |  Objective: 0.155
INFO    |steady_horseshoe_vortex_lattice_method      |Steady horseshoe vortex lattice method solver completed in 0.0156 s
INFO    |trim                                        |  State:
INFO    |trim                                        |    vCg__E: 9.97 m/s
INFO    |trim                                        |    alpha: 4.93 deg
INFO    |trim                                        |    beta: 4.08E-07 deg
INFO    |trim                                        |    externalFX_W: 5.00 N
INFO    |trim                                        |  Objective: 0.155
INFO    |steady_horseshoe_vortex_lattice_method      |Steady horseshoe vortex lattice method solver completed in 0.0158 s
INFO    |trim                                        |  State:
INFO    |trim                                        |    vCg__E: 9.96 m/s
INFO    |trim                                        |    alpha: 4.94 deg
INFO    |trim                                        |    beta: 4.08E-07 deg
INFO    |trim                                        |    externalFX_W: 5.00 N
INFO    |trim                                        |  Objective: 0.156
INFO    |steady_horseshoe_vortex_lattice_method      |Steady horseshoe vortex lattice method solver completed in 0.0156 s
INFO    |trim                                        |  State:
INFO    |trim                                        |    vCg__E: 9.96 m/s
INFO    |trim                                        |    alpha: 4.93 deg
INFO    |trim                                        |    beta: 0.0100 deg
INFO    |trim                                        |    externalFX_W: 5.00 N
INFO    |trim                                        |  Objective: 0.155
INFO    |steady_horseshoe_vortex_lattice_method      |Steady horseshoe vortex lattice method solver completed in 0.0156 s
INFO    |trim                                        |  State:
INFO    |trim                                        |    vCg__E: 9.96 m/s
INFO    |trim                                        |    alpha: 4.93 deg
INFO    |trim                                        |    beta: 4.08E-07 deg
INFO    |trim                                        |    externalFX_W: 5.01 N
INFO    |trim                                        |  Objective: 0.155
INFO    |steady_horseshoe_vortex_lattice_method      |Steady horseshoe vortex lattice method solver completed in 0.0157 s
INFO    |trim                                        |  State:
INFO    |trim                                        |    vCg__E: 9.92 m/s
INFO    |trim                                        |    alpha: 4.86 deg
INFO    |trim                                        |    beta: 7.94E-07 deg
INFO    |trim                                        |    externalFX_W: 5.00 N
INFO    |trim                                        |  Objective: 0.148
INFO    |steady_horseshoe_vortex_lattice_method      |Steady horseshoe vortex lattice method solver completed in 0.0156 s
INFO    |trim                                        |  State:
INFO    |trim                                        |    vCg__E: 9.93 m/s
INFO    |trim                                        |    alpha: 4.86 deg
INFO    |trim                                        |    beta: 7.94E-07 deg
INFO    |trim                                        |    externalFX_W: 5.00 N
INFO    |trim                                        |  Objective: 0.149
INFO    |steady_horseshoe_vortex_lattice_method      |Steady horseshoe vortex lattice method solver completed in 0.0155 s
INFO    |trim                                        |  State:
INFO    |trim                                        |    vCg__E: 9.92 m/s
INFO    |trim                                        |    alpha: 4.87 deg
INFO    |trim                                        |    beta: 7.94E-07 deg
INFO    |trim                                        |    externalFX_W: 5.00 N
INFO    |trim                                        |  Objective: 0.149
INFO    |steady_horseshoe_vortex_lattice_method      |Steady horseshoe vortex lattice method solver completed in 0.0156 s
INFO    |trim                                        |  State:
INFO    |trim                                        |    vCg__E: 9.92 m/s
INFO    |trim                                        |    alpha: 4.86 deg
INFO    |trim                                        |    beta: 0.0100 deg
INFO    |trim                                        |    externalFX_W: 5.00 N
INFO    |trim                                        |  Objective: 0.148
INFO    |steady_horseshoe_vortex_lattice_method      |Steady horseshoe vortex lattice method solver completed in 0.0155 s
INFO    |trim                                        |  State:
INFO    |trim                                        |    vCg__E: 9.92 m/s
INFO    |trim                                        |    alpha: 4.86 deg
INFO    |trim                                        |    beta: 7.94E-07 deg
INFO    |trim                                        |    externalFX_W: 5.01 N
INFO    |trim                                        |  Objective: 0.148
INFO    |steady_horseshoe_vortex_lattice_method      |Steady horseshoe vortex lattice method solver completed in 0.0156 s
INFO    |trim                                        |  State:
INFO    |trim                                        |    vCg__E: 9.75 m/s
INFO    |trim                                        |    alpha: 4.57 deg
INFO    |trim                                        |    beta: 2.34E-06 deg
INFO    |trim                                        |    externalFX_W: 5.00 N
INFO    |trim                                        |  Objective: 0.121
INFO    |steady_horseshoe_vortex_lattice_method      |Steady horseshoe vortex lattice method solver completed in 0.0156 s
INFO    |trim                                        |  State:
INFO    |trim                                        |    vCg__E: 9.76 m/s
INFO    |trim                                        |    alpha: 4.57 deg
INFO    |trim                                        |    beta: 2.34E-06 deg
INFO    |trim                                        |    externalFX_W: 5.00 N
INFO    |trim                                        |  Objective: 0.122
INFO    |steady_horseshoe_vortex_lattice_method      |Steady horseshoe vortex lattice method solver completed in 0.0158 s
INFO    |trim                                        |  State:
INFO    |trim                                        |    vCg__E: 9.75 m/s
INFO    |trim                                        |    alpha: 4.58 deg
INFO    |trim                                        |    beta: 2.34E-06 deg
INFO    |trim                                        |    externalFX_W: 5.00 N
INFO    |trim                                        |  Objective: 0.122
INFO    |steady_horseshoe_vortex_lattice_method      |Steady horseshoe vortex lattice method solver completed in 0.0155 s
INFO    |trim                                        |  State:
INFO    |trim                                        |    vCg__E: 9.75 m/s
INFO    |trim                                        |    alpha: 4.57 deg
INFO    |trim                                        |    beta: 0.0100 deg
INFO    |trim                                        |    externalFX_W: 5.00 N
INFO    |trim                                        |  Objective: 0.121
INFO    |steady_horseshoe_vortex_lattice_method      |Steady horseshoe vortex lattice method solver completed in 0.0156 s
INFO    |trim                                        |  State:
INFO    |trim                                        |    vCg__E: 9.75 m/s
INFO    |trim                                        |    alpha: 4.57 deg
INFO    |trim                                        |    beta: 2.34E-06 deg
INFO    |trim                                        |    externalFX_W: 5.01 N
INFO    |trim                                        |  Objective: 0.121
INFO    |steady_horseshoe_vortex_lattice_method      |Steady horseshoe vortex lattice method solver completed in 0.0156 s
INFO    |trim                                        |  State:
INFO    |trim                                        |    vCg__E: 9.09 m/s
INFO    |trim                                        |    alpha: 3.44 deg
INFO    |trim                                        |    beta: 8.51E-06 deg
INFO    |trim                                        |    externalFX_W: 5.00 N
INFO    |trim                                        |  Objective: 0.0617
INFO    |steady_horseshoe_vortex_lattice_method      |Steady horseshoe vortex lattice method solver completed in 0.0155 s
INFO    |trim                                        |  State:
INFO    |trim                                        |    vCg__E: 9.10 m/s
INFO    |trim                                        |    alpha: 3.44 deg
INFO    |trim                                        |    beta: 8.51E-06 deg
INFO    |trim                                        |    externalFX_W: 5.00 N
INFO    |trim                                        |  Objective: 0.0612
INFO    |steady_horseshoe_vortex_lattice_method      |Steady horseshoe vortex lattice method solver completed in 0.0157 s
INFO    |trim                                        |  State:
INFO    |trim                                        |    vCg__E: 9.09 m/s
INFO    |trim                                        |    alpha: 3.45 deg
INFO    |trim                                        |    beta: 8.51E-06 deg
INFO    |trim                                        |    externalFX_W: 5.00 N
INFO    |trim                                        |  Objective: 0.0615
INFO    |steady_horseshoe_vortex_lattice_method      |Steady horseshoe vortex lattice method solver completed in 0.0156 s
INFO    |trim                                        |  State:
INFO    |trim                                        |    vCg__E: 9.09 m/s
INFO    |trim                                        |    alpha: 3.44 deg
INFO    |trim                                        |    beta: 0.0100 deg
INFO    |trim                                        |    externalFX_W: 5.00 N
INFO    |trim                                        |  Objective: 0.0617
INFO    |steady_horseshoe_vortex_lattice_method      |Steady horseshoe vortex lattice method solver completed in 0.0156 s
INFO    |trim                                        |  State:
INFO    |trim                                        |    vCg__E: 9.09 m/s
INFO    |trim                                        |    alpha: 3.44 deg
INFO    |trim                                        |    beta: 8.51E-06 deg
INFO    |trim                                        |    externalFX_W: 5.01 N
INFO    |trim                                        |  Objective: 0.0617
INFO    |steady_horseshoe_vortex_lattice_method      |Steady horseshoe vortex lattice method solver completed in 0.0157 s
INFO    |trim                                        |  State:
INFO    |trim                                        |    vCg__E: 9.61 m/s
INFO    |trim                                        |    alpha: 3.77 deg
INFO    |trim                                        |    beta: -6.64E-06 deg
INFO    |trim                                        |    externalFX_W: 5.00 N
INFO    |trim                                        |  Objective: 0.0579
INFO    |steady_horseshoe_vortex_lattice_method      |Steady horseshoe vortex lattice method solver completed in 0.0156 s
INFO    |trim                                        |  State:
INFO    |trim                                        |    vCg__E: 9.62 m/s
INFO    |trim                                        |    alpha: 3.77 deg
INFO    |trim                                        |    beta: -6.64E-06 deg
INFO    |trim                                        |    externalFX_W: 5.00 N
INFO    |trim                                        |  Objective: 0.0583
INFO    |steady_horseshoe_vortex_lattice_method      |Steady horseshoe vortex lattice method solver completed in 0.0155 s
INFO    |trim                                        |  State:
INFO    |trim                                        |    vCg__E: 9.61 m/s
INFO    |trim                                        |    alpha: 3.78 deg
INFO    |trim                                        |    beta: -6.64E-06 deg
INFO    |trim                                        |    externalFX_W: 5.00 N
INFO    |trim                                        |  Objective: 0.0586
INFO    |steady_horseshoe_vortex_lattice_method      |Steady horseshoe vortex lattice method solver completed in 0.0156 s
INFO    |trim                                        |  State:
INFO    |trim                                        |    vCg__E: 9.61 m/s
INFO    |trim                                        |    alpha: 3.77 deg
INFO    |trim                                        |    beta: 0.00999 deg
INFO    |trim                                        |    externalFX_W: 5.00 N
INFO    |trim                                        |  Objective: 0.0579
INFO    |steady_horseshoe_vortex_lattice_method      |Steady horseshoe vortex lattice method solver completed in 0.0156 s
INFO    |trim                                        |  State:
INFO    |trim                                        |    vCg__E: 9.61 m/s
INFO    |trim                                        |    alpha: 3.77 deg
INFO    |trim                                        |    beta: -6.64E-06 deg
INFO    |trim                                        |    externalFX_W: 5.01 N
INFO    |trim                                        |  Objective: 0.0579
INFO    |steady_horseshoe_vortex_lattice_method      |Steady horseshoe vortex lattice method solver completed in 0.0156 s
INFO    |trim                                        |  State:
INFO    |trim                                        |    vCg__E: 9.32 m/s
INFO    |trim                                        |    alpha: 3.58 deg
INFO    |trim                                        |    beta: 2.00E-06 deg
INFO    |trim                                        |    externalFX_W: 5.00 N
INFO    |trim                                        |  Objective: 0.0469
INFO    |steady_horseshoe_vortex_lattice_method      |Steady horseshoe vortex lattice method solver completed in 0.0156 s
INFO    |trim                                        |  State:
INFO    |trim                                        |    vCg__E: 9.33 m/s
INFO    |trim                                        |    alpha: 3.58 deg
INFO    |trim                                        |    beta: 2.00E-06 deg
INFO    |trim                                        |    externalFX_W: 5.00 N
INFO    |trim                                        |  Objective: 0.0464
INFO    |steady_horseshoe_vortex_lattice_method      |Steady horseshoe vortex lattice method solver completed in 0.0156 s
INFO    |trim                                        |  State:
INFO    |trim                                        |    vCg__E: 9.32 m/s
INFO    |trim                                        |    alpha: 3.59 deg
INFO    |trim                                        |    beta: 2.00E-06 deg
INFO    |trim                                        |    externalFX_W: 5.00 N
INFO    |trim                                        |  Objective: 0.0467
INFO    |steady_horseshoe_vortex_lattice_method      |Steady horseshoe vortex lattice method solver completed in 0.0155 s
INFO    |trim                                        |  State:
INFO    |trim                                        |    vCg__E: 9.32 m/s
INFO    |trim                                        |    alpha: 3.58 deg
INFO    |trim                                        |    beta: 0.0100 deg
INFO    |trim                                        |    externalFX_W: 5.00 N
INFO    |trim                                        |  Objective: 0.0469
INFO    |steady_horseshoe_vortex_lattice_method      |Steady horseshoe vortex lattice method solver completed in 0.0156 s
INFO    |trim                                        |  State:
INFO    |trim                                        |    vCg__E: 9.32 m/s
INFO    |trim                                        |    alpha: 3.58 deg
INFO    |trim                                        |    beta: 2.00E-06 deg
INFO    |trim                                        |    externalFX_W: 5.01 N
INFO    |trim                                        |  Objective: 0.0469
INFO    |steady_horseshoe_vortex_lattice_method      |Steady horseshoe vortex lattice method solver completed in 0.0157 s
INFO    |trim                                        |  State:
INFO    |trim                                        |    vCg__E: 9.44 m/s
INFO    |trim                                        |    alpha: 3.66 deg
INFO    |trim                                        |    beta: -1.57E-06 deg
INFO    |trim                                        |    externalFX_W: 5.00 N
INFO    |trim                                        |  Objective: 0.0422
INFO    |steady_horseshoe_vortex_lattice_method      |Steady horseshoe vortex lattice method solver completed in 0.0155 s
INFO    |trim                                        |  State:
INFO    |trim                                        |    vCg__E: 9.45 m/s
INFO    |trim                                        |    alpha: 3.66 deg
INFO    |trim                                        |    beta: -1.57E-06 deg
INFO    |trim                                        |    externalFX_W: 5.00 N
INFO    |trim                                        |  Objective: 0.0426
INFO    |steady_horseshoe_vortex_lattice_method      |Steady horseshoe vortex lattice method solver completed in 0.0156 s
INFO    |trim                                        |  State:
INFO    |trim                                        |    vCg__E: 9.44 m/s
INFO    |trim                                        |    alpha: 3.67 deg
INFO    |trim                                        |    beta: -1.57E-06 deg
INFO    |trim                                        |    externalFX_W: 5.00 N
INFO    |trim                                        |  Objective: 0.0428
INFO    |steady_horseshoe_vortex_lattice_method      |Steady horseshoe vortex lattice method solver completed in 0.0156 s
INFO    |trim                                        |  State:
INFO    |trim                                        |    vCg__E: 9.44 m/s
INFO    |trim                                        |    alpha: 3.66 deg
INFO    |trim                                        |    beta: 0.0100 deg
INFO    |trim                                        |    externalFX_W: 5.00 N
INFO    |trim                                        |  Objective: 0.0422
INFO    |steady_horseshoe_vortex_lattice_method      |Steady horseshoe vortex lattice method solver completed in 0.0155 s
INFO    |trim                                        |  State:
INFO    |trim                                        |    vCg__E: 9.44 m/s
INFO    |trim                                        |    alpha: 3.66 deg
INFO    |trim                                        |    beta: -1.57E-06 deg
INFO    |trim                                        |    externalFX_W: 5.01 N
INFO    |trim                                        |  Objective: 0.0422
INFO    |steady_horseshoe_vortex_lattice_method      |Steady horseshoe vortex lattice method solver completed in 0.0156 s
INFO    |trim                                        |  State:
INFO    |trim                                        |    vCg__E: 9.37 m/s
INFO    |trim                                        |    alpha: 3.62 deg
INFO    |trim                                        |    beta: 4.09E-07 deg
INFO    |trim                                        |    externalFX_W: 5.00 N
INFO    |trim                                        |  Objective: 0.0435
INFO    |steady_horseshoe_vortex_lattice_method      |Steady horseshoe vortex lattice method solver completed in 0.0154 s
INFO    |trim                                        |  State:
INFO    |trim                                        |    vCg__E: 9.38 m/s
INFO    |trim                                        |    alpha: 3.62 deg
INFO    |trim                                        |    beta: 4.09E-07 deg
INFO    |trim                                        |    externalFX_W: 5.00 N
INFO    |trim                                        |  Objective: 0.0430
INFO    |steady_horseshoe_vortex_lattice_method      |Steady horseshoe vortex lattice method solver completed in 0.0154 s
INFO    |trim                                        |  State:
INFO    |trim                                        |    vCg__E: 9.37 m/s
INFO    |trim                                        |    alpha: 3.63 deg
INFO    |trim                                        |    beta: 4.09E-07 deg
INFO    |trim                                        |    externalFX_W: 5.00 N
INFO    |trim                                        |  Objective: 0.0433
INFO    |steady_horseshoe_vortex_lattice_method      |Steady horseshoe vortex lattice method solver completed in 0.0154 s
INFO    |trim                                        |  State:
INFO    |trim                                        |    vCg__E: 9.37 m/s
INFO    |trim                                        |    alpha: 3.62 deg
INFO    |trim                                        |    beta: 0.0100 deg
INFO    |trim                                        |    externalFX_W: 5.00 N
INFO    |trim                                        |  Objective: 0.0435
INFO    |steady_horseshoe_vortex_lattice_method      |Steady horseshoe vortex lattice method solver completed in 0.0154 s
INFO    |trim                                        |  State:
INFO    |trim                                        |    vCg__E: 9.37 m/s
INFO    |trim                                        |    alpha: 3.62 deg
INFO    |trim                                        |    beta: 4.09E-07 deg
INFO    |trim                                        |    externalFX_W: 5.01 N
INFO    |trim                                        |  Objective: 0.0435
INFO    |steady_horseshoe_vortex_lattice_method      |Steady horseshoe vortex lattice method solver completed in 0.0156 s
INFO    |trim                                        |  State:
INFO    |trim                                        |    vCg__E: 11.4 m/s
INFO    |trim                                        |    alpha: 5.36 deg
INFO    |trim                                        |    beta: -0.000143 deg
INFO    |trim                                        |    externalFX_W: 4.91 N
INFO    |trim                                        |  Objective: 0.234
INFO    |steady_horseshoe_vortex_lattice_method      |Steady horseshoe vortex lattice method solver completed in 0.0154 s
INFO    |trim                                        |  State:
INFO    |trim                                        |    vCg__E: 11.4 m/s
INFO    |trim                                        |    alpha: 5.36 deg
INFO    |trim                                        |    beta: -0.000143 deg
INFO    |trim                                        |    externalFX_W: 4.91 N
INFO    |trim                                        |  Objective: 0.234
INFO    |steady_horseshoe_vortex_lattice_method      |Steady horseshoe vortex lattice method solver completed in 0.0154 s
INFO    |trim                                        |  State:
INFO    |trim                                        |    vCg__E: 11.4 m/s
INFO    |trim                                        |    alpha: 5.37 deg
INFO    |trim                                        |    beta: -0.000143 deg
INFO    |trim                                        |    externalFX_W: 4.91 N
INFO    |trim                                        |  Objective: 0.235
INFO    |steady_horseshoe_vortex_lattice_method      |Steady horseshoe vortex lattice method solver completed in 0.0154 s
INFO    |trim                                        |  State:
INFO    |trim                                        |    vCg__E: 11.4 m/s
INFO    |trim                                        |    alpha: 5.36 deg
INFO    |trim                                        |    beta: 0.00986 deg
INFO    |trim                                        |    externalFX_W: 4.91 N
INFO    |trim                                        |  Objective: 0.234
INFO    |steady_horseshoe_vortex_lattice_method      |Steady horseshoe vortex lattice method solver completed in 0.0156 s
INFO    |trim                                        |  State:
INFO    |trim                                        |    vCg__E: 11.4 m/s
INFO    |trim                                        |    alpha: 5.36 deg
INFO    |trim                                        |    beta: -0.000143 deg
INFO    |trim                                        |    externalFX_W: 4.92 N
INFO    |trim                                        |  Objective: 0.234
INFO    |steady_horseshoe_vortex_lattice_method      |Steady horseshoe vortex lattice method solver completed in 0.0156 s
INFO    |trim                                        |  State:
INFO    |trim                                        |    vCg__E: 9.59 m/s
INFO    |trim                                        |    alpha: 3.81 deg
INFO    |trim                                        |    beta: -1.53E-05 deg
INFO    |trim                                        |    externalFX_W: 4.99 N
INFO    |trim                                        |  Objective: 0.0596
INFO    |steady_horseshoe_vortex_lattice_method      |Steady horseshoe vortex lattice method solver completed in 0.0154 s
INFO    |trim                                        |  State:
INFO    |trim                                        |    vCg__E: 9.60 m/s
INFO    |trim                                        |    alpha: 3.81 deg
INFO    |trim                                        |    beta: -1.53E-05 deg
INFO    |trim                                        |    externalFX_W: 4.99 N
INFO    |trim                                        |  Objective: 0.0600
INFO    |steady_horseshoe_vortex_lattice_method      |Steady horseshoe vortex lattice method solver completed in 0.0154 s
INFO    |trim                                        |  State:
INFO    |trim                                        |    vCg__E: 9.59 m/s
INFO    |trim                                        |    alpha: 3.82 deg
INFO    |trim                                        |    beta: -1.53E-05 deg
INFO    |trim                                        |    externalFX_W: 4.99 N
INFO    |trim                                        |  Objective: 0.0603
INFO    |steady_horseshoe_vortex_lattice_method      |Steady horseshoe vortex lattice method solver completed in 0.0153 s
INFO    |trim                                        |  State:
INFO    |trim                                        |    vCg__E: 9.59 m/s
INFO    |trim                                        |    alpha: 3.81 deg
INFO    |trim                                        |    beta: 0.00998 deg
INFO    |trim                                        |    externalFX_W: 4.99 N
INFO    |trim                                        |  Objective: 0.0596
INFO    |steady_horseshoe_vortex_lattice_method      |Steady horseshoe vortex lattice method solver completed in 0.0153 s
INFO    |trim                                        |  State:
INFO    |trim                                        |    vCg__E: 9.59 m/s
INFO    |trim                                        |    alpha: 3.81 deg
INFO    |trim                                        |    beta: -1.53E-05 deg
INFO    |trim                                        |    externalFX_W: 5.00 N
INFO    |trim                                        |  Objective: 0.0596
INFO    |steady_horseshoe_vortex_lattice_method      |Steady horseshoe vortex lattice method solver completed in 0.0156 s
INFO    |trim                                        |  State:
INFO    |trim                                        |    vCg__E: 9.40 m/s
INFO    |trim                                        |    alpha: 3.65 deg
INFO    |trim                                        |    beta: -1.94E-06 deg
INFO    |trim                                        |    externalFX_W: 5.00 N
INFO    |trim                                        |  Objective: 0.0415
INFO    |steady_horseshoe_vortex_lattice_method      |Steady horseshoe vortex lattice method solver completed in 0.0155 s
INFO    |trim                                        |  State:
INFO    |trim                                        |    vCg__E: 9.41 m/s
INFO    |trim                                        |    alpha: 3.65 deg
INFO    |trim                                        |    beta: -1.94E-06 deg
INFO    |trim                                        |    externalFX_W: 5.00 N
INFO    |trim                                        |  Objective: 0.0413
INFO    |steady_horseshoe_vortex_lattice_method      |Steady horseshoe vortex lattice method solver completed in 0.0154 s
INFO    |trim                                        |  State:
INFO    |trim                                        |    vCg__E: 9.40 m/s
INFO    |trim                                        |    alpha: 3.66 deg
INFO    |trim                                        |    beta: -1.94E-06 deg
INFO    |trim                                        |    externalFX_W: 5.00 N
INFO    |trim                                        |  Objective: 0.0415
INFO    |steady_horseshoe_vortex_lattice_method      |Steady horseshoe vortex lattice method solver completed in 0.0153 s
INFO    |trim                                        |  State:
INFO    |trim                                        |    vCg__E: 9.40 m/s
INFO    |trim                                        |    alpha: 3.65 deg
INFO    |trim                                        |    beta: 0.0100 deg
INFO    |trim                                        |    externalFX_W: 5.00 N
INFO    |trim                                        |  Objective: 0.0415
INFO    |steady_horseshoe_vortex_lattice_method      |Steady horseshoe vortex lattice method solver completed in 0.0154 s
INFO    |trim                                        |  State:
INFO    |trim                                        |    vCg__E: 9.40 m/s
INFO    |trim                                        |    alpha: 3.65 deg
INFO    |trim                                        |    beta: -1.94E-06 deg
INFO    |trim                                        |    externalFX_W: 5.01 N
INFO    |trim                                        |  Objective: 0.0416
INFO    |steady_horseshoe_vortex_lattice_method      |Steady horseshoe vortex lattice method solver completed in 0.0154 s
INFO    |trim                                        |  State:
INFO    |trim                                        |    vCg__E: 9.49 m/s
INFO    |trim                                        |    alpha: 3.61 deg
INFO    |trim                                        |    beta: -5.53E-06 deg
INFO    |trim                                        |    externalFX_W: 5.00 N
INFO    |trim                                        |  Objective: 0.0408
INFO    |steady_horseshoe_vortex_lattice_method      |Steady horseshoe vortex lattice method solver completed in 0.0154 s
INFO    |trim                                        |  State:
INFO    |trim                                        |    vCg__E: 9.50 m/s
INFO    |trim                                        |    alpha: 3.61 deg
INFO    |trim                                        |    beta: -5.53E-06 deg
INFO    |trim                                        |    externalFX_W: 5.00 N
INFO    |trim                                        |  Objective: 0.0412
INFO    |steady_horseshoe_vortex_lattice_method      |Steady horseshoe vortex lattice method solver completed in 0.0154 s
INFO    |trim                                        |  State:
INFO    |trim                                        |    vCg__E: 9.49 m/s
INFO    |trim                                        |    alpha: 3.62 deg
INFO    |trim                                        |    beta: -5.53E-06 deg
INFO    |trim                                        |    externalFX_W: 5.00 N
INFO    |trim                                        |  Objective: 0.0414
INFO    |steady_horseshoe_vortex_lattice_method      |Steady horseshoe vortex lattice method solver completed in 0.0153 s
INFO    |trim                                        |  State:
INFO    |trim                                        |    vCg__E: 9.49 m/s
INFO    |trim                                        |    alpha: 3.61 deg
INFO    |trim                                        |    beta: 0.00999 deg
INFO    |trim                                        |    externalFX_W: 5.00 N
INFO    |trim                                        |  Objective: 0.0408
INFO    |steady_horseshoe_vortex_lattice_method      |Steady horseshoe vortex lattice method solver completed in 0.0154 s
INFO    |trim                                        |  State:
INFO    |trim                                        |    vCg__E: 9.49 m/s
INFO    |trim                                        |    alpha: 3.61 deg
INFO    |trim                                        |    beta: -5.53E-06 deg
INFO    |trim                                        |    externalFX_W: 5.01 N
INFO    |trim                                        |  Objective: 0.0408
INFO    |steady_horseshoe_vortex_lattice_method      |Steady horseshoe vortex lattice method solver completed in 0.0159 s
INFO    |trim                                        |  State:
INFO    |trim                                        |    vCg__E: 9.65 m/s
INFO    |trim                                        |    alpha: 3.43 deg
INFO    |trim                                        |    beta: -8.36E-06 deg
INFO    |trim                                        |    externalFX_W: 5.00 N
INFO    |trim                                        |  Objective: 0.0361
INFO    |steady_horseshoe_vortex_lattice_method      |Steady horseshoe vortex lattice method solver completed in 0.0158 s
INFO    |trim                                        |  State:
INFO    |trim                                        |    vCg__E: 9.66 m/s
INFO    |trim                                        |    alpha: 3.43 deg
INFO    |trim                                        |    beta: -8.36E-06 deg
INFO    |trim                                        |    externalFX_W: 5.00 N
INFO    |trim                                        |  Objective: 0.0363
INFO    |steady_horseshoe_vortex_lattice_method      |Steady horseshoe vortex lattice method solver completed in 0.0158 s
INFO    |trim                                        |  State:
INFO    |trim                                        |    vCg__E: 9.65 m/s
INFO    |trim                                        |    alpha: 3.44 deg
INFO    |trim                                        |    beta: -8.36E-06 deg
INFO    |trim                                        |    externalFX_W: 5.00 N
INFO    |trim                                        |  Objective: 0.0366
INFO    |steady_horseshoe_vortex_lattice_method      |Steady horseshoe vortex lattice method solver completed in 0.0157 s
INFO    |trim                                        |  State:
INFO    |trim                                        |    vCg__E: 9.65 m/s
INFO    |trim                                        |    alpha: 3.43 deg
INFO    |trim                                        |    beta: 0.00999 deg
INFO    |trim                                        |    externalFX_W: 5.00 N
INFO    |trim                                        |  Objective: 0.0361
INFO    |steady_horseshoe_vortex_lattice_method      |Steady horseshoe vortex lattice method solver completed in 0.0158 s
INFO    |trim                                        |  State:
INFO    |trim                                        |    vCg__E: 9.65 m/s
INFO    |trim                                        |    alpha: 3.43 deg
INFO    |trim                                        |    beta: -8.36E-06 deg
INFO    |trim                                        |    externalFX_W: 5.01 N
INFO    |trim                                        |  Objective: 0.0361
INFO    |steady_horseshoe_vortex_lattice_method      |Steady horseshoe vortex lattice method solver completed in 0.0157 s
INFO    |trim                                        |  State:
INFO    |trim                                        |    vCg__E: 10.3 m/s
INFO    |trim                                        |    alpha: 2.72 deg
INFO    |trim                                        |    beta: -1.97E-05 deg
INFO    |trim                                        |    externalFX_W: 5.02 N
INFO    |trim                                        |  Objective: 0.0239
INFO    |steady_horseshoe_vortex_lattice_method      |Steady horseshoe vortex lattice method solver completed in 0.0155 s
INFO    |trim                                        |  State:
INFO    |trim                                        |    vCg__E: 10.3 m/s
INFO    |trim                                        |    alpha: 2.72 deg
INFO    |trim                                        |    beta: -1.97E-05 deg
INFO    |trim                                        |    externalFX_W: 5.02 N
INFO    |trim                                        |  Objective: 0.0235
INFO    |steady_horseshoe_vortex_lattice_method      |Steady horseshoe vortex lattice method solver completed in 0.0154 s
INFO    |trim                                        |  State:
INFO    |trim                                        |    vCg__E: 10.3 m/s
INFO    |trim                                        |    alpha: 2.73 deg
INFO    |trim                                        |    beta: -1.97E-05 deg
INFO    |trim                                        |    externalFX_W: 5.02 N
INFO    |trim                                        |  Objective: 0.0237
INFO    |steady_horseshoe_vortex_lattice_method      |Steady horseshoe vortex lattice method solver completed in 0.0154 s
INFO    |trim                                        |  State:
INFO    |trim                                        |    vCg__E: 10.3 m/s
INFO    |trim                                        |    alpha: 2.72 deg
INFO    |trim                                        |    beta: 0.00998 deg
INFO    |trim                                        |    externalFX_W: 5.02 N
INFO    |trim                                        |  Objective: 0.0239
INFO    |steady_horseshoe_vortex_lattice_method      |Steady horseshoe vortex lattice method solver completed in 0.0154 s
INFO    |trim                                        |  State:
INFO    |trim                                        |    vCg__E: 10.3 m/s
INFO    |trim                                        |    alpha: 2.72 deg
INFO    |trim                                        |    beta: -1.97E-05 deg
INFO    |trim                                        |    externalFX_W: 5.03 N
INFO    |trim                                        |  Objective: 0.0239
INFO    |steady_horseshoe_vortex_lattice_method      |Steady horseshoe vortex lattice method solver completed in 0.0157 s
INFO    |trim                                        |  State:
INFO    |trim                                        |    vCg__E: 11.4 m/s
INFO    |trim                                        |    alpha: 1.61 deg
INFO    |trim                                        |    beta: -4.30E-05 deg
INFO    |trim                                        |    externalFX_W: 5.05 N
INFO    |trim                                        |  Objective: 0.0320
INFO    |steady_horseshoe_vortex_lattice_method      |Steady horseshoe vortex lattice method solver completed in 0.0158 s
INFO    |trim                                        |  State:
INFO    |trim                                        |    vCg__E: 11.4 m/s
INFO    |trim                                        |    alpha: 1.61 deg
INFO    |trim                                        |    beta: -4.30E-05 deg
INFO    |trim                                        |    externalFX_W: 5.05 N
INFO    |trim                                        |  Objective: 0.0317
INFO    |steady_horseshoe_vortex_lattice_method      |Steady horseshoe vortex lattice method solver completed in 0.0157 s
INFO    |trim                                        |  State:
INFO    |trim                                        |    vCg__E: 11.4 m/s
INFO    |trim                                        |    alpha: 1.62 deg
INFO    |trim                                        |    beta: -4.30E-05 deg
INFO    |trim                                        |    externalFX_W: 5.05 N
INFO    |trim                                        |  Objective: 0.0312
INFO    |steady_horseshoe_vortex_lattice_method      |Steady horseshoe vortex lattice method solver completed in 0.0158 s
INFO    |trim                                        |  State:
INFO    |trim                                        |    vCg__E: 11.4 m/s
INFO    |trim                                        |    alpha: 1.61 deg
INFO    |trim                                        |    beta: 0.00996 deg
INFO    |trim                                        |    externalFX_W: 5.05 N
INFO    |trim                                        |  Objective: 0.0320
INFO    |steady_horseshoe_vortex_lattice_method      |Steady horseshoe vortex lattice method solver completed in 0.0157 s
INFO    |trim                                        |  State:
INFO    |trim                                        |    vCg__E: 11.4 m/s
INFO    |trim                                        |    alpha: 1.61 deg
INFO    |trim                                        |    beta: -4.30E-05 deg
INFO    |trim                                        |    externalFX_W: 5.06 N
INFO    |trim                                        |  Objective: 0.0320
INFO    |steady_horseshoe_vortex_lattice_method      |Steady horseshoe vortex lattice method solver completed in 0.0157 s
INFO    |trim                                        |  State:
INFO    |trim                                        |    vCg__E: 10.7 m/s
INFO    |trim                                        |    alpha: 2.30 deg
INFO    |trim                                        |    beta: -2.86E-05 deg
INFO    |trim                                        |    externalFX_W: 5.03 N
INFO    |trim                                        |  Objective: 0.0187
INFO    |steady_horseshoe_vortex_lattice_method      |Steady horseshoe vortex lattice method solver completed in 0.0194 s
INFO    |trim                                        |  State:
INFO    |trim                                        |    vCg__E: 10.7 m/s
INFO    |trim                                        |    alpha: 2.30 deg
INFO    |trim                                        |    beta: -2.86E-05 deg
INFO    |trim                                        |    externalFX_W: 5.03 N
INFO    |trim                                        |  Objective: 0.0183
INFO    |steady_horseshoe_vortex_lattice_method      |Steady horseshoe vortex lattice method solver completed in 0.0156 s
INFO    |trim                                        |  State:
INFO    |trim                                        |    vCg__E: 10.7 m/s
INFO    |trim                                        |    alpha: 2.31 deg
INFO    |trim                                        |    beta: -2.86E-05 deg
INFO    |trim                                        |    externalFX_W: 5.03 N
INFO    |trim                                        |  Objective: 0.0184
INFO    |steady_horseshoe_vortex_lattice_method      |Steady horseshoe vortex lattice method solver completed in 0.0169 s
INFO    |trim                                        |  State:
INFO    |trim                                        |    vCg__E: 10.7 m/s
INFO    |trim                                        |    alpha: 2.30 deg
INFO    |trim                                        |    beta: 0.00997 deg
INFO    |trim                                        |    externalFX_W: 5.03 N
INFO    |trim                                        |  Objective: 0.0187
INFO    |steady_horseshoe_vortex_lattice_method      |Steady horseshoe vortex lattice method solver completed in 0.0156 s
INFO    |trim                                        |  State:
INFO    |trim                                        |    vCg__E: 10.7 m/s
INFO    |trim                                        |    alpha: 2.30 deg
INFO    |trim                                        |    beta: -2.86E-05 deg
INFO    |trim                                        |    externalFX_W: 5.04 N
INFO    |trim                                        |  Objective: 0.0187
INFO    |steady_horseshoe_vortex_lattice_method      |Steady horseshoe vortex lattice method solver completed in 0.0157 s
INFO    |trim                                        |  State:
INFO    |trim                                        |    vCg__E: 11.7 m/s
INFO    |trim                                        |    alpha: 1.25 deg
INFO    |trim                                        |    beta: -0.000163 deg
INFO    |trim                                        |    externalFX_W: 5.07 N
INFO    |trim                                        |  Objective: 0.0476
INFO    |steady_horseshoe_vortex_lattice_method      |Steady horseshoe vortex lattice method solver completed in 0.0158 s
INFO    |trim                                        |  State:
INFO    |trim                                        |    vCg__E: 11.7 m/s
INFO    |trim                                        |    alpha: 1.25 deg
INFO    |trim                                        |    beta: -0.000163 deg
INFO    |trim                                        |    externalFX_W: 5.07 N
INFO    |trim                                        |  Objective: 0.0474
INFO    |steady_horseshoe_vortex_lattice_method      |Steady horseshoe vortex lattice method solver completed in 0.0159 s
INFO    |trim                                        |  State:
INFO    |trim                                        |    vCg__E: 11.7 m/s
INFO    |trim                                        |    alpha: 1.26 deg
INFO    |trim                                        |    beta: -0.000163 deg
INFO    |trim                                        |    externalFX_W: 5.07 N
INFO    |trim                                        |  Objective: 0.0469
INFO    |steady_horseshoe_vortex_lattice_method      |Steady horseshoe vortex lattice method solver completed in 0.0158 s
INFO    |trim                                        |  State:
INFO    |trim                                        |    vCg__E: 11.7 m/s
INFO    |trim                                        |    alpha: 1.25 deg
INFO    |trim                                        |    beta: 0.00984 deg
INFO    |trim                                        |    externalFX_W: 5.07 N
INFO    |trim                                        |  Objective: 0.0476
INFO    |steady_horseshoe_vortex_lattice_method      |Steady horseshoe vortex lattice method solver completed in 0.0157 s
INFO    |trim                                        |  State:
INFO    |trim                                        |    vCg__E: 11.7 m/s
INFO    |trim                                        |    alpha: 1.25 deg
INFO    |trim                                        |    beta: -0.000163 deg
INFO    |trim                                        |    externalFX_W: 5.08 N
INFO    |trim                                        |  Objective: 0.0476
INFO    |steady_horseshoe_vortex_lattice_method      |Steady horseshoe vortex lattice method solver completed in 0.0156 s
INFO    |trim                                        |  State:
INFO    |trim                                        |    vCg__E: 10.8 m/s
INFO    |trim                                        |    alpha: 2.19 deg
INFO    |trim                                        |    beta: -4.16E-05 deg
INFO    |trim                                        |    externalFX_W: 5.03 N
INFO    |trim                                        |  Objective: 0.0176
INFO    |steady_horseshoe_vortex_lattice_method      |Steady horseshoe vortex lattice method solver completed in 0.0159 s
INFO    |trim                                        |  State:
INFO    |trim                                        |    vCg__E: 10.8 m/s
INFO    |trim                                        |    alpha: 2.19 deg
INFO    |trim                                        |    beta: -4.16E-05 deg
INFO    |trim                                        |    externalFX_W: 5.03 N
INFO    |trim                                        |  Objective: 0.0173
INFO    |steady_horseshoe_vortex_lattice_method      |Steady horseshoe vortex lattice method solver completed in 0.0158 s
INFO    |trim                                        |  State:
INFO    |trim                                        |    vCg__E: 10.8 m/s
INFO    |trim                                        |    alpha: 2.20 deg
INFO    |trim                                        |    beta: -4.16E-05 deg
INFO    |trim                                        |    externalFX_W: 5.03 N
INFO    |trim                                        |  Objective: 0.0174
INFO    |steady_horseshoe_vortex_lattice_method      |Steady horseshoe vortex lattice method solver completed in 0.0157 s
INFO    |trim                                        |  State:
INFO    |trim                                        |    vCg__E: 10.8 m/s
INFO    |trim                                        |    alpha: 2.19 deg
INFO    |trim                                        |    beta: 0.00996 deg
INFO    |trim                                        |    externalFX_W: 5.03 N
INFO    |trim                                        |  Objective: 0.0176
INFO    |steady_horseshoe_vortex_lattice_method      |Steady horseshoe vortex lattice method solver completed in 0.0154 s
INFO    |trim                                        |  State:
INFO    |trim                                        |    vCg__E: 10.8 m/s
INFO    |trim                                        |    alpha: 2.19 deg
INFO    |trim                                        |    beta: -4.16E-05 deg
INFO    |trim                                        |    externalFX_W: 5.04 N
INFO    |trim                                        |  Objective: 0.0176
INFO    |steady_horseshoe_vortex_lattice_method      |Steady horseshoe vortex lattice method solver completed in 0.0154 s
INFO    |trim                                        |  State:
INFO    |trim                                        |    vCg__E: 11.3 m/s
INFO    |trim                                        |    alpha: 1.73 deg
INFO    |trim                                        |    beta: -0.000102 deg
INFO    |trim                                        |    externalFX_W: 5.05 N
INFO    |trim                                        |  Objective: 0.0267
INFO    |steady_horseshoe_vortex_lattice_method      |Steady horseshoe vortex lattice method solver completed in 0.0154 s
INFO    |trim                                        |  State:
INFO    |trim                                        |    vCg__E: 11.3 m/s
INFO    |trim                                        |    alpha: 1.73 deg
INFO    |trim                                        |    beta: -0.000102 deg
INFO    |trim                                        |    externalFX_W: 5.05 N
INFO    |trim                                        |  Objective: 0.0264
INFO    |steady_horseshoe_vortex_lattice_method      |Steady horseshoe vortex lattice method solver completed in 0.0168 s
INFO    |trim                                        |  State:
INFO    |trim                                        |    vCg__E: 11.3 m/s
INFO    |trim                                        |    alpha: 1.74 deg
INFO    |trim                                        |    beta: -0.000102 deg
INFO    |trim                                        |    externalFX_W: 5.05 N
INFO    |trim                                        |  Objective: 0.0260
INFO    |steady_horseshoe_vortex_lattice_method      |Steady horseshoe vortex lattice method solver completed in 0.0164 s
INFO    |trim                                        |  State:
INFO    |trim                                        |    vCg__E: 11.3 m/s
INFO    |trim                                        |    alpha: 1.73 deg
INFO    |trim                                        |    beta: 0.00990 deg
INFO    |trim                                        |    externalFX_W: 5.05 N
INFO    |trim                                        |  Objective: 0.0267
INFO    |steady_horseshoe_vortex_lattice_method      |Steady horseshoe vortex lattice method solver completed in 0.0164 s
INFO    |trim                                        |  State:
INFO    |trim                                        |    vCg__E: 11.3 m/s
INFO    |trim                                        |    alpha: 1.73 deg
INFO    |trim                                        |    beta: -0.000102 deg
INFO    |trim                                        |    externalFX_W: 5.06 N
INFO    |trim                                        |  Objective: 0.0267
INFO    |steady_horseshoe_vortex_lattice_method      |Steady horseshoe vortex lattice method solver completed in 0.0154 s
INFO    |trim                                        |  State:
INFO    |trim                                        |    vCg__E: 10.9 m/s
INFO    |trim                                        |    alpha: 2.13 deg
INFO    |trim                                        |    beta: -5.03E-05 deg
INFO    |trim                                        |    externalFX_W: 5.04 N
INFO    |trim                                        |  Objective: 0.0169
INFO    |steady_horseshoe_vortex_lattice_method      |Steady horseshoe vortex lattice method solver completed in 0.0154 s
INFO    |trim                                        |  State:
INFO    |trim                                        |    vCg__E: 10.9 m/s
INFO    |trim                                        |    alpha: 2.13 deg
INFO    |trim                                        |    beta: -5.03E-05 deg
INFO    |trim                                        |    externalFX_W: 5.04 N
INFO    |trim                                        |  Objective: 0.0166
INFO    |steady_horseshoe_vortex_lattice_method      |Steady horseshoe vortex lattice method solver completed in 0.0153 s
INFO    |trim                                        |  State:
INFO    |trim                                        |    vCg__E: 10.9 m/s
INFO    |trim                                        |    alpha: 2.14 deg
INFO    |trim                                        |    beta: -5.03E-05 deg
INFO    |trim                                        |    externalFX_W: 5.04 N
INFO    |trim                                        |  Objective: 0.0167
INFO    |steady_horseshoe_vortex_lattice_method      |Steady horseshoe vortex lattice method solver completed in 0.0153 s
INFO    |trim                                        |  State:
INFO    |trim                                        |    vCg__E: 10.9 m/s
INFO    |trim                                        |    alpha: 2.13 deg
INFO    |trim                                        |    beta: 0.00995 deg
INFO    |trim                                        |    externalFX_W: 5.04 N
INFO    |trim                                        |  Objective: 0.0169
INFO    |steady_horseshoe_vortex_lattice_method      |Steady horseshoe vortex lattice method solver completed in 0.0153 s
INFO    |trim                                        |  State:
INFO    |trim                                        |    vCg__E: 10.9 m/s
INFO    |trim                                        |    alpha: 2.13 deg
INFO    |trim                                        |    beta: -5.03E-05 deg
INFO    |trim                                        |    externalFX_W: 5.05 N
INFO    |trim                                        |  Objective: 0.0170
INFO    |steady_horseshoe_vortex_lattice_method      |Steady horseshoe vortex lattice method solver completed in 0.0163 s
INFO    |trim                                        |  State:
INFO    |trim                                        |    vCg__E: 11.9 m/s
INFO    |trim                                        |    alpha: 1.09 deg
INFO    |trim                                        |    beta: -0.000350 deg
INFO    |trim                                        |    externalFX_W: 5.07 N
INFO    |trim                                        |  Objective: 0.0548
INFO    |steady_horseshoe_vortex_lattice_method      |Steady horseshoe vortex lattice method solver completed in 0.0164 s
INFO    |trim                                        |  State:
INFO    |trim                                        |    vCg__E: 11.9 m/s
INFO    |trim                                        |    alpha: 1.09 deg
INFO    |trim                                        |    beta: -0.000350 deg
INFO    |trim                                        |    externalFX_W: 5.07 N
INFO    |trim                                        |  Objective: 0.0546
INFO    |steady_horseshoe_vortex_lattice_method      |Steady horseshoe vortex lattice method solver completed in 0.0164 s
INFO    |trim                                        |  State:
INFO    |trim                                        |    vCg__E: 11.9 m/s
INFO    |trim                                        |    alpha: 1.10 deg
INFO    |trim                                        |    beta: -0.000350 deg
INFO    |trim                                        |    externalFX_W: 5.07 N
INFO    |trim                                        |  Objective: 0.0541
INFO    |steady_horseshoe_vortex_lattice_method      |Steady horseshoe vortex lattice method solver completed in 0.0162 s
INFO    |trim                                        |  State:
INFO    |trim                                        |    vCg__E: 11.9 m/s
INFO    |trim                                        |    alpha: 1.09 deg
INFO    |trim                                        |    beta: 0.00965 deg
INFO    |trim                                        |    externalFX_W: 5.07 N
INFO    |trim                                        |  Objective: 0.0548
INFO    |steady_horseshoe_vortex_lattice_method      |Steady horseshoe vortex lattice method solver completed in 0.0166 s
INFO    |trim                                        |  State:
INFO    |trim                                        |    vCg__E: 11.9 m/s
INFO    |trim                                        |    alpha: 1.09 deg
INFO    |trim                                        |    beta: -0.000350 deg
INFO    |trim                                        |    externalFX_W: 5.08 N
INFO    |trim                                        |  Objective: 0.0548
INFO    |steady_horseshoe_vortex_lattice_method      |Steady horseshoe vortex lattice method solver completed in 0.0160 s
INFO    |trim                                        |  State:
INFO    |trim                                        |    vCg__E: 10.9 m/s
INFO    |trim                                        |    alpha: 2.06 deg
INFO    |trim                                        |    beta: -6.91E-05 deg
INFO    |trim                                        |    externalFX_W: 5.04 N
INFO    |trim                                        |  Objective: 0.0163
INFO    |steady_horseshoe_vortex_lattice_method      |Steady horseshoe vortex lattice method solver completed in 0.0155 s
INFO    |trim                                        |  State:
INFO    |trim                                        |    vCg__E: 10.9 m/s
INFO    |trim                                        |    alpha: 2.06 deg
INFO    |trim                                        |    beta: -6.91E-05 deg
INFO    |trim                                        |    externalFX_W: 5.04 N
INFO    |trim                                        |  Objective: 0.0160
INFO    |steady_horseshoe_vortex_lattice_method      |Steady horseshoe vortex lattice method solver completed in 0.0154 s
INFO    |trim                                        |  State:
INFO    |trim                                        |    vCg__E: 10.9 m/s
INFO    |trim                                        |    alpha: 2.07 deg
INFO    |trim                                        |    beta: -6.91E-05 deg
INFO    |trim                                        |    externalFX_W: 5.04 N
INFO    |trim                                        |  Objective: 0.0161
INFO    |steady_horseshoe_vortex_lattice_method      |Steady horseshoe vortex lattice method solver completed in 0.0153 s
INFO    |trim                                        |  State:
INFO    |trim                                        |    vCg__E: 10.9 m/s
INFO    |trim                                        |    alpha: 2.06 deg
INFO    |trim                                        |    beta: 0.00993 deg
INFO    |trim                                        |    externalFX_W: 5.04 N
INFO    |trim                                        |  Objective: 0.0163
INFO    |steady_horseshoe_vortex_lattice_method      |Steady horseshoe vortex lattice method solver completed in 0.0154 s
INFO    |trim                                        |  State:
INFO    |trim                                        |    vCg__E: 10.9 m/s
INFO    |trim                                        |    alpha: 2.06 deg
INFO    |trim                                        |    beta: -6.91E-05 deg
INFO    |trim                                        |    externalFX_W: 5.05 N
INFO    |trim                                        |  Objective: 0.0163
INFO    |steady_horseshoe_vortex_lattice_method      |Steady horseshoe vortex lattice method solver completed in 0.0154 s
INFO    |trim                                        |  State:
INFO    |trim                                        |    vCg__E: 11.3 m/s
INFO    |trim                                        |    alpha: 1.75 deg
INFO    |trim                                        |    beta: -0.000160 deg
INFO    |trim                                        |    externalFX_W: 5.05 N
INFO    |trim                                        |  Objective: 0.0257
INFO    |steady_horseshoe_vortex_lattice_method      |Steady horseshoe vortex lattice method solver completed in 0.0154 s
INFO    |trim                                        |  State:
INFO    |trim                                        |    vCg__E: 11.3 m/s
INFO    |trim                                        |    alpha: 1.75 deg
INFO    |trim                                        |    beta: -0.000160 deg
INFO    |trim                                        |    externalFX_W: 5.05 N
INFO    |trim                                        |  Objective: 0.0254
INFO    |steady_horseshoe_vortex_lattice_method      |Steady horseshoe vortex lattice method solver completed in 0.0157 s
INFO    |trim                                        |  State:
INFO    |trim                                        |    vCg__E: 11.3 m/s
INFO    |trim                                        |    alpha: 1.76 deg
INFO    |trim                                        |    beta: -0.000160 deg
INFO    |trim                                        |    externalFX_W: 5.05 N
INFO    |trim                                        |  Objective: 0.0250
INFO    |steady_horseshoe_vortex_lattice_method      |Steady horseshoe vortex lattice method solver completed in 0.0155 s
INFO    |trim                                        |  State:
INFO    |trim                                        |    vCg__E: 11.3 m/s
INFO    |trim                                        |    alpha: 1.75 deg
INFO    |trim                                        |    beta: 0.00984 deg
INFO    |trim                                        |    externalFX_W: 5.05 N
INFO    |trim                                        |  Objective: 0.0257
INFO    |steady_horseshoe_vortex_lattice_method      |Steady horseshoe vortex lattice method solver completed in 0.0154 s
INFO    |trim                                        |  State:
INFO    |trim                                        |    vCg__E: 11.3 m/s
INFO    |trim                                        |    alpha: 1.75 deg
INFO    |trim                                        |    beta: -0.000160 deg
INFO    |trim                                        |    externalFX_W: 5.06 N
INFO    |trim                                        |  Objective: 0.0257
INFO    |steady_horseshoe_vortex_lattice_method      |Steady horseshoe vortex lattice method solver completed in 0.0154 s
INFO    |trim                                        |  State:
INFO    |trim                                        |    vCg__E: 11.0 m/s
INFO    |trim                                        |    alpha: 2.04 deg
INFO    |trim                                        |    beta: -7.58E-05 deg
INFO    |trim                                        |    externalFX_W: 5.04 N
INFO    |trim                                        |  Objective: 0.0161
INFO    |steady_horseshoe_vortex_lattice_method      |Steady horseshoe vortex lattice method solver completed in 0.0154 s
INFO    |trim                                        |  State:
INFO    |trim                                        |    vCg__E: 11.0 m/s
INFO    |trim                                        |    alpha: 2.04 deg
INFO    |trim                                        |    beta: -7.58E-05 deg
INFO    |trim                                        |    externalFX_W: 5.04 N
INFO    |trim                                        |  Objective: 0.0158
INFO    |steady_horseshoe_vortex_lattice_method      |Steady horseshoe vortex lattice method solver completed in 0.0155 s
INFO    |trim                                        |  State:
INFO    |trim                                        |    vCg__E: 11.0 m/s
INFO    |trim                                        |    alpha: 2.05 deg
INFO    |trim                                        |    beta: -7.58E-05 deg
INFO    |trim                                        |    externalFX_W: 5.04 N
INFO    |trim                                        |  Objective: 0.0159
INFO    |steady_horseshoe_vortex_lattice_method      |Steady horseshoe vortex lattice method solver completed in 0.0155 s
INFO    |trim                                        |  State:
INFO    |trim                                        |    vCg__E: 11.0 m/s
INFO    |trim                                        |    alpha: 2.04 deg
INFO    |trim                                        |    beta: 0.00992 deg
INFO    |trim                                        |    externalFX_W: 5.04 N
INFO    |trim                                        |  Objective: 0.0161
INFO    |steady_horseshoe_vortex_lattice_method      |Steady horseshoe vortex lattice method solver completed in 0.0154 s
INFO    |trim                                        |  State:
INFO    |trim                                        |    vCg__E: 11.0 m/s
INFO    |trim                                        |    alpha: 2.04 deg
INFO    |trim                                        |    beta: -7.58E-05 deg
INFO    |trim                                        |    externalFX_W: 5.05 N
INFO    |trim                                        |  Objective: 0.0161
INFO    |steady_horseshoe_vortex_lattice_method      |Steady horseshoe vortex lattice method solver completed in 0.0155 s
INFO    |trim                                        |  State:
INFO    |trim                                        |    vCg__E: 11.1 m/s
INFO    |trim                                        |    alpha: 1.91 deg
INFO    |trim                                        |    beta: -0.000112 deg
INFO    |trim                                        |    externalFX_W: 5.04 N
INFO    |trim                                        |  Objective: 0.0188
INFO    |steady_horseshoe_vortex_lattice_method      |Steady horseshoe vortex lattice method solver completed in 0.0153 s
INFO    |trim                                        |  State:
INFO    |trim                                        |    vCg__E: 11.1 m/s
INFO    |trim                                        |    alpha: 1.91 deg
INFO    |trim                                        |    beta: -0.000112 deg
INFO    |trim                                        |    externalFX_W: 5.04 N
INFO    |trim                                        |  Objective: 0.0185
INFO    |steady_horseshoe_vortex_lattice_method      |Steady horseshoe vortex lattice method solver completed in 0.0154 s
INFO    |trim                                        |  State:
INFO    |trim                                        |    vCg__E: 11.1 m/s
INFO    |trim                                        |    alpha: 1.92 deg
INFO    |trim                                        |    beta: -0.000112 deg
INFO    |trim                                        |    externalFX_W: 5.04 N
INFO    |trim                                        |  Objective: 0.0181
INFO    |steady_horseshoe_vortex_lattice_method      |Steady horseshoe vortex lattice method solver completed in 0.0153 s
INFO    |trim                                        |  State:
INFO    |trim                                        |    vCg__E: 11.1 m/s
INFO    |trim                                        |    alpha: 1.91 deg
INFO    |trim                                        |    beta: 0.00989 deg
INFO    |trim                                        |    externalFX_W: 5.04 N
INFO    |trim                                        |  Objective: 0.0188
INFO    |steady_horseshoe_vortex_lattice_method      |Steady horseshoe vortex lattice method solver completed in 0.0156 s
INFO    |trim                                        |  State:
INFO    |trim                                        |    vCg__E: 11.1 m/s
INFO    |trim                                        |    alpha: 1.91 deg
INFO    |trim                                        |    beta: -0.000112 deg
INFO    |trim                                        |    externalFX_W: 5.05 N
INFO    |trim                                        |  Objective: 0.0188
INFO    |steady_horseshoe_vortex_lattice_method      |Steady horseshoe vortex lattice method solver completed in 0.0154 s
INFO    |trim                                        |  State:
INFO    |trim                                        |    vCg__E: 11.0 m/s
INFO    |trim                                        |    alpha: 2.03 deg
INFO    |trim                                        |    beta: -7.98E-05 deg
INFO    |trim                                        |    externalFX_W: 5.04 N
INFO    |trim                                        |  Objective: 0.0160
INFO    |steady_horseshoe_vortex_lattice_method      |Steady horseshoe vortex lattice method solver completed in 0.0154 s
INFO    |trim                                        |  State:
INFO    |trim                                        |    vCg__E: 11.0 m/s
INFO    |trim                                        |    alpha: 2.03 deg
INFO    |trim                                        |    beta: -7.98E-05 deg
INFO    |trim                                        |    externalFX_W: 5.04 N
INFO    |trim                                        |  Objective: 0.0157
INFO    |steady_horseshoe_vortex_lattice_method      |Steady horseshoe vortex lattice method solver completed in 0.0154 s
INFO    |trim                                        |  State:
INFO    |trim                                        |    vCg__E: 11.0 m/s
INFO    |trim                                        |    alpha: 2.04 deg
INFO    |trim                                        |    beta: -7.98E-05 deg
INFO    |trim                                        |    externalFX_W: 5.04 N
INFO    |trim                                        |  Objective: 0.0158
INFO    |steady_horseshoe_vortex_lattice_method      |Steady horseshoe vortex lattice method solver completed in 0.0153 s
INFO    |trim                                        |  State:
INFO    |trim                                        |    vCg__E: 11.0 m/s
INFO    |trim                                        |    alpha: 2.03 deg
INFO    |trim                                        |    beta: 0.00992 deg
INFO    |trim                                        |    externalFX_W: 5.04 N
INFO    |trim                                        |  Objective: 0.0160
INFO    |steady_horseshoe_vortex_lattice_method      |Steady horseshoe vortex lattice method solver completed in 0.0153 s
INFO    |trim                                        |  State:
INFO    |trim                                        |    vCg__E: 11.0 m/s
INFO    |trim                                        |    alpha: 2.03 deg
INFO    |trim                                        |    beta: -7.98E-05 deg
INFO    |trim                                        |    externalFX_W: 5.05 N
INFO    |trim                                        |  Objective: 0.0160
INFO    |steady_horseshoe_vortex_lattice_method      |Steady horseshoe vortex lattice method solver completed in 0.0153 s
INFO    |trim                                        |  State:
INFO    |trim                                        |    vCg__E: 11.0 m/s
INFO    |trim                                        |    alpha: 1.95 deg
INFO    |trim                                        |    beta: -0.000101 deg
INFO    |trim                                        |    externalFX_W: 5.04 N
INFO    |trim                                        |  Objective: 0.0173
INFO    |steady_horseshoe_vortex_lattice_method      |Steady horseshoe vortex lattice method solver completed in 0.0156 s
INFO    |trim                                        |  State:
INFO    |trim                                        |    vCg__E: 11.1 m/s
INFO    |trim                                        |    alpha: 1.95 deg
INFO    |trim                                        |    beta: -0.000101 deg
INFO    |trim                                        |    externalFX_W: 5.04 N
INFO    |trim                                        |  Objective: 0.0170
INFO    |steady_horseshoe_vortex_lattice_method      |Steady horseshoe vortex lattice method solver completed in 0.0154 s
INFO    |trim                                        |  State:
INFO    |trim                                        |    vCg__E: 11.0 m/s
INFO    |trim                                        |    alpha: 1.96 deg
INFO    |trim                                        |    beta: -0.000101 deg
INFO    |trim                                        |    externalFX_W: 5.04 N
INFO    |trim                                        |  Objective: 0.0166
INFO    |steady_horseshoe_vortex_lattice_method      |Steady horseshoe vortex lattice method solver completed in 0.0155 s
INFO    |trim                                        |  State:
INFO    |trim                                        |    vCg__E: 11.0 m/s
INFO    |trim                                        |    alpha: 1.95 deg
INFO    |trim                                        |    beta: 0.00990 deg
INFO    |trim                                        |    externalFX_W: 5.04 N
INFO    |trim                                        |  Objective: 0.0173
INFO    |steady_horseshoe_vortex_lattice_method      |Steady horseshoe vortex lattice method solver completed in 0.0153 s
INFO    |trim                                        |  State:
INFO    |trim                                        |    vCg__E: 11.0 m/s
INFO    |trim                                        |    alpha: 1.95 deg
INFO    |trim                                        |    beta: -0.000101 deg
INFO    |trim                                        |    externalFX_W: 5.05 N
INFO    |trim                                        |  Objective: 0.0173
INFO    |steady_horseshoe_vortex_lattice_method      |Steady horseshoe vortex lattice method solver completed in 0.0154 s
INFO    |trim                                        |  State:
INFO    |trim                                        |    vCg__E: 11.0 m/s
INFO    |trim                                        |    alpha: 2.01 deg
INFO    |trim                                        |    beta: -8.28E-05 deg
INFO    |trim                                        |    externalFX_W: 5.04 N
INFO    |trim                                        |  Objective: 0.0159
INFO    |steady_horseshoe_vortex_lattice_method      |Steady horseshoe vortex lattice method solver completed in 0.0154 s
INFO    |trim                                        |  State:
INFO    |trim                                        |    vCg__E: 11.0 m/s
INFO    |trim                                        |    alpha: 2.01 deg
INFO    |trim                                        |    beta: -8.28E-05 deg
INFO    |trim                                        |    externalFX_W: 5.04 N
INFO    |trim                                        |  Objective: 0.0156
INFO    |steady_horseshoe_vortex_lattice_method      |Steady horseshoe vortex lattice method solver completed in 0.0154 s
INFO    |trim                                        |  State:
INFO    |trim                                        |    vCg__E: 11.0 m/s
INFO    |trim                                        |    alpha: 2.02 deg
INFO    |trim                                        |    beta: -8.28E-05 deg
INFO    |trim                                        |    externalFX_W: 5.04 N
INFO    |trim                                        |  Objective: 0.0157
INFO    |steady_horseshoe_vortex_lattice_method      |Steady horseshoe vortex lattice method solver completed in 0.0156 s
INFO    |trim                                        |  State:
INFO    |trim                                        |    vCg__E: 11.0 m/s
INFO    |trim                                        |    alpha: 2.01 deg
INFO    |trim                                        |    beta: 0.00992 deg
INFO    |trim                                        |    externalFX_W: 5.04 N
INFO    |trim                                        |  Objective: 0.0159
INFO    |steady_horseshoe_vortex_lattice_method      |Steady horseshoe vortex lattice method solver completed in 0.0154 s
INFO    |trim                                        |  State:
INFO    |trim                                        |    vCg__E: 11.0 m/s
INFO    |trim                                        |    alpha: 2.01 deg
INFO    |trim                                        |    beta: -8.28E-05 deg
INFO    |trim                                        |    externalFX_W: 5.05 N
INFO    |trim                                        |  Objective: 0.0159
INFO    |steady_horseshoe_vortex_lattice_method      |Steady horseshoe vortex lattice method solver completed in 0.0154 s
INFO    |trim                                        |  State:
INFO    |trim                                        |    vCg__E: 11.0 m/s
INFO    |trim                                        |    alpha: 1.97 deg
INFO    |trim                                        |    beta: -9.47E-05 deg
INFO    |trim                                        |    externalFX_W: 5.04 N
INFO    |trim                                        |  Objective: 0.0165
INFO    |steady_horseshoe_vortex_lattice_method      |Steady horseshoe vortex lattice method solver completed in 0.0154 s
INFO    |trim                                        |  State:
INFO    |trim                                        |    vCg__E: 11.0 m/s
INFO    |trim                                        |    alpha: 1.97 deg
INFO    |trim                                        |    beta: -9.47E-05 deg
INFO    |trim                                        |    externalFX_W: 5.04 N
INFO    |trim                                        |  Objective: 0.0162
INFO    |steady_horseshoe_vortex_lattice_method      |Steady horseshoe vortex lattice method solver completed in 0.0154 s
INFO    |trim                                        |  State:
INFO    |trim                                        |    vCg__E: 11.0 m/s
INFO    |trim                                        |    alpha: 1.98 deg
INFO    |trim                                        |    beta: -9.47E-05 deg
INFO    |trim                                        |    externalFX_W: 5.04 N
INFO    |trim                                        |  Objective: 0.0158
INFO    |steady_horseshoe_vortex_lattice_method      |Steady horseshoe vortex lattice method solver completed in 0.0154 s
INFO    |trim                                        |  State:
INFO    |trim                                        |    vCg__E: 11.0 m/s
INFO    |trim                                        |    alpha: 1.97 deg
INFO    |trim                                        |    beta: 0.00991 deg
INFO    |trim                                        |    externalFX_W: 5.04 N
INFO    |trim                                        |  Objective: 0.0165
INFO    |steady_horseshoe_vortex_lattice_method      |Steady horseshoe vortex lattice method solver completed in 0.0154 s
INFO    |trim                                        |  State:
INFO    |trim                                        |    vCg__E: 11.0 m/s
INFO    |trim                                        |    alpha: 1.97 deg
INFO    |trim                                        |    beta: -9.47E-05 deg
INFO    |trim                                        |    externalFX_W: 5.05 N
INFO    |trim                                        |  Objective: 0.0165
INFO    |steady_horseshoe_vortex_lattice_method      |Steady horseshoe vortex lattice method solver completed in 0.0155 s
INFO    |trim                                        |  State:
INFO    |trim                                        |    vCg__E: 11.0 m/s
INFO    |trim                                        |    alpha: 2.01 deg
INFO    |trim                                        |    beta: -8.52E-05 deg
INFO    |trim                                        |    externalFX_W: 5.04 N
INFO    |trim                                        |  Objective: 0.0158
INFO    |steady_horseshoe_vortex_lattice_method      |Steady horseshoe vortex lattice method solver completed in 0.0156 s
INFO    |trim                                        |  State:
INFO    |trim                                        |    vCg__E: 11.0 m/s
INFO    |trim                                        |    alpha: 2.01 deg
INFO    |trim                                        |    beta: -8.52E-05 deg
INFO    |trim                                        |    externalFX_W: 5.04 N
INFO    |trim                                        |  Objective: 0.0155
INFO    |steady_horseshoe_vortex_lattice_method      |Steady horseshoe vortex lattice method solver completed in 0.0154 s
INFO    |trim                                        |  State:
INFO    |trim                                        |    vCg__E: 11.0 m/s
INFO    |trim                                        |    alpha: 2.02 deg
INFO    |trim                                        |    beta: -8.52E-05 deg
INFO    |trim                                        |    externalFX_W: 5.04 N
INFO    |trim                                        |  Objective: 0.0156
INFO    |steady_horseshoe_vortex_lattice_method      |Steady horseshoe vortex lattice method solver completed in 0.0154 s
INFO    |trim                                        |  State:
INFO    |trim                                        |    vCg__E: 11.0 m/s
INFO    |trim                                        |    alpha: 2.01 deg
INFO    |trim                                        |    beta: 0.00991 deg
INFO    |trim                                        |    externalFX_W: 5.04 N
INFO    |trim                                        |  Objective: 0.0158
INFO    |steady_horseshoe_vortex_lattice_method      |Steady horseshoe vortex lattice method solver completed in 0.0154 s
INFO    |trim                                        |  State:
INFO    |trim                                        |    vCg__E: 11.0 m/s
INFO    |trim                                        |    alpha: 2.01 deg
INFO    |trim                                        |    beta: -8.52E-05 deg
INFO    |trim                                        |    externalFX_W: 5.05 N
INFO    |trim                                        |  Objective: 0.0158
INFO    |steady_horseshoe_vortex_lattice_method      |Steady horseshoe vortex lattice method solver completed in 0.0158 s
INFO    |trim                                        |  State:
INFO    |trim                                        |    vCg__E: 12.0 m/s
INFO    |trim                                        |    alpha: 1.00 deg
INFO    |trim                                        |    beta: -0.00271 deg
INFO    |trim                                        |    externalFX_W: 5.07 N
INFO    |trim                                        |  Objective: 0.0584
INFO    |steady_horseshoe_vortex_lattice_method      |Steady horseshoe vortex lattice method solver completed in 0.0153 s
INFO    |trim                                        |  State:
INFO    |trim                                        |    vCg__E: 12.0 m/s
INFO    |trim                                        |    alpha: 1.00 deg
INFO    |trim                                        |    beta: -0.00271 deg
INFO    |trim                                        |    externalFX_W: 5.07 N
INFO    |trim                                        |  Objective: 0.0582
INFO    |steady_horseshoe_vortex_lattice_method      |Steady horseshoe vortex lattice method solver completed in 0.0154 s
INFO    |trim                                        |  State:
INFO    |trim                                        |    vCg__E: 12.0 m/s
INFO    |trim                                        |    alpha: 1.01 deg
INFO    |trim                                        |    beta: -0.00271 deg
INFO    |trim                                        |    externalFX_W: 5.07 N
INFO    |trim                                        |  Objective: 0.0577
INFO    |steady_horseshoe_vortex_lattice_method      |Steady horseshoe vortex lattice method solver completed in 0.0155 s
INFO    |trim                                        |  State:
INFO    |trim                                        |    vCg__E: 12.0 m/s
INFO    |trim                                        |    alpha: 1.00 deg
INFO    |trim                                        |    beta: 0.00729 deg
INFO    |trim                                        |    externalFX_W: 5.07 N
INFO    |trim                                        |  Objective: 0.0584
INFO    |steady_horseshoe_vortex_lattice_method      |Steady horseshoe vortex lattice method solver completed in 0.0156 s
INFO    |trim                                        |  State:
INFO    |trim                                        |    vCg__E: 12.0 m/s
INFO    |trim                                        |    alpha: 1.00 deg
INFO    |trim                                        |    beta: -0.00271 deg
INFO    |trim                                        |    externalFX_W: 5.08 N
INFO    |trim                                        |  Objective: 0.0584
INFO    |steady_horseshoe_vortex_lattice_method      |Steady horseshoe vortex lattice method solver completed in 0.0154 s
INFO    |trim                                        |  State:
INFO    |trim                                        |    vCg__E: 11.0 m/s
INFO    |trim                                        |    alpha: 1.96 deg
INFO    |trim                                        |    beta: -0.000215 deg
INFO    |trim                                        |    externalFX_W: 5.04 N
INFO    |trim                                        |  Objective: 0.0171
INFO    |steady_horseshoe_vortex_lattice_method      |Steady horseshoe vortex lattice method solver completed in 0.0153 s
INFO    |trim                                        |  State:
INFO    |trim                                        |    vCg__E: 11.1 m/s
INFO    |trim                                        |    alpha: 1.96 deg
INFO    |trim                                        |    beta: -0.000215 deg
INFO    |trim                                        |    externalFX_W: 5.04 N
INFO    |trim                                        |  Objective: 0.0168
INFO    |steady_horseshoe_vortex_lattice_method      |Steady horseshoe vortex lattice method solver completed in 0.0154 s
INFO    |trim                                        |  State:
INFO    |trim                                        |    vCg__E: 11.0 m/s
INFO    |trim                                        |    alpha: 1.97 deg
INFO    |trim                                        |    beta: -0.000215 deg
INFO    |trim                                        |    externalFX_W: 5.04 N
INFO    |trim                                        |  Objective: 0.0164
INFO    |steady_horseshoe_vortex_lattice_method      |Steady horseshoe vortex lattice method solver completed in 0.0154 s
INFO    |trim                                        |  State:
INFO    |trim                                        |    vCg__E: 11.0 m/s
INFO    |trim                                        |    alpha: 1.96 deg
INFO    |trim                                        |    beta: 0.00978 deg
INFO    |trim                                        |    externalFX_W: 5.04 N
INFO    |trim                                        |  Objective: 0.0171
INFO    |steady_horseshoe_vortex_lattice_method      |Steady horseshoe vortex lattice method solver completed in 0.0153 s
INFO    |trim                                        |  State:
INFO    |trim                                        |    vCg__E: 11.0 m/s
INFO    |trim                                        |    alpha: 1.96 deg
INFO    |trim                                        |    beta: -0.000215 deg
INFO    |trim                                        |    externalFX_W: 5.05 N
INFO    |trim                                        |  Objective: 0.0171
INFO    |steady_horseshoe_vortex_lattice_method      |Steady horseshoe vortex lattice method solver completed in 0.0155 s
INFO    |trim                                        |  State:
INFO    |trim                                        |    vCg__E: 11.0 m/s
INFO    |trim                                        |    alpha: 2.00 deg
INFO    |trim                                        |    beta: -9.65E-05 deg
INFO    |trim                                        |    externalFX_W: 5.04 N
INFO    |trim                                        |  Objective: 0.0158
INFO    |steady_horseshoe_vortex_lattice_method      |Steady horseshoe vortex lattice method solver completed in 0.0154 s
INFO    |trim                                        |  State:
INFO    |trim                                        |    vCg__E: 11.0 m/s
INFO    |trim                                        |    alpha: 2.00 deg
INFO    |trim                                        |    beta: -9.65E-05 deg
INFO    |trim                                        |    externalFX_W: 5.04 N
INFO    |trim                                        |  Objective: 0.0155
INFO    |steady_horseshoe_vortex_lattice_method      |Steady horseshoe vortex lattice method solver completed in 0.0154 s
INFO    |trim                                        |  State:
INFO    |trim                                        |    vCg__E: 11.0 m/s
INFO    |trim                                        |    alpha: 2.01 deg
INFO    |trim                                        |    beta: -9.65E-05 deg
INFO    |trim                                        |    externalFX_W: 5.04 N
INFO    |trim                                        |  Objective: 0.0155
INFO    |steady_horseshoe_vortex_lattice_method      |Steady horseshoe vortex lattice method solver completed in 0.0154 s
INFO    |trim                                        |  State:
INFO    |trim                                        |    vCg__E: 11.0 m/s
INFO    |trim                                        |    alpha: 2.00 deg
INFO    |trim                                        |    beta: 0.00990 deg
INFO    |trim                                        |    externalFX_W: 5.04 N
INFO    |trim                                        |  Objective: 0.0158
INFO    |steady_horseshoe_vortex_lattice_method      |Steady horseshoe vortex lattice method solver completed in 0.0154 s
INFO    |trim                                        |  State:
INFO    |trim                                        |    vCg__E: 11.0 m/s
INFO    |trim                                        |    alpha: 2.00 deg
INFO    |trim                                        |    beta: -9.65E-05 deg
INFO    |trim                                        |    externalFX_W: 5.05 N
INFO    |trim                                        |  Objective: 0.0158
INFO    |steady_horseshoe_vortex_lattice_method      |Steady horseshoe vortex lattice method solver completed in 0.0154 s
INFO    |trim                                        |  State:
INFO    |trim                                        |    vCg__E: 11.0 m/s
INFO    |trim                                        |    alpha: 1.98 deg
INFO    |trim                                        |    beta: -0.000160 deg
INFO    |trim                                        |    externalFX_W: 5.04 N
INFO    |trim                                        |  Objective: 0.0163
INFO    |steady_horseshoe_vortex_lattice_method      |Steady horseshoe vortex lattice method solver completed in 0.0155 s
INFO    |trim                                        |  State:
INFO    |trim                                        |    vCg__E: 11.0 m/s
INFO    |trim                                        |    alpha: 1.98 deg
INFO    |trim                                        |    beta: -0.000160 deg
INFO    |trim                                        |    externalFX_W: 5.04 N
INFO    |trim                                        |  Objective: 0.0160
INFO    |steady_horseshoe_vortex_lattice_method      |Steady horseshoe vortex lattice method solver completed in 0.0154 s
INFO    |trim                                        |  State:
INFO    |trim                                        |    vCg__E: 11.0 m/s
INFO    |trim                                        |    alpha: 1.99 deg
INFO    |trim                                        |    beta: -0.000160 deg
INFO    |trim                                        |    externalFX_W: 5.04 N
INFO    |trim                                        |  Objective: 0.0156
INFO    |steady_horseshoe_vortex_lattice_method      |Steady horseshoe vortex lattice method solver completed in 0.0155 s
INFO    |trim                                        |  State:
INFO    |trim                                        |    vCg__E: 11.0 m/s
INFO    |trim                                        |    alpha: 1.98 deg
INFO    |trim                                        |    beta: 0.00984 deg
INFO    |trim                                        |    externalFX_W: 5.04 N
INFO    |trim                                        |  Objective: 0.0163
INFO    |steady_horseshoe_vortex_lattice_method      |Steady horseshoe vortex lattice method solver completed in 0.0154 s
INFO    |trim                                        |  State:
INFO    |trim                                        |    vCg__E: 11.0 m/s
INFO    |trim                                        |    alpha: 1.98 deg
INFO    |trim                                        |    beta: -0.000160 deg
INFO    |trim                                        |    externalFX_W: 5.05 N
INFO    |trim                                        |  Objective: 0.0163
INFO    |steady_horseshoe_vortex_lattice_method      |Steady horseshoe vortex lattice method solver completed in 0.0154 s
INFO    |trim                                        |  State:
INFO    |trim                                        |    vCg__E: 11.0 m/s
INFO    |trim                                        |    alpha: 2.00 deg
INFO    |trim                                        |    beta: -0.000104 deg
INFO    |trim                                        |    externalFX_W: 5.04 N
INFO    |trim                                        |  Objective: 0.0157
INFO    |steady_horseshoe_vortex_lattice_method      |Steady horseshoe vortex lattice method solver completed in 0.0153 s
INFO    |trim                                        |  State:
INFO    |trim                                        |    vCg__E: 11.0 m/s
INFO    |trim                                        |    alpha: 2.00 deg
INFO    |trim                                        |    beta: -0.000104 deg
INFO    |trim                                        |    externalFX_W: 5.04 N
INFO    |trim                                        |  Objective: 0.0154
INFO    |steady_horseshoe_vortex_lattice_method      |Steady horseshoe vortex lattice method solver completed in 0.0153 s
INFO    |trim                                        |  State:
INFO    |trim                                        |    vCg__E: 11.0 m/s
INFO    |trim                                        |    alpha: 2.01 deg
INFO    |trim                                        |    beta: -0.000104 deg
INFO    |trim                                        |    externalFX_W: 5.04 N
INFO    |trim                                        |  Objective: 0.0155
INFO    |steady_horseshoe_vortex_lattice_method      |Steady horseshoe vortex lattice method solver completed in 0.0153 s
INFO    |trim                                        |  State:
INFO    |trim                                        |    vCg__E: 11.0 m/s
INFO    |trim                                        |    alpha: 2.00 deg
INFO    |trim                                        |    beta: 0.00990 deg
INFO    |trim                                        |    externalFX_W: 5.04 N
INFO    |trim                                        |  Objective: 0.0157
INFO    |steady_horseshoe_vortex_lattice_method      |Steady horseshoe vortex lattice method solver completed in 0.0153 s
INFO    |trim                                        |  State:
INFO    |trim                                        |    vCg__E: 11.0 m/s
INFO    |trim                                        |    alpha: 2.00 deg
INFO    |trim                                        |    beta: -0.000104 deg
INFO    |trim                                        |    externalFX_W: 5.05 N
INFO    |trim                                        |  Objective: 0.0157
INFO    |steady_horseshoe_vortex_lattice_method      |Steady horseshoe vortex lattice method solver completed in 0.0155 s
INFO    |trim                                        |  State:
INFO    |trim                                        |    vCg__E: 11.0 m/s
INFO    |trim                                        |    alpha: 1.98 deg
INFO    |trim                                        |    beta: -0.000141 deg
INFO    |trim                                        |    externalFX_W: 5.04 N
INFO    |trim                                        |  Objective: 0.0160
INFO    |steady_horseshoe_vortex_lattice_method      |Steady horseshoe vortex lattice method solver completed in 0.0154 s
INFO    |trim                                        |  State:
INFO    |trim                                        |    vCg__E: 11.0 m/s
INFO    |trim                                        |    alpha: 1.98 deg
INFO    |trim                                        |    beta: -0.000141 deg
INFO    |trim                                        |    externalFX_W: 5.04 N
INFO    |trim                                        |  Objective: 0.0157
INFO    |steady_horseshoe_vortex_lattice_method      |Steady horseshoe vortex lattice method solver completed in 0.0154 s
INFO    |trim                                        |  State:
INFO    |trim                                        |    vCg__E: 11.0 m/s
INFO    |trim                                        |    alpha: 1.99 deg
INFO    |trim                                        |    beta: -0.000141 deg
INFO    |trim                                        |    externalFX_W: 5.04 N
INFO    |trim                                        |  Objective: 0.0154
INFO    |steady_horseshoe_vortex_lattice_method      |Steady horseshoe vortex lattice method solver completed in 0.0153 s
INFO    |trim                                        |  State:
INFO    |trim                                        |    vCg__E: 11.0 m/s
INFO    |trim                                        |    alpha: 1.98 deg
INFO    |trim                                        |    beta: 0.00986 deg
INFO    |trim                                        |    externalFX_W: 5.04 N
INFO    |trim                                        |  Objective: 0.0160
INFO    |steady_horseshoe_vortex_lattice_method      |Steady horseshoe vortex lattice method solver completed in 0.0154 s
INFO    |trim                                        |  State:
INFO    |trim                                        |    vCg__E: 11.0 m/s
INFO    |trim                                        |    alpha: 1.98 deg
INFO    |trim                                        |    beta: -0.000141 deg
INFO    |trim                                        |    externalFX_W: 5.05 N
INFO    |trim                                        |  Objective: 0.0160
INFO    |steady_horseshoe_vortex_lattice_method      |Steady horseshoe vortex lattice method solver completed in 0.0155 s
INFO    |trim                                        |  State:
INFO    |trim                                        |    vCg__E: 11.0 m/s
INFO    |trim                                        |    alpha: 2.00 deg
INFO    |trim                                        |    beta: -0.000108 deg
INFO    |trim                                        |    externalFX_W: 5.04 N
INFO    |trim                                        |  Objective: 0.0157
INFO    |steady_horseshoe_vortex_lattice_method      |Steady horseshoe vortex lattice method solver completed in 0.0154 s
INFO    |trim                                        |  State:
INFO    |trim                                        |    vCg__E: 11.0 m/s
INFO    |trim                                        |    alpha: 2.00 deg
INFO    |trim                                        |    beta: -0.000108 deg
INFO    |trim                                        |    externalFX_W: 5.04 N
INFO    |trim                                        |  Objective: 0.0154
INFO    |steady_horseshoe_vortex_lattice_method      |Steady horseshoe vortex lattice method solver completed in 0.0153 s
INFO    |trim                                        |  State:
INFO    |trim                                        |    vCg__E: 11.0 m/s
INFO    |trim                                        |    alpha: 2.01 deg
INFO    |trim                                        |    beta: -0.000108 deg
INFO    |trim                                        |    externalFX_W: 5.04 N
INFO    |trim                                        |  Objective: 0.0155
INFO    |steady_horseshoe_vortex_lattice_method      |Steady horseshoe vortex lattice method solver completed in 0.0155 s
INFO    |trim                                        |  State:
INFO    |trim                                        |    vCg__E: 11.0 m/s
INFO    |trim                                        |    alpha: 2.00 deg
INFO    |trim                                        |    beta: 0.00989 deg
INFO    |trim                                        |    externalFX_W: 5.04 N
INFO    |trim                                        |  Objective: 0.0157
INFO    |steady_horseshoe_vortex_lattice_method      |Steady horseshoe vortex lattice method solver completed in 0.0155 s
INFO    |trim                                        |  State:
INFO    |trim                                        |    vCg__E: 11.0 m/s
INFO    |trim                                        |    alpha: 2.00 deg
INFO    |trim                                        |    beta: -0.000108 deg
INFO    |trim                                        |    externalFX_W: 5.05 N
INFO    |trim                                        |  Objective: 0.0157
INFO    |steady_horseshoe_vortex_lattice_method      |Steady horseshoe vortex lattice method solver completed in 0.0154 s
INFO    |trim                                        |  State:
INFO    |trim                                        |    vCg__E: 11.0 m/s
INFO    |trim                                        |    alpha: 1.99 deg
INFO    |trim                                        |    beta: -0.000130 deg
INFO    |trim                                        |    externalFX_W: 5.04 N
INFO    |trim                                        |  Objective: 0.0158
INFO    |steady_horseshoe_vortex_lattice_method      |Steady horseshoe vortex lattice method solver completed in 0.0153 s
INFO    |trim                                        |  State:
INFO    |trim                                        |    vCg__E: 11.0 m/s
INFO    |trim                                        |    alpha: 1.99 deg
INFO    |trim                                        |    beta: -0.000130 deg
INFO    |trim                                        |    externalFX_W: 5.04 N
INFO    |trim                                        |  Objective: 0.0155
INFO    |steady_horseshoe_vortex_lattice_method      |Steady horseshoe vortex lattice method solver completed in 0.0153 s
INFO    |trim                                        |  State:
INFO    |trim                                        |    vCg__E: 11.0 m/s
INFO    |trim                                        |    alpha: 2.00 deg
INFO    |trim                                        |    beta: -0.000130 deg
INFO    |trim                                        |    externalFX_W: 5.04 N
INFO    |trim                                        |  Objective: 0.0154
INFO    |steady_horseshoe_vortex_lattice_method      |Steady horseshoe vortex lattice method solver completed in 0.0153 s
INFO    |trim                                        |  State:
INFO    |trim                                        |    vCg__E: 11.0 m/s
INFO    |trim                                        |    alpha: 1.99 deg
INFO    |trim                                        |    beta: 0.00987 deg
INFO    |trim                                        |    externalFX_W: 5.04 N
INFO    |trim                                        |  Objective: 0.0158
INFO    |steady_horseshoe_vortex_lattice_method      |Steady horseshoe vortex lattice method solver completed in 0.0153 s
INFO    |trim                                        |  State:
INFO    |trim                                        |    vCg__E: 11.0 m/s
INFO    |trim                                        |    alpha: 1.99 deg
INFO    |trim                                        |    beta: -0.000130 deg
INFO    |trim                                        |    externalFX_W: 5.05 N
INFO    |trim                                        |  Objective: 0.0158
INFO    |steady_horseshoe_vortex_lattice_method      |Steady horseshoe vortex lattice method solver completed in 0.0153 s
INFO    |trim                                        |  State:
INFO    |trim                                        |    vCg__E: 11.0 m/s
INFO    |trim                                        |    alpha: 2.00 deg
INFO    |trim                                        |    beta: -0.000111 deg
INFO    |trim                                        |    externalFX_W: 5.04 N
INFO    |trim                                        |  Objective: 0.0157
INFO    |steady_horseshoe_vortex_lattice_method      |Steady horseshoe vortex lattice method solver completed in 0.0152 s
INFO    |trim                                        |  State:
INFO    |trim                                        |    vCg__E: 11.0 m/s
INFO    |trim                                        |    alpha: 2.00 deg
INFO    |trim                                        |    beta: -0.000111 deg
INFO    |trim                                        |    externalFX_W: 5.04 N
INFO    |trim                                        |  Objective: 0.0154
INFO    |steady_horseshoe_vortex_lattice_method      |Steady horseshoe vortex lattice method solver completed in 0.0153 s
INFO    |trim                                        |  State:
INFO    |trim                                        |    vCg__E: 11.0 m/s
INFO    |trim                                        |    alpha: 2.01 deg
INFO    |trim                                        |    beta: -0.000111 deg
INFO    |trim                                        |    externalFX_W: 5.04 N
INFO    |trim                                        |  Objective: 0.0155
INFO    |steady_horseshoe_vortex_lattice_method      |Steady horseshoe vortex lattice method solver completed in 0.0153 s
INFO    |trim                                        |  State:
INFO    |trim                                        |    vCg__E: 11.0 m/s
INFO    |trim                                        |    alpha: 2.00 deg
INFO    |trim                                        |    beta: 0.00989 deg
INFO    |trim                                        |    externalFX_W: 5.04 N
INFO    |trim                                        |  Objective: 0.0157
INFO    |steady_horseshoe_vortex_lattice_method      |Steady horseshoe vortex lattice method solver completed in 0.0153 s
INFO    |trim                                        |  State:
INFO    |trim                                        |    vCg__E: 11.0 m/s
INFO    |trim                                        |    alpha: 2.00 deg
INFO    |trim                                        |    beta: -0.000111 deg
INFO    |trim                                        |    externalFX_W: 5.05 N
INFO    |trim                                        |  Objective: 0.0157
INFO    |steady_horseshoe_vortex_lattice_method      |Steady horseshoe vortex lattice method solver completed in 0.0153 s
INFO    |trim                                        |  State:
INFO    |trim                                        |    vCg__E: 11.0 m/s
INFO    |trim                                        |    alpha: 1.99 deg
INFO    |trim                                        |    beta: -0.000123 deg
INFO    |trim                                        |    externalFX_W: 5.04 N
INFO    |trim                                        |  Objective: 0.0157
INFO    |steady_horseshoe_vortex_lattice_method      |Steady horseshoe vortex lattice method solver completed in 0.0152 s
INFO    |trim                                        |  State:
INFO    |trim                                        |    vCg__E: 11.0 m/s
INFO    |trim                                        |    alpha: 1.99 deg
INFO    |trim                                        |    beta: -0.000123 deg
INFO    |trim                                        |    externalFX_W: 5.04 N
INFO    |trim                                        |  Objective: 0.0154
INFO    |steady_horseshoe_vortex_lattice_method      |Steady horseshoe vortex lattice method solver completed in 0.0153 s
INFO    |trim                                        |  State:
INFO    |trim                                        |    vCg__E: 11.0 m/s
INFO    |trim                                        |    alpha: 2.00 deg
INFO    |trim                                        |    beta: -0.000123 deg
INFO    |trim                                        |    externalFX_W: 5.04 N
INFO    |trim                                        |  Objective: 0.0154
INFO    |steady_horseshoe_vortex_lattice_method      |Steady horseshoe vortex lattice method solver completed in 0.0153 s
INFO    |trim                                        |  State:
INFO    |trim                                        |    vCg__E: 11.0 m/s
INFO    |trim                                        |    alpha: 1.99 deg
INFO    |trim                                        |    beta: 0.00988 deg
INFO    |trim                                        |    externalFX_W: 5.04 N
INFO    |trim                                        |  Objective: 0.0157
INFO    |steady_horseshoe_vortex_lattice_method      |Steady horseshoe vortex lattice method solver completed in 0.0153 s
INFO    |trim                                        |  State:
INFO    |trim                                        |    vCg__E: 11.0 m/s
INFO    |trim                                        |    alpha: 1.99 deg
INFO    |trim                                        |    beta: -0.000123 deg
INFO    |trim                                        |    externalFX_W: 5.05 N
INFO    |trim                                        |  Objective: 0.0157
INFO    |steady_horseshoe_vortex_lattice_method      |Steady horseshoe vortex lattice method solver completed in 0.0153 s
INFO    |trim                                        |  State:
INFO    |trim                                        |    vCg__E: 11.0 m/s
INFO    |trim                                        |    alpha: 1.98 deg
INFO    |trim                                        |    beta: -0.000471 deg
INFO    |trim                                        |    externalFX_W: 5.04 N
INFO    |trim                                        |  Objective: 0.0153
INFO    |steady_horseshoe_vortex_lattice_method      |Steady horseshoe vortex lattice method solver completed in 0.0153 s
INFO    |trim                                        |  State:
INFO    |trim                                        |    vCg__E: 11.1 m/s
INFO    |trim                                        |    alpha: 1.98 deg
INFO    |trim                                        |    beta: -0.000471 deg
INFO    |trim                                        |    externalFX_W: 5.04 N
INFO    |trim                                        |  Objective: 0.0150
INFO    |steady_horseshoe_vortex_lattice_method      |Steady horseshoe vortex lattice method solver completed in 0.0153 s
INFO    |trim                                        |  State:
INFO    |trim                                        |    vCg__E: 11.0 m/s
INFO    |trim                                        |    alpha: 1.99 deg
INFO    |trim                                        |    beta: -0.000471 deg
INFO    |trim                                        |    externalFX_W: 5.04 N
INFO    |trim                                        |  Objective: 0.0146
INFO    |steady_horseshoe_vortex_lattice_method      |Steady horseshoe vortex lattice method solver completed in 0.0156 s
INFO    |trim                                        |  State:
INFO    |trim                                        |    vCg__E: 11.0 m/s
INFO    |trim                                        |    alpha: 1.98 deg
INFO    |trim                                        |    beta: 0.00953 deg
INFO    |trim                                        |    externalFX_W: 5.04 N
INFO    |trim                                        |  Objective: 0.0153
INFO    |steady_horseshoe_vortex_lattice_method      |Steady horseshoe vortex lattice method solver completed in 0.0154 s
INFO    |trim                                        |  State:
INFO    |trim                                        |    vCg__E: 11.0 m/s
INFO    |trim                                        |    alpha: 1.98 deg
INFO    |trim                                        |    beta: -0.000471 deg
INFO    |trim                                        |    externalFX_W: 5.05 N
INFO    |trim                                        |  Objective: 0.0153
INFO    |steady_horseshoe_vortex_lattice_method      |Steady horseshoe vortex lattice method solver completed in 0.0208 s
INFO    |trim                                        |  State:
INFO    |trim                                        |    vCg__E: 11.7 m/s
INFO    |trim                                        |    alpha: 1.98 deg
INFO    |trim                                        |    beta: -0.00925 deg
INFO    |trim                                        |    externalFX_W: 5.03 N
INFO    |trim                                        |  Objective: 0.00457
INFO    |trim                                        |Acceptable value reached with local search
INFO    |trim                                        |Trim analysis completed in 3.88 s
